path	directory	primary_area	topics	git_blob
src/Agent/acceleratormap.cpp	Agent	simulation	handles,lifetime,relations,jass	bf27efabfe820b33f77823c8acba302c15d10003
src/Agent/acceleratormap.h	Agent	simulation	handles,lifetime,relations,jass	7ec701c92ee00045d3bfaf3413aa428656303e12
src/Agent/acceleratormap_returntopool.cpp	Agent	simulation	handles,lifetime,relations,jass	09dc3c8044317d04dd193d4e23e053b1738fdcde
src/Agent/agent.cpp	Agent	simulation	handles,lifetime,relations,jass	03c0dbc918e7394fdb70e5b0aa8f6379adf0bde4
src/Agent/agent.h	Agent	simulation	handles,lifetime,relations,jass	f6847da6452bc6bd5bb3e27116aa5feb8e6aa666
src/Agent/agent_bighandlers.cpp	Agent	simulation	handles,lifetime,relations,jass	9742adabf2a2bfe6c6f466da57eb09ea33480309
src/Agent/agent_ctor.cpp	Agent	simulation	handles,lifetime,relations,jass	d2012a96e04f79e21a53ffcbfe2d7b504f29d5d2
src/Agent/agent_deleteself.cpp	Agent	simulation	handles,lifetime,relations,jass	0378c0b0c538cfabc881a5b355a11e252ee06d49
src/Agent/agent_dtor.cpp	Agent	simulation	handles,lifetime,relations,jass	fe70cc8e35feacbd3be09d3275627abb7e1bf4cd
src/Agent/agent_handlers.cpp	Agent	simulation	handles,lifetime,relations,jass	0fbadfd17dd4d1ffc909d98add1293e084cb0325
src/Agent/agent_load.cpp	Agent	simulation	handles,lifetime,relations,jass	c690084161ff2786c02a9bdb2a4c7e0b1bf12f27
src/Agent/agent_notify.cpp	Agent	simulation	handles,lifetime,relations,jass	4844e45579e32b70b2c6ceb585a28fd23de71a7d
src/Agent/agent_payload.cpp	Agent	simulation	handles,lifetime,relations,jass	792ae1a62fdbdd032818f5e641ab7d2152d0b708
src/Agent/agent_releaseself.cpp	Agent	simulation	handles,lifetime,relations,jass	190a0ad5e034d76caa8881d3e0ed29f1f29441f6
src/Agent/agent_save.cpp	Agent	simulation	handles,lifetime,relations,jass	eb870e35cd4126a3c9f2f8f02ee5ead6b578de37
src/Agent/agent_selfobserverpost.cpp	Agent	simulation	handles,lifetime,relations,jass	7caec2375990d77cdc65ae0b2e140d294214d784
src/Agent/agent_slot18.cpp	Agent	simulation	handles,lifetime,relations,jass	d08606bb6b3bd9a1757ad42dae4278079c21afa0
src/Agent/agent_slot20.cpp	Agent	simulation	handles,lifetime,relations,jass	2d85bb4e3fb36097fae4fe8e6bd1e632879b8901
src/Agent/agent_slot21.cpp	Agent	simulation	handles,lifetime,relations,jass	8b6c2e3721c68052890ad87e347d393479c7251e
src/Agent/agent_slot5c.cpp	Agent	simulation	handles,lifetime,relations,jass	cf39d7bf718b782e85bec9b5ac4af24b53e674f6
src/Agent/agent_writehandlepair.cpp	Agent	simulation	handles,lifetime,relations,jass	220b8c4a0a514abeb0a35321dca0ed7c70f34282
src/Agent/agent_writequery.cpp	Agent	simulation	handles,lifetime,relations,jass	00b067a1e10dbc786e12561738b363b5f8d651d9
src/Agent/agentbaseabs_related.h	Agent	simulation	handles,lifetime,relations,jass	8a2b9d7e455e20bef90e72f7670259dd55338fcd
src/Agent/agentbaseabs_relatedaccessors.cpp	Agent	simulation	handles,lifetime,relations,jass	1ed3555757275b025424f8b563ea80ad771c1fbf
src/Agent/agentbaseabs_slot3.cpp	Agent	simulation	handles,lifetime,relations,jass	7e04f4d6aba68af642c222fe9607acd7b890a90d
src/Agent/agentbaseabs_slot3_callees.cpp	Agent	simulation	handles,lifetime,relations,jass	18a6d226336afa81e909348c8afb686da1f06c77
src/Agent/agentbaseabscomputechecksum.cpp	Agent	simulation	handles,lifetime,relations,jass	63a9cd32d950fb1e732b61f6d2a26f9164531f13
src/Agent/agentbaseabsdebugdump.cpp	Agent	simulation	handles,lifetime,relations,jass	9c84b1bcd30a1ea8a65854dc755c903c164d5231
src/Agent/agentbaseabseventbinding.cpp	Agent	simulation	handles,lifetime,relations,jass	0242e7a957a08df62b1a8bc18303587496c85b6a
src/Agent/agentbaseabsload.cpp	Agent	simulation	handles,lifetime,relations,jass	d1e056f0d0a68dceda093172a0b9190d5c01537e
src/Agent/agentbaseabsloadrelationlink.cpp	Agent	simulation	handles,lifetime,relations,jass	1184b6fdd51b7bbc1134214f1a5bc5f792847ee8
src/Agent/agentbaseabsnotify.cpp	Agent	simulation	handles,lifetime,relations,jass	98980ec28067b152b79927dfe3424fba4e4ba901
src/Agent/agentbaseabsorderdispatch.cpp	Agent	simulation	handles,lifetime,relations,jass	6f60685fe3f4500ae82e4423833f9d5b0293b6c8
src/Agent/agentbaseabsrelatedcascade.cpp	Agent	simulation	handles,lifetime,relations,jass	611cdab26197dc228e9473548b505fe8c03f6ef2
src/Agent/agentbaseabsrelatedtable.cpp	Agent	simulation	handles,lifetime,relations,jass	b076816e3a46d0e7c3c073e86f22597210bfc7a0
src/Agent/agentbaseabsrelationlist9c.cpp	Agent	simulation	handles,lifetime,relations,jass	6de88ef92eee80ecc071d7ac7726f92e3e6e8dda
src/Agent/agentbaseabsrelationlist_other.cpp	Agent	simulation	handles,lifetime,relations,jass	288fe99e102b9efd026ac81a8bbc288f98c6a8e9
src/Agent/agentbaseabsrelationlistac.cpp	Agent	simulation	handles,lifetime,relations,jass	6d8a69831c71e25781294b97d142ebdf68a4810e
src/Agent/agentbaseabsrelationlists.cpp	Agent	simulation	handles,lifetime,relations,jass	ade5a47b7947a2013f3c8be069c057d314699f35
src/Agent/agentbaseabsrelationlists.h	Agent	simulation	handles,lifetime,relations,jass	92a453e635f8887a7b6b40edc5397784ce369cac
src/Agent/agentbaseabssave.cpp	Agent	simulation	handles,lifetime,relations,jass	26f7677629e5a93f607aded40883fafe0c42d0a3
src/Agent/agentbaseabsslot17.cpp	Agent	simulation	handles,lifetime,relations,jass	2fc3885d9a5504ba4a11a3c5c461d3f1b7fc0c08
src/Agent/agentbaseabssubmitevent.cpp	Agent	simulation	handles,lifetime,relations,jass	5b41747361570e66e1c675c3ba7bbd5923f1a298
src/Agent/agentbasechain_staticpools.cpp	Agent	simulation	handles,lifetime,relations,jass	893d626230960c51b588bff98eb7413769e8c7a0
src/Agent/agentbasechain_staticpools.h	Agent	simulation	handles,lifetime,relations,jass	55df81fdf0a0eb5320256d9ef4637b0a8519126c
src/Agent/agentbasefixedpoolheader.cpp	Agent	simulation	handles,lifetime,relations,jass	b35983c76c2a3c62aa4f18ce00bba1225ed25b90
src/Agent/agentdaynight.cpp	Agent	simulation	handles,lifetime,relations,jass	ada83ad2816a948faaf3a014b0b82d2f23cb55ac
src/Agent/agentdefaults.cpp	Agent	simulation	handles,lifetime,relations,jass	a25d449b77fc497cad2c1dc70a7b4befc7679e3c
src/Agent/agenteventbinding.cpp	Agent	simulation	handles,lifetime,relations,jass	3ff49d34fbef579c90bdd093c4e4e567fd0a3c05
src/Agent/agenteventbinding.h	Agent	simulation	handles,lifetime,relations,jass	f1004d6420b8aec158b13704cb785c685c489048
src/Agent/agenteventbinding_thunks.cpp	Agent	simulation	handles,lifetime,relations,jass	18c5da62c36af7c9154f5369ad2d88cbf4183d0d
src/Agent/agenteventrouter.cpp	Agent	simulation	handles,lifetime,relations,jass	d6be09991221a9783c1043b5ccfaa25be1b41d07
src/Agent/agenteventvisit.cpp	Agent	simulation	handles,lifetime,relations,jass	5500b8b2618a919a79fade23ed2bde79ab401147
src/Agent/agentfield.h	Agent	simulation	handles,lifetime,relations,jass	bea88878c498e3578a041a9e79a83f80b9eeb388
src/Agent/agentfield_core.cpp	Agent	simulation	handles,lifetime,relations,jass	f80c1b6dc259b37590fd40a388ede8fe7fe9fcf9
src/Agent/agentfield_deleteself.cpp	Agent	simulation	handles,lifetime,relations,jass	1938e0f3bf9d9860dde164ab5013963fb4858155
src/Agent/agenthandlelive.cpp	Agent	simulation	handles,lifetime,relations,jass	6f8673c2e3c9a87db92e17e64a3267c364274340
src/Agent/agentliveinstancelist.cpp	Agent	simulation	handles,lifetime,relations,jass	5f3dad2cd67389dfa80611e82d374b80fd4776f8
src/Agent/agentliveinstancelist.h	Agent	simulation	handles,lifetime,relations,jass	a74fc4a3d1b886863aff50d14c1f38bb625ebe7b
src/Agent/agentnotifytarget.cpp	Agent	simulation	handles,lifetime,relations,jass	7d8c511f1f97ebba04b0a667508301fdfc9bc780
src/Agent/agentptrarray.cpp	Agent	simulation	handles,lifetime,relations,jass	0044dd31552bbd5344fe418bbcc46100e0843676
src/Agent/agentptrarray_assign.cpp	Agent	simulation	handles,lifetime,relations,jass	077d34de0daecd162af94f0d5a8663bb8bc81e9a
src/Agent/agentptrarray_resize.cpp	Agent	simulation	handles,lifetime,relations,jass	54179a73bbd117c4a4201f98998d37eb39ea16e2
src/Agent/agentquery.cpp	Agent	simulation	handles,lifetime,relations,jass	fb3b06bb3fbb4ea9c6c977681d81545e02603607
src/Agent/agentquery.h	Agent	simulation	handles,lifetime,relations,jass	70810a5569db2a4e3f86855b4c760897b9d985a3
src/Agent/agentquery_dtor.cpp	Agent	simulation	handles,lifetime,relations,jass	2eca1b751bb0121ff19df735647cae7e4ed06b03
src/Agent/agentquerycell.cpp	Agent	simulation	handles,lifetime,relations,jass	eb344eb94e4ae4624f4dd914285d21b8ea2a143d
src/Agent/agentquerycollect.cpp	Agent	simulation	handles,lifetime,relations,jass	be9519ea938f8f9f0555571dabfbcc1b8f87f7c5
src/Agent/agentquerydispatch.cpp	Agent	simulation	handles,lifetime,relations,jass	1609fcacc50370220a5668e8ff9a87d465690b9c
src/Agent/agentqueryentries.cpp	Agent	simulation	handles,lifetime,relations,jass	87abbd8848d5ad3166c82c1757b1d3c98fde394b
src/Agent/agentqueryenumerate.cpp	Agent	simulation	handles,lifetime,relations,jass	c905fe65455e4e0aff86fad67ec0ff5dfb3a0a77
src/Agent/agentqueryrect.cpp	Agent	simulation	handles,lifetime,relations,jass	dec42c9d19e5ae62627509ae082f639cd76e63e8
src/Agent/agentref.h	Agent	simulation	handles,lifetime,relations,jass	cdb0b35ae80ec417f9c4dcf24ebb1a1839cbe574
src/Agent/agentreffield54.cpp	Agent	simulation	handles,lifetime,relations,jass	e858d2e296110900442df26761161ff8ad2917c8
src/Agent/agentrefread.cpp	Agent	simulation	handles,lifetime,relations,jass	ec8558f2ef2d4a3bc4bbe864d147e466537ce7bd
src/Agent/agentrefresolve.cpp	Agent	simulation	handles,lifetime,relations,jass	bf1f195a0ff044658906fdfc86a373767b67043e
src/Agent/agentregistry.cpp	Agent	simulation	handles,lifetime,relations,jass	7c915ff720970d3b6cd56e0669c14141a4efd098
src/Agent/agentregistry.h	Agent	simulation	handles,lifetime,relations,jass	2c49a2283e2b67a5f31f7d5fe96de711d37dfb79
src/Agent/agentregistrysingleton.cpp	Agent	simulation	handles,lifetime,relations,jass	ce1cd9c37b05b60538a0939e9ea1facd90529a0b
src/Agent/agentregistrysingleton.h	Agent	simulation	handles,lifetime,relations,jass	5e464444b6c548f9b483cc423d676d095817d47b
src/Agent/agentrelation.h	Agent	simulation	handles,lifetime,relations,jass	0fa24433451c48c7e76f9b4cee3058561bd5e7e9
src/Agent/agentrelation_dtor.cpp	Agent	simulation	handles,lifetime,relations,jass	f0380815fc6e6c08e05ef1aa3463c142e3e4f126
src/Agent/agentrelation_gettypename.cpp	Agent	simulation	handles,lifetime,relations,jass	7d163d0328ab5d32e22fc7939d1a82e3dcd74853
src/Agent/agentrelation_returntopool.cpp	Agent	simulation	handles,lifetime,relations,jass	8961382b6e913a46d0b9a6dfb3b17966701ad64f
src/Agent/agentrelationattach.cpp	Agent	simulation	handles,lifetime,relations,jass	1118d382484c00c8a65ebdad9bd5341f281179fc
src/Agent/agentrelationattachendpointb.cpp	Agent	simulation	handles,lifetime,relations,jass	d5ec3e315864b5ea8fdbc461ed2d0f667f31e425
src/Agent/agentrelationattarget.cpp	Agent	simulation	handles,lifetime,relations,jass	e1bbd88445f921732ec620c57056f05cc6e6d676
src/Agent/agentrelationbreak.cpp	Agent	simulation	handles,lifetime,relations,jass	8251d50ccd9a5639a795a2d861e70f721bffb87f
src/Agent/agentrelationchannel.cpp	Agent	simulation	handles,lifetime,relations,jass	477e8dfdd3479eca80e166b434793a56458fa0b0
src/Agent/agentrelationdetach.cpp	Agent	simulation	handles,lifetime,relations,jass	ee2a861bc78d4a2f2d3b425db2a7087b0ff49733
src/Agent/agentrelationdetachboth.cpp	Agent	simulation	handles,lifetime,relations,jass	3f88d42aaa895439c94f861bfe6841f47f1def80
src/Agent/agentrelationdrive.cpp	Agent	simulation	handles,lifetime,relations,jass	f23a8d9a4a8890d67429d065309a5a267d2b44f5
src/Agent/agentrelationdrivefields.cpp	Agent	simulation	handles,lifetime,relations,jass	cd064a2ed2154705b228bd5f363d3ebb4e3c903a
src/Agent/agentrelationestablish.cpp	Agent	simulation	handles,lifetime,relations,jass	d355e7e080eac5820cb0c9532d8c615bce72cde3
src/Agent/agentrelationevents.cpp	Agent	simulation	handles,lifetime,relations,jass	34ae71426ba08a02ba7f235b2458dfaf63b4e5b6
src/Agent/agentrelationlink.cpp	Agent	simulation	handles,lifetime,relations,jass	c00c9fe90c3e3e2485cc57cf8fe540499f0602dd
src/Agent/agentrelationloadendpointslot.cpp	Agent	simulation	handles,lifetime,relations,jass	3cdaf2a5baa77e8ae8f1538ecab4e54b1ed14c00
src/Agent/agentrelationloadlinkref.cpp	Agent	simulation	handles,lifetime,relations,jass	a673569647e09b0de7579d93b00a17a43ce91048
src/Agent/agentrelationrebuildsyncrecord.cpp	Agent	simulation	handles,lifetime,relations,jass	e8cc2ea80c99b79eb79b44ea3ea12f1d21da8a1a
src/Agent/agentrelationrecompute.cpp	Agent	simulation	handles,lifetime,relations,jass	ea793d2105b3fb6f9ebc919b990b3bc2daf038d1
src/Agent/agentrelationregistration.cpp	Agent	simulation	handles,lifetime,relations,jass	4c945ce60f7675ccfe4279c906e3a5d7b7146f51
src/Agent/agentrelationresample.cpp	Agent	simulation	handles,lifetime,relations,jass	61bc581af93d473ad0e4d43723d14a1449a7299c
src/Agent/agentrelationsaveendpointslot.cpp	Agent	simulation	handles,lifetime,relations,jass	8395b003c17575f7d26da9de8ee3850b76a3b853
src/Agent/agentrelationsavelinkref.cpp	Agent	simulation	handles,lifetime,relations,jass	bf47031b7c7d2c3fd967d5c1f47a40fded04e376
src/Agent/agentrelationsavelinkrefindirect.cpp	Agent	simulation	handles,lifetime,relations,jass	b99f84dd7b9a79a37234d3bce3ef4a9366840da0
src/Agent/agentrelationsyncload.cpp	Agent	simulation	handles,lifetime,relations,jass	3ee66fd5113bdbd246b450191cc853f4e053a01d
src/Agent/agentrelationsyncsave.cpp	Agent	simulation	handles,lifetime,relations,jass	edc59378ab08eb9d82f4c603f675ad28b0ff8257
src/Agent/agentrelationteardown.cpp	Agent	simulation	handles,lifetime,relations,jass	01934759c372701320801e9e0e6057121f1093b3
src/Agent/agentrelationwritesyncrecord.cpp	Agent	simulation	handles,lifetime,relations,jass	c72dd423cef70f505ebb050c5db943b965e2462a
src/Agent/agentsettrackedtarget.cpp	Agent	simulation	handles,lifetime,relations,jass	7175ca287dd5495b818b0b19673640e0e73f3986
src/Agent/agentslot5cgate.cpp	Agent	simulation	handles,lifetime,relations,jass	4f1d0b01368f305adaab6664470602c9ebe6870b
src/Agent/agentsubjectfields.cpp	Agent	simulation	handles,lifetime,relations,jass	5d0d1e8e3f6b3c922891e3b354f74b2675dc72c5
src/Agent/agentsubjectfields.h	Agent	simulation	handles,lifetime,relations,jass	8c669be454de4e9ace4e1631cd392de5899c42e9
src/Agent/agenttickrelay.h	Agent	simulation	handles,lifetime,relations,jass	5e7de25e73affc0f08fd116b2d12f18c116a09bf
src/Agent/agenttickrelay_fireglobalevent.cpp	Agent	simulation	handles,lifetime,relations,jass	70c03d59c2c5e584ca5fb82231600cc1d911cf57
src/Agent/agenttickrelay_handle.cpp	Agent	simulation	handles,lifetime,relations,jass	3d19cbb10a37cf9f0222aeca98d06ab4c91b9934
src/Agent/agenttickrelay_pending.cpp	Agent	simulation	handles,lifetime,relations,jass	522c408c8d294313803d238951767512db761d86
src/Agent/agenttickrelay_tick.cpp	Agent	simulation	handles,lifetime,relations,jass	e7df5d7827b65a508755974a6dd7beaaa099870b
src/Agent/agenttimer.cpp	Agent	simulation	handles,lifetime,relations,jass	b362a4de43276be68fc4f8618914b8d3159d31cf
src/Agent/agenttimer.h	Agent	simulation	handles,lifetime,relations,jass	f6aadba73cac3f65287cb6cde0d5606f538de60c
src/Agent/agenttypedslots.h	Agent	simulation	handles,lifetime,relations,jass	381435fd68181cb94feacb9026b1277735aa0170
src/Agent/agenttypetag.cpp	Agent	simulation	handles,lifetime,relations,jass	15bb630c2c59e0d4ea73d22e96e074c355d97b72
src/Agent/agentunitrefread.cpp	Agent	simulation	handles,lifetime,relations,jass	f2a83314e88e70617d0deea8a5b4bde735e0aa43
src/Agent/agentwar3.h	Agent	simulation	handles,lifetime,relations,jass	2f5df1c1e695c72cb0aa3f88bceb8144623d1452
src/Agent/agentwar3_dtor.cpp	Agent	simulation	handles,lifetime,relations,jass	7f7493ff1fa34e35d5554b098218508d2c3a0beb
src/Agent/agentwar3_flagbits.cpp	Agent	simulation	handles,lifetime,relations,jass	fc783d5998974e5cc55f009aaa4dc88ecc6be354
src/Agent/agentwar3_flags.cpp	Agent	simulation	handles,lifetime,relations,jass	f701d343a4f7eb7de54fca3bcb50bb6a33014486
src/Agent/agentwar3_loadmessages.cpp	Agent	simulation	handles,lifetime,relations,jass	fe9d9796c493f6dbd2b9ec8fcbc09ca61fb8d44c
src/Agent/agentwar3_savemessages.cpp	Agent	simulation	handles,lifetime,relations,jass	d59baee12fb4728e85392924f93848bb65381d4d
src/Agent/agentwar3_slots.cpp	Agent	simulation	handles,lifetime,relations,jass	f9726b5023622fe4212afb40fd0eb67e86ee386b
src/Agent/agentwar3_thunks.cpp	Agent	simulation	handles,lifetime,relations,jass	95108ec9fe0ce2366a5e5d615b45a16777357874
src/Agent/agilebitfield_setters.cpp	Agent	simulation	handles,lifetime,relations,jass	1e0d03886087ff54e70a7ffd6d936f71476c4a7b
src/Agent/agileid.cpp	Agent	simulation	handles,lifetime,relations,jass	e65ccb055e01fc5e12e81b3106d42019adf8067b
src/Agent/agiletype.cpp	Agent	simulation	handles,lifetime,relations,jass	42dc46831b4ca890d4c868765141c573cdb99c54
src/Agent/agiletype.h	Agent	simulation	handles,lifetime,relations,jass	2cd83b85dcd15286de34978124d3e6965d645065
src/Agent/agiletypeinstances.cpp	Agent	simulation	handles,lifetime,relations,jass	3332650c75f200a9fa18f94a42e830db343919c9
src/Agent/agiletypeinstances.h	Agent	simulation	handles,lifetime,relations,jass	7ec60673580d6260a2c61f988d0f7d2f7a563a05
src/Agent/agiletypeobjectbuild.cpp	Agent	simulation	handles,lifetime,relations,jass	6b554572bbb06fe9b83438f17b9f9963dc8758fb
src/Agent/agiletypequery.cpp	Agent	simulation	handles,lifetime,relations,jass	0e2f81b62e8bd5432c88f1894aadb0eec7e09b4c
src/Agent/agilewidgettype.cpp	Agent	simulation	handles,lifetime,relations,jass	fc9e8bc1b7de7d3fbe20ebc46e5b0f972a2f5370
src/Agent/allytypedassign.cpp	Agent	simulation	handles,lifetime,relations,jass	82f5cfe644b1c9624ac53c5a4ef2ea32bba1043e
src/Agent/basemap.h	Agent	simulation	handles,lifetime,relations,jass	51123c6be7b6c5e8bce06a51aa3eceb91a172c95
src/Agent/basemap_cpacell.cpp	Agent	simulation	handles,lifetime,relations,jass	1dc0a07c82a9e3fba2953e4680c33114fb4c3d1c
src/Agent/basemap_cpmcell.cpp	Agent	simulation	handles,lifetime,relations,jass	62709a5a7d64eebcf6cda66e08377bf367844c5f
src/Agent/basemap_outofscope_thunks.cpp	Agent	simulation	handles,lifetime,relations,jass	52286502aeb936067e5c2cc7491237a3c18529b5
src/Agent/cagentbaseabs_binddelegate.cpp	Agent	simulation	handles,lifetime,relations,jass	2e44efb594eb5ddcb022670f4ee4e7f8ce580b64
src/Agent/cagentbaseabs_delegateraw.cpp	Agent	simulation	handles,lifetime,relations,jass	71dfaec7fcdadc7ea5151106f41abfe384035b2d
src/Agent/cagentbaseabs_module_batch2.cpp	Agent	simulation	handles,lifetime,relations,jass	10c2213cf80c7900232a42d78e43058c20250fb7
src/Agent/cagentbaseabs_noop_slots.cpp	Agent	simulation	handles,lifetime,relations,jass	0b1962c778b9bfacad4608e3ee8c3137a56e3888
src/Agent/cagentbaseabs_slot12.cpp	Agent	simulation	handles,lifetime,relations,jass	07485dbcd008672687b46622164de84bcf49b1da
src/Agent/cagentbaseabs_typepoolslot0.cpp	Agent	simulation	handles,lifetime,relations,jass	75c64bad8522d5930bab954e29f97da5130d9bf3
src/Agent/camerasetuptypedassign.cpp	Agent	simulation	handles,lifetime,relations,jass	b5838dc90a1827a2d57bb375f8fce7e51c4ba3e7
src/Agent/centity.h	Agent	simulation	handles,lifetime,relations,jass	ce58dfb3ffe3a7c3444b3a9de1ba0acef606f50f
src/Agent/centity_dtor.cpp	Agent	simulation	handles,lifetime,relations,jass	d9a6789a28a9da922472f965d23f12ff5285ca05
src/Agent/checkedaabtslot.cpp	Agent	simulation	handles,lifetime,relations,jass	16d63e658e677f93a6e1c263ecc8e23a63c282a4
src/Agent/checkedagbuabilityslot.cpp	Agent	simulation	handles,lifetime,relations,jass	142f55566b15ea5e27db3c33c017175db8700a46
src/Agent/checkedahbuslot.cpp	Agent	simulation	handles,lifetime,relations,jass	5b255bcdc1dab4bcdb3c4d71008b8d88b4da89c7
src/Agent/checkedallyslot_ctor.cpp	Agent	simulation	handles,lifetime,relations,jass	a67f52aed57746319911c8cebf9bf952b5fb0d4c
src/Agent/checkedaqueslot.cpp	Agent	simulation	handles,lifetime,relations,jass	b25c338463350710645d3d83cbb966dfd4274cb3
src/Agent/checkedarscslot.cpp	Agent	simulation	handles,lifetime,relations,jass	f4743c9cfe664f2ed9ab4e1eb6d71fedd5194628
src/Agent/checkedarscslot.h	Agent	simulation	handles,lifetime,relations,jass	1d4627ed796ce37bd0eb53cd68d9e950f3bcb288
src/Agent/checkedaseislot.cpp	Agent	simulation	handles,lifetime,relations,jass	f13fdcd8b6d62d5f92d30701a7341ae8a8377aaa
src/Agent/checkedattackabilityslot.cpp	Agent	simulation	handles,lifetime,relations,jass	c267fdeda0751e3c18a7e3b615ef01df048b4b24
src/Agent/checkeddestructableslot.cpp	Agent	simulation	handles,lifetime,relations,jass	ed8ca547a101a9f27b0c1950f95e056a86c89a1c
src/Agent/checkedinventoryabilityslot.cpp	Agent	simulation	handles,lifetime,relations,jass	3e71a909fd06d076cd28757cd612f2486c472567
src/Agent/checkedlocationslot.cpp	Agent	simulation	handles,lifetime,relations,jass	afaedd9321c21bb6e220c929ba3bd894066685c1
src/Agent/checkedorderpointslot.cpp	Agent	simulation	handles,lifetime,relations,jass	726f261d90788dc9bcae512be69dba806bd15e18
src/Agent/checkedorderslot.cpp	Agent	simulation	handles,lifetime,relations,jass	26010103db53e0f1406f4a45692f7560c02b90f1
src/Agent/checkedordertargetslot.cpp	Agent	simulation	handles,lifetime,relations,jass	dcad3e06bcc8a490bf3e31b1c8ea42674a2908fd
src/Agent/checkedqumslot.cpp	Agent	simulation	handles,lifetime,relations,jass	ae16546fcc47e1a7458e1d46a8ecfc8d81e9a717
src/Agent/checkedslot_6F027BD0_ctor.cpp	Agent	simulation	handles,lifetime,relations,jass	835232b90151f9f2ff99349c42ed589231171668
src/Agent/checkedslot_6F028940_ctor.cpp	Agent	simulation	handles,lifetime,relations,jass	4933e7b77fde69d56ff549c4f413141d6057ff55
src/Agent/checkedslot_6F0D91A0_assign.cpp	Agent	simulation	handles,lifetime,relations,jass	42506ed4d2a64a2d7fc9cb2e68070a96efc4416c
src/Agent/checkedslot_6F2075E0_ctor.cpp	Agent	simulation	handles,lifetime,relations,jass	dc63a816afaf23c2dbd2e05d4a81e7bbc5a40eb5
src/Agent/checkedslot_agent7_batch_slot107.h	Agent	simulation	handles,lifetime,relations,jass	d1fc3367511bc1a1dd4fdb6f61e91dfd871dbf0b
src/Agent/checkedslot_agent7_batch_slot107_helpers.cpp	Agent	simulation	handles,lifetime,relations,jass	0b4a885c80bb9731e0d6b3484a437930b9f6de82
src/Agent/checkedslot_agent7_family.h	Agent	simulation	handles,lifetime,relations,jass	c8f0060e8e09faeaa9ac5672c4e2436927b133e3
src/Agent/checkedslot_agent7_helpers.cpp	Agent	simulation	handles,lifetime,relations,jass	a4a6dbff05fa801b7d980fd43857f93012e87e87
src/Agent/checkedslot_agent7_leaves.cpp	Agent	simulation	handles,lifetime,relations,jass	c504d73c37fbeb28fc2e1352c098bc72a36f0974
src/Agent/checkedslot_batch25.cpp	Agent	simulation	handles,lifetime,relations,jass	343655b97b4b32d185ec0c85b7de80619ed22193
src/Agent/checkedslot_batch2526.h	Agent	simulation	handles,lifetime,relations,jass	c2b2fd57b20cc028f72aff55d0296a9876a0a478
src/Agent/checkedslot_batch25_getters.cpp	Agent	simulation	handles,lifetime,relations,jass	021f9ac65fc3e4d2296fb633faa3e9e9a40f6ed4
src/Agent/checkedslot_batch26.cpp	Agent	simulation	handles,lifetime,relations,jass	7754885c049995efd14a6434e9cc0321351101c8
src/Agent/checkedslot_createunit.h	Agent	simulation	handles,lifetime,relations,jass	dc5c3ac68e9386959b05f3cabdceae1113e30ad9
src/Agent/checkedslot_createunit_assign.cpp	Agent	simulation	handles,lifetime,relations,jass	442465d9699f66ebe8d7b52b48c95bf4b75e2368
src/Agent/checkedslot_createunit_cluster.cpp	Agent	simulation	handles,lifetime,relations,jass	cce7688a00812c18e8ef92bccb6c3d4bf09d8ccd
src/Agent/checkedslot_createunit_ctor.cpp	Agent	simulation	handles,lifetime,relations,jass	490edc33eda4bfbcb9d9a1ff694269e7ca46d40c
src/Agent/checkedslot_createunit_getters.cpp	Agent	simulation	handles,lifetime,relations,jass	e9543faae648c5370b3553e141748da6ea40e138
src/Agent/checkedtaskactionslot.cpp	Agent	simulation	handles,lifetime,relations,jass	6cbf2cc53f74b4e330fcb0c261b06da4540a225b
src/Agent/checkedtaskslot_assign.cpp	Agent	simulation	handles,lifetime,relations,jass	65d0d5ee64fa0e57d379bb2996380e2e31701924
src/Agent/checkedunitslot.cpp	Agent	simulation	handles,lifetime,relations,jass	ae042bebe8754662031e77f0032b226dc2c30205
src/Agent/checkedwidgetslot_ctor.cpp	Agent	simulation	handles,lifetime,relations,jass	67ebe58e72b97d0a1618b955a1d8ef87fd0bbe6f
src/Agent/cmemblock.h	Agent	simulation	handles,lifetime,relations,jass	77f8bfea60d25961d9dc136965ec14c903f73928
src/Agent/cmemblock_dtor.cpp	Agent	simulation	handles,lifetime,relations,jass	3dac2a7e7335d2ffdfe2a911996a549f47d8ace2
src/Agent/cpofglis.h	Agent	simulation	handles,lifetime,relations,jass	b7f94a383acf321f77b7166ba5128cfa41682466
src/Agent/cpofglis_checksum_dump.cpp	Agent	simulation	handles,lifetime,relations,jass	709ebfba5f15ff330c1384397e0f4afc477ca34e
src/Agent/cpofglis_dtor.cpp	Agent	simulation	handles,lifetime,relations,jass	8d2ed55faefd1973dcde22faf04958c1617cb0bd
src/Agent/cpofglis_getendpointb.cpp	Agent	simulation	handles,lifetime,relations,jass	9b13bb35fe2627e98152f4bc23ebd73c19b3d6ba
src/Agent/cpofglis_gettypename.cpp	Agent	simulation	handles,lifetime,relations,jass	be2b0d41f8535f5707bd319248186897e08db464
src/Agent/cpofglis_notify.cpp	Agent	simulation	handles,lifetime,relations,jass	b1f7584cd5883c9c55d696f22e4ac5041ec5189d
src/Agent/cpofglis_pool.cpp	Agent	simulation	handles,lifetime,relations,jass	a5436bd53cfe4ebce6d77f19d8b60ac0a5555eb7
src/Agent/cpofglis_querymask.cpp	Agent	simulation	handles,lifetime,relations,jass	f5d87508ba4c74ed7759564e4b7988c3860e0abb
src/Agent/cpofglis_saveload.cpp	Agent	simulation	handles,lifetime,relations,jass	3bd8a78e076da046c2c83f43ff333537ad886aa0
src/Agent/cpofglis_slot3.cpp	Agent	simulation	handles,lifetime,relations,jass	5c679618b3f9e2d96ea212f756be43217c4c05ff
src/Agent/cpofglis_slot4.cpp	Agent	simulation	handles,lifetime,relations,jass	7c362ec7e5b7d9359b025f7706e5ce88d3e97163
src/Agent/cpofgpulsemod.h	Agent	simulation	handles,lifetime,relations,jass	8aa71b2c50958f0b8f4122de1b12ed12eda0c063
src/Agent/cpofgpulsemod_apply.cpp	Agent	simulation	handles,lifetime,relations,jass	fc20b733beea0ccc1dce828f8b9b98f6e2308dcf
src/Agent/cpofgpulsemod_checksum.cpp	Agent	simulation	handles,lifetime,relations,jass	682fbb6831974a7cec4c71a607b8f5233e0de2bb
src/Agent/cpofgpulsemod_dtor.cpp	Agent	simulation	handles,lifetime,relations,jass	5bd541ccd8b0e574423404f687b981eab3bd7f90
src/Agent/cpofgpulsemod_dump.cpp	Agent	simulation	handles,lifetime,relations,jass	c5938be47cbf3b0de3c051be5fb46a2fe92a7a82
src/Agent/cpofgpulsemod_getendpointbraw.cpp	Agent	simulation	handles,lifetime,relations,jass	e82a16e04c872004507e38f577ab1fcd40cdb492
src/Agent/cpofgpulsemod_gettypename.cpp	Agent	simulation	handles,lifetime,relations,jass	258ace618e089ce098b42eb8fc2b500458471b8c
src/Agent/cpofgpulsemod_notify.cpp	Agent	simulation	handles,lifetime,relations,jass	907125473d20d537b25c2d68405cdf844d1d915d
src/Agent/cpofgpulsemod_pool.cpp	Agent	simulation	handles,lifetime,relations,jass	301fd30ac004bbdab1ad38eb0739e57d895bfc80
src/Agent/cpofgpulsemod_queryduration.cpp	Agent	simulation	handles,lifetime,relations,jass	b4ba2a42b42ac7be10b5658fef47a59a625692b5
src/Agent/cpofgpulsemod_queryfrequency.cpp	Agent	simulation	handles,lifetime,relations,jass	85a566fb7d4c0c7ddf4690134915cd03c324e9cf
src/Agent/cpofgpulsemod_queryopt.cpp	Agent	simulation	handles,lifetime,relations,jass	6bf8bb03812f82eb46b8e8fd4943548d606202d5
src/Agent/cpofgpulsemod_queryplayfield.cpp	Agent	simulation	handles,lifetime,relations,jass	3e17592a32bcfa310bfa8f0762428cab9c93b8e0
src/Agent/cpofgpulsemod_saveload.cpp	Agent	simulation	handles,lifetime,relations,jass	be7f37739dfea4f5ad4dbe8d5fd65a00d0c7b293
src/Agent/cpofgpulsemod_slot4.cpp	Agent	simulation	handles,lifetime,relations,jass	beceff29b3d62518f05231d028a4484138c84fb1
src/Agent/cpoflag.h	Agent	simulation	handles,lifetime,relations,jass	0bef5280332caa14e81ab56207c305116612029a
src/Agent/cpoflag_apply.cpp	Agent	simulation	handles,lifetime,relations,jass	24d29c81463d1c7ce1c45fecf8381ba8e0ce9b2a
src/Agent/cpoflag_checksum.cpp	Agent	simulation	handles,lifetime,relations,jass	85f7aaaad05fdcf0c537addfa4b68bf2d15739b9
src/Agent/cpoflag_dtor.cpp	Agent	simulation	handles,lifetime,relations,jass	49fc7926e41d33c78e04f005a6b3c805fea5dec5
src/Agent/cpoflag_dump.cpp	Agent	simulation	handles,lifetime,relations,jass	a528d674cc8911d7ab5db2d23322a1461d063523
src/Agent/cpoflag_gettypename.cpp	Agent	simulation	handles,lifetime,relations,jass	f6d9ae08f3388a388a2a12dda952c035dca3b479
src/Agent/cpoflag_pool.cpp	Agent	simulation	handles,lifetime,relations,jass	658244c2471e6d4d8e24f4d37b5ee26db5ae4321
src/Agent/cpoflag_queryvalue.cpp	Agent	simulation	handles,lifetime,relations,jass	6a32d73aaef8542804f8acaafd6def6bb6a22cbb
src/Agent/cpoflag_saveload.cpp	Agent	simulation	handles,lifetime,relations,jass	d1fa46e150f1237b1582427aaa02678eb8a86b6e
src/Agent/cpolink.h	Agent	simulation	handles,lifetime,relations,jass	8448bea1e4d12fa52907292593bc33efc9c76b6c
src/Agent/cpolink_apply.cpp	Agent	simulation	handles,lifetime,relations,jass	cd86225f2a0073df944d3669717bdecc0fd2fa82
src/Agent/cpolink_checksum.cpp	Agent	simulation	handles,lifetime,relations,jass	bb56bf3372f2f4e1a46cfb0d37d0f634240d823f
src/Agent/cpolink_dtor.cpp	Agent	simulation	handles,lifetime,relations,jass	e53bac23d2b04803ecb7bd1e143fb0f134a40706
src/Agent/cpolink_dump.cpp	Agent	simulation	handles,lifetime,relations,jass	82e8723fbba993081603cd00fc9364915d78d3a0
src/Agent/cpolink_gettypename.cpp	Agent	simulation	handles,lifetime,relations,jass	b8c7564ec1c9f1e11efd0a9cf08c7bc9d7885d53
src/Agent/cpolink_pool.cpp	Agent	simulation	handles,lifetime,relations,jass	9dcdd5694dd8012611d864fc294575a4929f549a
src/Agent/cpolink_querytarget.cpp	Agent	simulation	handles,lifetime,relations,jass	c4eb3f26ceb39e5e7341c7db7364ca473265ae72
src/Agent/cpolink_saveload.cpp	Agent	simulation	handles,lifetime,relations,jass	8c69e281fdaa1fb47dfd9a86c017d564ed6b17e1
src/Agent/cpolklis.h	Agent	simulation	handles,lifetime,relations,jass	cd330a0874345d67ff163e3afd3456feb88639a5
src/Agent/cpolklis_dtor.cpp	Agent	simulation	handles,lifetime,relations,jass	13d827487ec5c3889e7b4e64e1dcbddad270023a
src/Agent/cpolklis_gettypename.cpp	Agent	simulation	handles,lifetime,relations,jass	70ffec6a2ff0923081e90ff49fc36e43f30fd061
src/Agent/cpolklis_notify.cpp	Agent	simulation	handles,lifetime,relations,jass	791b136cc1dba21a1e6c8778f28e44c9ac51b98c
src/Agent/cpolklis_pool.cpp	Agent	simulation	handles,lifetime,relations,jass	8abd15fc858536dacb577845a8822c4170477c6e
src/Agent/cpolklis_saveload.cpp	Agent	simulation	handles,lifetime,relations,jass	82d5bbcd04f4a71cb8f94fc0e602dc85875d8333
src/Agent/cpolklis_slot3.cpp	Agent	simulation	handles,lifetime,relations,jass	d10a7207aee78f4c75221eb297dcb5465f4c6474
src/Agent/cpolklis_slot4.cpp	Agent	simulation	handles,lifetime,relations,jass	9c64e37ecbd0f359221e2967bd899950ff34f7ca
src/Agent/cpopointerflis.h	Agent	simulation	handles,lifetime,relations,jass	912276ea32b94a70733e778759fc49d593e2cc6c
src/Agent/cpopointerflis_apply.cpp	Agent	simulation	handles,lifetime,relations,jass	9b47710e195ab6cd2b695e3f1b5a0b69d8aca486
src/Agent/cpopointerflis_array.cpp	Agent	simulation	handles,lifetime,relations,jass	1c436e13ad360d3f3593062c68c7b2604324a43b
src/Agent/cpopointerflis_checksum.cpp	Agent	simulation	handles,lifetime,relations,jass	fe48bd0e9f3765aa8d0ca43fafce60c71be50240
src/Agent/cpopointerflis_dtor.cpp	Agent	simulation	handles,lifetime,relations,jass	8e32deadb9c46232ddd27199cff98111e3f0ef7c
src/Agent/cpopointerflis_dump.cpp	Agent	simulation	handles,lifetime,relations,jass	d5589a617a4a10db6fef73117f42dbb7b713e56b
src/Agent/cpopointerflis_gettypename.cpp	Agent	simulation	handles,lifetime,relations,jass	a1dc07540ef90f6b20d5548ad986787ca9031c0a
src/Agent/cpopointerflis_notify.cpp	Agent	simulation	handles,lifetime,relations,jass	77a8ec609c302f38818d8b7ba6aae239d2617d3c
src/Agent/cpopointerflis_notifycore.cpp	Agent	simulation	handles,lifetime,relations,jass	2c566f7b65f873040f6204b5fc927403d9c05281
src/Agent/cpopointerflis_pool.cpp	Agent	simulation	handles,lifetime,relations,jass	5b171f2f65cd0185150de2ca4e3c540a2ce49786
src/Agent/cpopointerflis_queryradius.cpp	Agent	simulation	handles,lifetime,relations,jass	73f821c0edbc99d9503ce82cc9cac241c44312ef
src/Agent/cpopointerflis_saveload.cpp	Agent	simulation	handles,lifetime,relations,jass	8bc62f8f9b51d74806e1997082d11eb6565d33d5
src/Agent/cpopointerflis_slot4.cpp	Agent	simulation	handles,lifetime,relations,jass	bb242d2204d5629ece1c32ef12d02a2d40b6e021
src/Agent/cpopovelocitymod.h	Agent	simulation	handles,lifetime,relations,jass	bb17d8cde9907ddf319ff5ec190845138b8a51c1
src/Agent/cpopovelocitymod_apply.cpp	Agent	simulation	handles,lifetime,relations,jass	c660009dda60b62d2f7da61796f2f78543b9bf56
src/Agent/cpopovelocitymod_checksum.cpp	Agent	simulation	handles,lifetime,relations,jass	4efc7e7798784b813084de246a3f0a0bf2381a42
src/Agent/cpopovelocitymod_dtor.cpp	Agent	simulation	handles,lifetime,relations,jass	853213c1d449646d5675645613386f25c8091856
src/Agent/cpopovelocitymod_dump.cpp	Agent	simulation	handles,lifetime,relations,jass	912d3d85820c106db6cafd4b8ace7f73b011ff09
src/Agent/cpopovelocitymod_gettypename.cpp	Agent	simulation	handles,lifetime,relations,jass	55ce10083987070dd666eb2f047be94d972093c6
src/Agent/cpopovelocitymod_notify.cpp	Agent	simulation	handles,lifetime,relations,jass	d99d9a3867537d451ee1bf00eec00d80b623f7e5
src/Agent/cpopovelocitymod_pool.cpp	Agent	simulation	handles,lifetime,relations,jass	18c5e9c99f3e473018ec7a6f0867b75018fe074f
src/Agent/cpopovelocitymod_queryduration.cpp	Agent	simulation	handles,lifetime,relations,jass	74d62785b9dd526dd679b66f70166b4e922d17c8
src/Agent/cpopovelocitymod_queryvelocity.cpp	Agent	simulation	handles,lifetime,relations,jass	053a903eef29f6b5495bef9dfae5b580b45ce08e
src/Agent/cpopovelocitymod_saveload.cpp	Agent	simulation	handles,lifetime,relations,jass	51f72ff84a9eed63d62a8181a517693c923c40f4
src/Agent/cpopovelocitymod_slot4.cpp	Agent	simulation	handles,lifetime,relations,jass	c36454e72019fc88fe208e383b6fcbeccb511f01
src/Agent/cpopovelocitymod_updateduration.cpp	Agent	simulation	handles,lifetime,relations,jass	af54ac7f3f05a0cdd2111024255a2bc81e68326d
src/Agent/cporeal.h	Agent	simulation	handles,lifetime,relations,jass	68ade44a78042c92294c66532111ba2d489724a1
src/Agent/cporeal_apply.cpp	Agent	simulation	handles,lifetime,relations,jass	de4ccc0913cfcef202df37bb9d4c4aa83e0d1cfb
src/Agent/cporeal_checksum.cpp	Agent	simulation	handles,lifetime,relations,jass	0edbbfbe2b1d293a291efffd6cb13d2bf9bcfb15
src/Agent/cporeal_dtor.cpp	Agent	simulation	handles,lifetime,relations,jass	dea245e20a1a91b7fc12c1d251b0b637a605550a
src/Agent/cporeal_dump.cpp	Agent	simulation	handles,lifetime,relations,jass	9ca933ff78effa3074ddcfbfad568d7ed5b605b0
src/Agent/cporeal_gettypename.cpp	Agent	simulation	handles,lifetime,relations,jass	98ddb0121eebb01d8cc9f22d3b77d55356f851fc
src/Agent/cporeal_pool.cpp	Agent	simulation	handles,lifetime,relations,jass	0b15f956bce360bd4f289fdb572160ab30d59f6a
src/Agent/cporeal_querycandidate.cpp	Agent	simulation	handles,lifetime,relations,jass	b38f653fcea26134f13a01b5f337e0e1451711a6
src/Agent/cporeal_queryrange.cpp	Agent	simulation	handles,lifetime,relations,jass	ce9cf4e6fb1bdc2e0777ce53f020caec98775671
src/Agent/cporeal_saveload.cpp	Agent	simulation	handles,lifetime,relations,jass	05984482b7a1ef78e8d942c0cdcdf531c8eda3ad
src/Agent/cporecontinuousmod.h	Agent	simulation	handles,lifetime,relations,jass	710ecde0dc5d3b7a7cfcfc01eefc97e43a8cb7ed
src/Agent/cporecontinuousmod_apply.cpp	Agent	simulation	handles,lifetime,relations,jass	c3aa8496b71d7932d9d9db9f8a7b143ae1ee5ba5
src/Agent/cporecontinuousmod_arm.cpp	Agent	simulation	handles,lifetime,relations,jass	95ad7296060ffbc8df32d1680214ffb532126144
src/Agent/cporecontinuousmod_checksum.cpp	Agent	simulation	handles,lifetime,relations,jass	20fcbb202e861dcccc0aae9873af728c38f60db5
src/Agent/cporecontinuousmod_dtor.cpp	Agent	simulation	handles,lifetime,relations,jass	8a2e60a79908a59200bd4b6bbcdb4a39055993b8
src/Agent/cporecontinuousmod_dump.cpp	Agent	simulation	handles,lifetime,relations,jass	2043c5b9de28ea63c9dd39d48368e82fc3d8d564
src/Agent/cporecontinuousmod_gettypename.cpp	Agent	simulation	handles,lifetime,relations,jass	b3afd0d4db630416abd808a7dbf3d64bed22c461
src/Agent/cporecontinuousmod_notify.cpp	Agent	simulation	handles,lifetime,relations,jass	f50c79f0f97ddcd5a5f4b10482e4eaad1485e6d8
src/Agent/cporecontinuousmod_pool.cpp	Agent	simulation	handles,lifetime,relations,jass	9cbe8f78098848f1f280ccafbb9e0ca0cbb86789
src/Agent/cporecontinuousmod_queryduration.cpp	Agent	simulation	handles,lifetime,relations,jass	b5dc680fbaa92222694cfd013358a791fbfad94a
src/Agent/cporecontinuousmod_queryrate.cpp	Agent	simulation	handles,lifetime,relations,jass	d7a539262325e46c658c9ad7c1f704d0c7e248f2
src/Agent/cporecontinuousmod_saveload.cpp	Agent	simulation	handles,lifetime,relations,jass	383dec1f5b6cc462d2bb1820c3069fe7bb2e3492
src/Agent/cporecontinuousmod_slot4.cpp	Agent	simulation	handles,lifetime,relations,jass	9ace4f08657a85ac3189ecbd87415559b5eb6af9
src/Agent/cporepulsemod.h	Agent	simulation	handles,lifetime,relations,jass	0f9f890a725ca557f43a5ab62b83a7187ef85d1f
src/Agent/cporepulsemod_apply.cpp	Agent	simulation	handles,lifetime,relations,jass	02b1bf86cdb22bd3d7d8ea397b80cd2419f69622
src/Agent/cporepulsemod_checksum.cpp	Agent	simulation	handles,lifetime,relations,jass	a6e0f0ae1f79dd76432930c18864755eaf5baef6
src/Agent/cporepulsemod_dtor.cpp	Agent	simulation	handles,lifetime,relations,jass	7a56deab525cd61378085aa4bcaac2b819ae2f4b
src/Agent/cporepulsemod_dump.cpp	Agent	simulation	handles,lifetime,relations,jass	c5ea0d17bf09ed4cf0d9165104a88a73ee9a2ee2
src/Agent/cporepulsemod_getendpointbraw.cpp	Agent	simulation	handles,lifetime,relations,jass	e4a24b761b04194d05a94408c295ede7933536ec
src/Agent/cporepulsemod_gettypename.cpp	Agent	simulation	handles,lifetime,relations,jass	8d104743f73991e3a183b96229a43932d9d70de5
src/Agent/cporepulsemod_notify.cpp	Agent	simulation	handles,lifetime,relations,jass	7b7194d2dfa13ca7d3f65682dccd7f1081a07260
src/Agent/cporepulsemod_pool.cpp	Agent	simulation	handles,lifetime,relations,jass	24fb93170b6c5b2f0d8cef05e0588c1faf0a1eae
src/Agent/cporepulsemod_queryfrequency.cpp	Agent	simulation	handles,lifetime,relations,jass	7e7aa115bdee1542588b460d49755cdbb255eb76
src/Agent/cporepulsemod_queryinterval.cpp	Agent	simulation	handles,lifetime,relations,jass	cfccaf92444ff19270240e5700ed2784bf2c9382
src/Agent/cporepulsemod_queryopt.cpp	Agent	simulation	handles,lifetime,relations,jass	abb43b44446c220b315819fd2b7650e3b54b66fe
src/Agent/cporepulsemod_saveload.cpp	Agent	simulation	handles,lifetime,relations,jass	b7609af64246681a9dfbe06c963141942971bd62
src/Agent/cporepulsemod_slot4.cpp	Agent	simulation	handles,lifetime,relations,jass	f8accc54523abba1876363d35d79a1a47b9a3582
src/Agent/cporethresholdlis.h	Agent	simulation	handles,lifetime,relations,jass	91a14a9f7e77fc1e4d1f1a708e5ec5796423c3bb
src/Agent/cporethresholdlis_announce.cpp	Agent	simulation	handles,lifetime,relations,jass	b19190e91f9e7db0fff81dd6b270cd13afefd4fd
src/Agent/cporethresholdlis_apply.cpp	Agent	simulation	handles,lifetime,relations,jass	26eacac8122c5e091854ed4c9baf89794d9cfb39
src/Agent/cporethresholdlis_checksum.cpp	Agent	simulation	handles,lifetime,relations,jass	177ee3aff1c0d3a84463057eacd9dc4df6132b04
src/Agent/cporethresholdlis_compare.cpp	Agent	simulation	handles,lifetime,relations,jass	e70b950d257ea0e9dde87d0fa63eef3e05c6ca16
src/Agent/cporethresholdlis_dtor.cpp	Agent	simulation	handles,lifetime,relations,jass	00f6215b59b3c25aa20159ae33767ffdeb531fc8
src/Agent/cporethresholdlis_dump.cpp	Agent	simulation	handles,lifetime,relations,jass	c9d24a3281f38fb08035aa8c3a263c79a4af2f61
src/Agent/cporethresholdlis_gettypename.cpp	Agent	simulation	handles,lifetime,relations,jass	a0628415ff14ac6f1591d5f48734c11d3563afb1
src/Agent/cporethresholdlis_notify.cpp	Agent	simulation	handles,lifetime,relations,jass	156da9059ffbb65b34980b608faef4534c76eeee
src/Agent/cporethresholdlis_pool.cpp	Agent	simulation	handles,lifetime,relations,jass	bd2770a19a6e52f8f74e1287c2b433efa2599286
src/Agent/cporethresholdlis_querymode.cpp	Agent	simulation	handles,lifetime,relations,jass	e5a638c7ca2b546dae96120d8f139ad8f9a29c65
src/Agent/cporethresholdlis_querythreshold.cpp	Agent	simulation	handles,lifetime,relations,jass	bdfe0f5d7d2afa751ff87238bf599a5a1395bc31
src/Agent/cporethresholdlis_reqfields.cpp	Agent	simulation	handles,lifetime,relations,jass	18ea223e6c16f2b1dc9c334da51a04f73096d4c5
src/Agent/cporethresholdlis_saveload.cpp	Agent	simulation	handles,lifetime,relations,jass	36c8ce2e754f7d3ea2d724659f89489eb19db08d
src/Agent/cporethresholdlis_slot4.cpp	Agent	simulation	handles,lifetime,relations,jass	4ef7ded52a87808878bbb60ab4d77401fef3ddbb
src/Agent/cpresence_dtor.cpp	Agent	simulation	handles,lifetime,relations,jass	cde577c0b707a32428f3411668d232b85c156556
src/Agent/csyncdata.cpp	Agent	simulation	handles,lifetime,relations,jass	8cabe69c0e1381040a40d2a610cfbed2b3ebf38e
src/Agent/csyncdata.h	Agent	simulation	handles,lifetime,relations,jass	d87bfd5ed7b03e24209fba083a10e3c4c24b0bfd
src/Agent/csyncdata_dumpdebugstate.cpp	Agent	simulation	handles,lifetime,relations,jass	2ea221d0b1155f1f018e6129ebbc3c91c2fc4214
src/Agent/cunit_agent1_agentptr_acsp_thunks.cpp	Agent	simulation	handles,lifetime,relations,jass	5cdefd8e87679dda93d35125c39c027888258dd6
src/Agent/cunit_agent1_agentptr_aobu_aupg.cpp	Agent	simulation	handles,lifetime,relations,jass	a035413b787c557fa15d8beabd5f363853998e45
src/Agent/cunit_agent1_agentptr_assign.cpp	Agent	simulation	handles,lifetime,relations,jass	2f9e521a2c6f6b28344362859e87fcb917e4adc3
src/Agent/cunit_agent1_agentptr_buff.cpp	Agent	simulation	handles,lifetime,relations,jass	e91d99f5eab8eae90032a0e6433ca66126acf7d6
src/Agent/cunit_agent1_agentptr_ctors.cpp	Agent	simulation	handles,lifetime,relations,jass	3cf54a23e8e77e72d06b4fbafe032efbc15a3563
src/Agent/cunit_agent1_agentptr_family.h	Agent	simulation	handles,lifetime,relations,jass	99d6086635db20bad55937816af60ff71d7ee517
src/Agent/cunit_agent1_agentptr_hero_ctor.cpp	Agent	simulation	handles,lifetime,relations,jass	6961b5ffbab268ff1054e4727bc05b5b5e8bf5c7
src/Agent/cunit_agent1_agentptr_hero_ral.h	Agent	simulation	handles,lifetime,relations,jass	3950ebdfedc7306c985f7e51eea77db7744694f6
src/Agent/cunit_agent1_agentptr_hero_ral_assign.cpp	Agent	simulation	handles,lifetime,relations,jass	47af22919aa1332c7b00022e9ca3c0606b1ac61b
src/Agent/cunit_agent1_makeagent.cpp	Agent	simulation	handles,lifetime,relations,jass	bcb761c1822cd298b13880511aeda80c3f2a6ae1
src/Agent/cunit_agent1_makeagent_hero.cpp	Agent	simulation	handles,lifetime,relations,jass	54fc9e5688e64a2e450bad919e2a033cf5bc3618
src/Agent/cunit_agent3_abilityagents.cpp	Agent	simulation	handles,lifetime,relations,jass	6e827fac13b4c54e8cf84470732c62741fc090ae
src/Agent/cunit_agent3_abilityids.cpp	Agent	simulation	handles,lifetime,relations,jass	edef19132768a8f6055b175da56da2b1f7dd4735
src/Agent/cunit_agent3_abilityids.h	Agent	simulation	handles,lifetime,relations,jass	687d397bedf29760dfad0b72e5fea4e0735d5010
src/Agent/cunit_agent3_checkedslots.h	Agent	simulation	handles,lifetime,relations,jass	7ed859513e0cb0fccfa0230f5dc67aeace3c2f29
src/Agent/cunit_agent3_checkedslots_assign.cpp	Agent	simulation	handles,lifetime,relations,jass	28aac51a1ca7855ee15db04fb4ea21c2c116de49
src/Agent/cunit_agent3_checkedslots_ctor.cpp	Agent	simulation	handles,lifetime,relations,jass	5059bf6cb0ff020c2a4268b916e90f260fdeb1d1
src/Agent/cunit_agent3_extra_checkedslots.cpp	Agent	simulation	handles,lifetime,relations,jass	279a9b13898bd336a4f8c8c3045d0a013b006c2b
src/Agent/cunit_agent3_extra_checkedslots.h	Agent	simulation	handles,lifetime,relations,jass	9eb258747686665a282d8f9acc969600e53f5167
src/Agent/cunit_agent3_extra_ctors.cpp	Agent	simulation	handles,lifetime,relations,jass	48bbab9a44e5be6b9362a4af973b8aa1bbaf3be2
src/Agent/cunit_agent3_extra_ctors.h	Agent	simulation	handles,lifetime,relations,jass	f2243dbe46fd575af09db05faee95f36a366c143
src/Agent/cunit_agent3_field24cforward.cpp	Agent	simulation	handles,lifetime,relations,jass	6d27c052c440efd6f736203471f61e84d42ee463
src/Agent/cunit_agent4_checkedslot_ctors.cpp	Agent	simulation	handles,lifetime,relations,jass	d23bb90f72b2101d66b2d6423b83d8ecda424d87
src/Agent/cunit_agent4_dependencyaliaslookup.cpp	Agent	simulation	handles,lifetime,relations,jass	ed32713e9e646ed55e342e5f0b6dbe5f3d2a3370
src/Agent/cunit_agent4_gameuifilterforward.cpp	Agent	simulation	handles,lifetime,relations,jass	caacb3926ae3ecde671b914881d447ca47965199
src/Agent/cunit_agent4_handlefield0xb8.cpp	Agent	simulation	handles,lifetime,relations,jass	e30abc705f29c97fa52e1b1bd5fddcdbe063d466
src/Agent/cunit_agent4_optionalrefresolveunit.cpp	Agent	simulation	handles,lifetime,relations,jass	4dc6e4a96b4932e835801b50f6118f6a456c7d68
src/Agent/cunit_agent4_selectableslotclearfield26c.cpp	Agent	simulation	handles,lifetime,relations,jass	51a3819e8b34a169d0d40270e5abe70e35c76c47
src/Agent/cunit_agent4_slot41then23.cpp	Agent	simulation	handles,lifetime,relations,jass	2efcf90c37a1d0df7d092d02f5ba5dfa56feb0ec
src/Agent/cunit_agent4_slotfactories_batch1.cpp	Agent	simulation	handles,lifetime,relations,jass	3fc3ca7ec822fa7a369dac782204144ebf48374d
src/Agent/cunit_agent4_slotfactories_batch2.cpp	Agent	simulation	handles,lifetime,relations,jass	3060531d858249f00bf1a17ebbc6379bbcbce065
src/Agent/cunit_agent4_slotfactories_batch3.cpp	Agent	simulation	handles,lifetime,relations,jass	cbcba9a57a8b54311bf87e82762b0d8475989597
src/Agent/cunit_agent4_slotfactories_batch4.cpp	Agent	simulation	handles,lifetime,relations,jass	882152308fa07f5592fd670f99879b8f048c6591
src/Agent/cunit_agent4_trefcntdtorinstance.cpp	Agent	simulation	handles,lifetime,relations,jass	e0cf57f8dc1ec2abf5cb251878f3863ce5c5daa6
src/Agent/cunit_agent4_typecheckedslot_414e6275.cpp	Agent	simulation	handles,lifetime,relations,jass	f7721264905c7536d4885d671b6bd9ba3935b877
src/Agent/cunit_agent4_unitpathclientprep.cpp	Agent	simulation	handles,lifetime,relations,jass	9527f884c92a6e23d709d91317e12cc7b950553e
src/Agent/cunit_agent4_wordbufferexactsize.cpp	Agent	simulation	handles,lifetime,relations,jass	ebf49dc84076e4ece3a80a2428cda97531d50c7a
src/Agent/cunit_agent5_agentqueries.cpp	Agent	simulation	handles,lifetime,relations,jass	cf703c8073b8dc8b18c4397620c7f90dd9633bc4
src/Agent/cunit_agent6_convertingctors.cpp	Agent	simulation	handles,lifetime,relations,jass	0c33c3abac37c010e0b38fe15c990a75be1a1f7a
src/Agent/cunit_agent6_typedslot_extra.cpp	Agent	simulation	handles,lifetime,relations,jass	6eee53fd5e5054ea108e74c38dcadd066ffaf635
src/Agent/cunit_agent6_typedslots.cpp	Agent	simulation	handles,lifetime,relations,jass	a13e7a612b6adacb0f8eae03532cf7fc0b649411
src/Agent/cunit_agent8_typedslots.cpp	Agent	simulation	handles,lifetime,relations,jass	9a93d91b702601080b467b911a3d5114dad32280
src/Agent/destructabletypedassign.cpp	Agent	simulation	handles,lifetime,relations,jass	3a4d41e14e94e2dc8d6dd26bf650dee81c54f994
src/Agent/fixedpoolheader.h	Agent	simulation	handles,lifetime,relations,jass	0b00c1d8e65f288e5c4ea381e4283c7ef910814e
src/Agent/fixedpoolheaderdtor.cpp	Agent	simulation	handles,lifetime,relations,jass	c993453c40231cd8ad769cf4e3311bf395f1e191
src/Agent/getconstant_0x6f15ba20.cpp	Agent	simulation	handles,lifetime,relations,jass	8f5ec86de884a34cceda9085213b7ef299510674
src/Agent/handle.cpp	Agent	simulation	handles,lifetime,relations,jass	dae9d44c52c876e949e59c2162f4e32d0d97ad72
src/Agent/handle2agent.cpp	Agent	simulation	handles,lifetime,relations,jass	4fd7fc3d91bd8a675c432834f7abb11ca55838bd
src/Agent/handle2agent.h	Agent	simulation	handles,lifetime,relations,jass	2782996cc77ca9700bece22a58755a101659f67d
src/Agent/handlemoved.h	Agent	simulation	handles,lifetime,relations,jass	fd724af3402d3abef35844964e99f05cbf3c0a11
src/Agent/handleobject.cpp	Agent	simulation	handles,lifetime,relations,jass	842347c8ed14b8cc9f52f0e2691fcc665320039c
src/Agent/handleobject.h	Agent	simulation	handles,lifetime,relations,jass	6b78d1ff604c714c46b4a42e0d8e4da0395ac2a0
src/Agent/handleref_field54_guarded.cpp	Agent	simulation	handles,lifetime,relations,jass	28070aeabdfa5940d28da9c1aabb4a7e2d2bedbd
src/Agent/handlereref_resolve.cpp	Agent	simulation	handles,lifetime,relations,jass	cb727cfd9b90f14284b5566d488716f60af6e955
src/Agent/handletriple.h	Agent	simulation	handles,lifetime,relations,jass	53cef17842b9e1c9b0670da0ab3ba47cd074e09c
src/Agent/integermodifier.h	Agent	simulation	handles,lifetime,relations,jass	d18dec89591e9f82e5bb042fc7ea982f879f0d69
src/Agent/integermodifier_deleteself.cpp	Agent	simulation	handles,lifetime,relations,jass	639c89af8387069b7e1bfb5c20b578c7eef0fc44
src/Agent/jassfunc.h	Agent	simulation	handles,lifetime,relations,jass	0772a38a3e1babdd529684f67e962059e95bd01f
src/Agent/jassgamestatemasks.cpp	Agent	simulation	handles,lifetime,relations,jass	898fdf210752930846d3a47882ef6ccf8cef7bd8
src/Agent/jassrefreshworldmasks.cpp	Agent	simulation	handles,lifetime,relations,jass	df92ea0e30d22e546e5dcb0cce97a555f25a5059
src/Agent/jassrelationagent.cpp	Agent	simulation	handles,lifetime,relations,jass	cb8b46b19f69ee530cebe11e63a8950b214e2ac4
src/Agent/jassrelationagent.h	Agent	simulation	handles,lifetime,relations,jass	8a557d2b77e2c6fb25a3460e82cb82e6382b78ec
src/Agent/lazysingleton.cpp	Agent	simulation	handles,lifetime,relations,jass	b48f2cc61dcda7d47f63d165b9cc9e9b9f0d5aac
src/Agent/locationtypedassign.cpp	Agent	simulation	handles,lifetime,relations,jass	6dfa930b1b8f88b242443a10230115e2021f58cc
src/Agent/modifier.h	Agent	simulation	handles,lifetime,relations,jass	0336a14bcdcd90629a54e83b4ded670fc94a4d71
src/Agent/modifier_deleteself.cpp	Agent	simulation	handles,lifetime,relations,jass	2a3097529fa04bec71de90deed2881548b1d009d
src/Agent/modifier_relationattach.cpp	Agent	simulation	handles,lifetime,relations,jass	d3d6c8dd40792cdd22f51d2415d564355acc58cf
src/Agent/notifyhandlemoved.cpp	Agent	simulation	handles,lifetime,relations,jass	f307bcd27bddedafb32893976ad62e353541c242
src/Agent/observer.cpp	Agent	simulation	handles,lifetime,relations,jass	f13668b76be3a9e85ecbecaf3f155d32e5003fef
src/Agent/observer.h	Agent	simulation	handles,lifetime,relations,jass	d842ea525cfc425e12332133e1bd0c61b43af702
src/Agent/observer_deleteself.cpp	Agent	simulation	handles,lifetime,relations,jass	92491f61826c7d79e8c066cb50b7192c82b35797
src/Agent/observer_fixedevents.cpp	Agent	simulation	handles,lifetime,relations,jass	d7fffc333a95e1ee5264b67b1597e0e2b4bcfd01
src/Agent/observer_resource.cpp	Agent	simulation	handles,lifetime,relations,jass	6e21bb5d81167e9a55624c479b5417bce62c920e
src/Agent/observer_slots.cpp	Agent	simulation	handles,lifetime,relations,jass	35a1ee1072adac10af6a80acde30aaaf4d1c01fe
src/Agent/observerdtoralias.cpp	Agent	simulation	handles,lifetime,relations,jass	20d3b1614efc5cf475511dade8ad417487d334dd
src/Agent/observereventreg.cpp	Agent	simulation	handles,lifetime,relations,jass	39d6694ea6372312fd22c8f0f25ec72aad98006c
src/Agent/observereventreg.h	Agent	simulation	handles,lifetime,relations,jass	29758dacbf6926fa944b03afbae1a41d6c7cbdcc
src/Agent/observerpoolstaticdtor.cpp	Agent	simulation	handles,lifetime,relations,jass	c6e98a6c65af25d2747716267fff08db3d5af680
src/Agent/observerpostevent.cpp	Agent	simulation	handles,lifetime,relations,jass	e7199e64469dc5af220177dd748c0632306e487b
src/Agent/orderpointtypedassign.cpp	Agent	simulation	handles,lifetime,relations,jass	2a07f4710a62899c1bbcb2166b7747400aeb8fe3
src/Agent/ordertargettypedassign.cpp	Agent	simulation	handles,lifetime,relations,jass	cc389e6b63eb35bd45a7b7198312c90561c7c570
src/Agent/ordertypedassign.cpp	Agent	simulation	handles,lifetime,relations,jass	6462e21663e37e8daaf55265f3f50e18468cf07b
src/Agent/playertypedassign.cpp	Agent	simulation	handles,lifetime,relations,jass	b3eaefa37d3a61aaf657c16f2f6ae20efbbd70ea
src/Agent/pmregion.cpp	Agent	simulation	handles,lifetime,relations,jass	0ff0a9b3c36faa30bf6a415f1d05d4901929470d
src/Agent/pmregion.h	Agent	simulation	handles,lifetime,relations,jass	d236abdf08945cd274dca846f72caf30c340b5ee
src/Agent/pmregion_checksum.cpp	Agent	simulation	handles,lifetime,relations,jass	288791b0b63f34054cad2a78b588f506ec20509f
src/Agent/pmregion_dumpdebugstate.cpp	Agent	simulation	handles,lifetime,relations,jass	d4a45c876404eae973f24161f00a38d581b75df5
src/Agent/pmregion_returntopool.cpp	Agent	simulation	handles,lifetime,relations,jass	dd495477a81570ef7d5e1a7c3395369790f4bff9
src/Agent/pmregion_saveload.cpp	Agent	simulation	handles,lifetime,relations,jass	d9407c6a51b3ad68c0f201789531865e83b496d2
src/Agent/pmregion_slots34.cpp	Agent	simulation	handles,lifetime,relations,jass	2a6a2fd21b1933d60774345324c531ff45935a22
src/Agent/popos.h	Agent	simulation	handles,lifetime,relations,jass	a421cdc3a19f144811646e5b19fd5bdd65da0d2f
src/Agent/popos_apply_slot4.cpp	Agent	simulation	handles,lifetime,relations,jass	7d710af12cca61abe47eb8544777a031db03f211
src/Agent/popos_checksum_dump.cpp	Agent	simulation	handles,lifetime,relations,jass	6b9beecdace4458462d6659fbdbba244fd8419ce
src/Agent/popos_pickregistrationfloatordefault.cpp	Agent	simulation	handles,lifetime,relations,jass	5558d77c5634c508ba003aec47fb217ad82d3f0d
src/Agent/popos_saveload.cpp	Agent	simulation	handles,lifetime,relations,jass	5b59ed435d83894bdde6134470fe6c4f88029821
src/Agent/popos_slot20.cpp	Agent	simulation	handles,lifetime,relations,jass	046d8187f5e0ddfc2ee84a0a2dab4e31ffd4675a
src/Agent/popos_slots1920_thunk.cpp	Agent	simulation	handles,lifetime,relations,jass	71d265d9d9985be5083245ac10b27eccf7416365
src/Agent/popos_slots2122.cpp	Agent	simulation	handles,lifetime,relations,jass	31e0a779cee22cf4bcfef4ea024d1950d4ecca81
src/Agent/popos_typename_returntopool_dtor.cpp	Agent	simulation	handles,lifetime,relations,jass	b95203f4db7d5d2486199a160d29027f98b3bf99
src/Agent/poposbh.h	Agent	simulation	handles,lifetime,relations,jass	e6506cf5b44ae9eebacaa0258fb63dbeb1ddcd93
src/Agent/poposbh_apply_slot4.cpp	Agent	simulation	handles,lifetime,relations,jass	558e339094770f45f72b9331058cd3c22c96d7ea
src/Agent/poposbh_checksum_dump.cpp	Agent	simulation	handles,lifetime,relations,jass	9e56474d98560651c6a9c73be44686cdf12be57b
src/Agent/poposbh_dtor.cpp	Agent	simulation	handles,lifetime,relations,jass	6fee6d06045683eb2c5eff2d2327f9d333a2f208
src/Agent/poposbh_relatedagents.cpp	Agent	simulation	handles,lifetime,relations,jass	f73d791efae5f45bc3dbfaaf47e4ae818ed93abd
src/Agent/poposbh_saveload.cpp	Agent	simulation	handles,lifetime,relations,jass	89d16f88ff26a6f73ebf594523c56216308901fb
src/Agent/poposbh_slot18.cpp	Agent	simulation	handles,lifetime,relations,jass	a4fab40b0215856023930d2ebb70c6ffa136cf10
src/Agent/poposbh_slot18_gate.cpp	Agent	simulation	handles,lifetime,relations,jass	1d11ebc0459aede1c145e77a4550d4cea0fcc844
src/Agent/poposbh_slot18_outer.cpp	Agent	simulation	handles,lifetime,relations,jass	9d721c40e8aa8fcbc2844af7b5b65ef3d23c9be7
src/Agent/poposbh_slot4.cpp	Agent	simulation	handles,lifetime,relations,jass	59b2eca278324c01a00148f489664c1700a4963a
src/Agent/poposbh_typename_dtor.cpp	Agent	simulation	handles,lifetime,relations,jass	e818e932c9da39662c73e4266da79fbb8a0b1237
src/Agent/poposcl.h	Agent	simulation	handles,lifetime,relations,jass	ec75687f3dc35e8b7018e5e5637fbe06f4b646ad
src/Agent/poposcl_apply.cpp	Agent	simulation	handles,lifetime,relations,jass	ba4bc703c106e3050909b8b70d0d37db0dbcb15a
src/Agent/poposcl_checksum_dump.cpp	Agent	simulation	handles,lifetime,relations,jass	eaf4aa0cbd8379a15242ec8548ab9cedf5101767
src/Agent/poposcl_load.cpp	Agent	simulation	handles,lifetime,relations,jass	3fa7c2074bfbd8346b383c096e70be9577430b98
src/Agent/poposcl_relatedagent_insertafter.cpp	Agent	simulation	handles,lifetime,relations,jass	d2a2db3863095319029e610e26d33f471d7e1ad5
src/Agent/poposcl_relatedagentslot21.cpp	Agent	simulation	handles,lifetime,relations,jass	b2243583f618883d4d78bf9a65ba25e019df93aa
src/Agent/poposcl_relatedagentslot4.cpp	Agent	simulation	handles,lifetime,relations,jass	11938e3f9798bf5ae08ffebf4a394e74f3d79ba6
src/Agent/poposcl_relatedagentslot4_teardown.cpp	Agent	simulation	handles,lifetime,relations,jass	f70e16bee718860882309c532a933cc9af610af9
src/Agent/poposcl_resettailpair.cpp	Agent	simulation	handles,lifetime,relations,jass	d0c0f08b5cd73688e2050c663ead66bf91afb039
src/Agent/poposcl_saveload.cpp	Agent	simulation	handles,lifetime,relations,jass	d2d6fb9f0a0fb254f0bb5a045c20a26248221bc7
src/Agent/poposcl_slots192022.cpp	Agent	simulation	handles,lifetime,relations,jass	e5dae442da487a48e726b88a383ee92543b36ce4
src/Agent/poposcl_typename_dtor.cpp	Agent	simulation	handles,lifetime,relations,jass	469b15f2048fbdcffae1ca21cd73ca9e36696b03
src/Agent/poseparate.h	Agent	simulation	handles,lifetime,relations,jass	b44b44dffbb2ab178a224641954736c54b1c8e09
src/Agent/poseparate_allocateandapply.cpp	Agent	simulation	handles,lifetime,relations,jass	e428a7b0eb7dd4667f9ee080083646d52933c3e1
src/Agent/poseparate_apply.cpp	Agent	simulation	handles,lifetime,relations,jass	c5fb72f3f86552bd9d297120273887e4bfbf2cdc
src/Agent/poseparate_computechecksum.cpp	Agent	simulation	handles,lifetime,relations,jass	2115d4b4cbb6030da2a586da6a16d41733ecb62f
src/Agent/poseparate_dtor.cpp	Agent	simulation	handles,lifetime,relations,jass	d36baeeac729893c9b9d84fe2c9ccaffae997076
src/Agent/poseparate_dumpdebugstate.cpp	Agent	simulation	handles,lifetime,relations,jass	dbd36b3894d3873b58272ceffd1fc864418aa122
src/Agent/poseparate_gettypename.cpp	Agent	simulation	handles,lifetime,relations,jass	04b8016796a67968ebd8141a3dadff474411521f
src/Agent/poseparate_load.cpp	Agent	simulation	handles,lifetime,relations,jass	83e4e1a2783120ad6d6a8f5fed6d0fb3d438f52c
src/Agent/poseparate_optbits.cpp	Agent	simulation	handles,lifetime,relations,jass	27a8e61e3141f59e62d501e1d0833ab5f8b9c8bf
src/Agent/poseparate_pool.h	Agent	simulation	handles,lifetime,relations,jass	c0b707b2463adef3057d583b64819159114f7603
src/Agent/poseparate_pool_alloc.cpp	Agent	simulation	handles,lifetime,relations,jass	7edd65bc63466e47bec88c0549dae9ec0a4d795c
src/Agent/poseparate_pool_stampnew.cpp	Agent	simulation	handles,lifetime,relations,jass	2872148e9f55e5fbb015865a52a4f0d9c973577e
src/Agent/poseparate_returntopool.cpp	Agent	simulation	handles,lifetime,relations,jass	dbd1c2af141ca24877d28fcffb7b9072880b27d0
src/Agent/poseparate_save.cpp	Agent	simulation	handles,lifetime,relations,jass	2e051e3a8614a51cc842805a8b94b60613d1597d
src/Agent/poseparate_slot4.cpp	Agent	simulation	handles,lifetime,relations,jass	da80d9b5b577bfc437c819c65aa23346e3997e4e
src/Agent/poseparatelinkedlist_dtor.cpp	Agent	simulation	handles,lifetime,relations,jass	034ccd44d3f3ee1cf81d49a3cb0985d30fd105e7
src/Agent/prbehavior.h	Agent	simulation	handles,lifetime,relations,jass	439739e1888c828aad1a10871220728f63b389ae
src/Agent/prbehavior_attachhandle.cpp	Agent	simulation	handles,lifetime,relations,jass	fc46cd6ab013adbe469389cad6c81ccf0af2dac6
src/Agent/prbehavior_dispatch.cpp	Agent	simulation	handles,lifetime,relations,jass	fab2e969fc6a8a9aa64ab5c647dc69eb52368aae
src/Agent/prbehavior_dtor.cpp	Agent	simulation	handles,lifetime,relations,jass	296aed45121b8d326ad2a9574cd66581a4b96545
src/Agent/prbehavior_gettypename.cpp	Agent	simulation	handles,lifetime,relations,jass	9c4a72bdf87adba25cee70797b782384da5514c5
src/Agent/prbehavior_load.cpp	Agent	simulation	handles,lifetime,relations,jass	a59d18b51eea7ecf1d5d13462a20fcd09d14eea1
src/Agent/prbehavior_returntopool.cpp	Agent	simulation	handles,lifetime,relations,jass	586265c850fe0b0d43f8cda23d94864c6969b192
src/Agent/prbehavior_save.cpp	Agent	simulation	handles,lifetime,relations,jass	622625dc81ceb4566f4c7d38c5aa6e761dc3145d
src/Agent/prbehavior_teardown.cpp	Agent	simulation	handles,lifetime,relations,jass	865ed3abeee6e680f3c6dab66a94e104fe15d6d7
src/Agent/prbehaviorloadhelpers.cpp	Agent	simulation	handles,lifetime,relations,jass	c7a0333c6599b3a847e4ad8966ae1cafee8a6806
src/Agent/prbehaviorsyncrecord.cpp	Agent	simulation	handles,lifetime,relations,jass	14cc163e3165969255ec87694d357b843ba41826
src/Agent/prcluster.h	Agent	simulation	handles,lifetime,relations,jass	4777410ffea994903c314e31d63668617540c783
src/Agent/prcluster_checksum_dump.cpp	Agent	simulation	handles,lifetime,relations,jass	740d883a8cb4bb9b8a8bed6074cc9f4248d8d87d
src/Agent/prcluster_dtor.cpp	Agent	simulation	handles,lifetime,relations,jass	319f6d03af80948aed387049369e7f706a963974
src/Agent/prcluster_saveload.cpp	Agent	simulation	handles,lifetime,relations,jass	f65fa7d4532305072a9ada6723576cf92a37f7ca
src/Agent/prcluster_slots.cpp	Agent	simulation	handles,lifetime,relations,jass	9be0d5254e1a9069e6866ac57c04e79affc29fe6
src/Agent/prclustergen_checksum_dump.cpp	Agent	simulation	handles,lifetime,relations,jass	bd6fe7a254f2a06be1edbc2b915743b9b11ef669
src/Agent/prclustergen_ctordtor.cpp	Agent	simulation	handles,lifetime,relations,jass	99eddfab456c515533d39f311571d35e5281a7de
src/Agent/prclustergen_helpers.cpp	Agent	simulation	handles,lifetime,relations,jass	e3020aa07c5b95f24ba144d89f89ce529e374d8b
src/Agent/prclustergen_saveload.cpp	Agent	simulation	handles,lifetime,relations,jass	4aaa628ef3b3b1246c910213c85def6559057b9a
src/Agent/prclustergroup_slots2.cpp	Agent	simulation	handles,lifetime,relations,jass	66d0a1e752f8a03ebc915e354a4ff70c072ab112
src/Agent/prclusterlivelist.cpp	Agent	simulation	handles,lifetime,relations,jass	30b2bffcea63670a8e64f1ea563a2367d1c1060d
src/Agent/prclusterlivelist.h	Agent	simulation	handles,lifetime,relations,jass	b57405f3a3355252c8a9a27208e36ffae5384843
src/Agent/prclusterrecordio.cpp	Agent	simulation	handles,lifetime,relations,jass	ab1129bf44f04071de54b8c4b0dc83f69974fdd7
src/Agent/prclusterrecordtable.cpp	Agent	simulation	handles,lifetime,relations,jass	0e957b4607d7ddc9cd58ecf14d69f7d40ad25e0a
src/Agent/presence.h	Agent	simulation	handles,lifetime,relations,jass	d90e8a47b218948b7627f2c7e990fc494a6ffc27
src/Agent/presence_dtor.cpp	Agent	simulation	handles,lifetime,relations,jass	f8f1dfba0a266d93198baa2a8c90ed4d0947ecab
src/Agent/presence_gettypename.cpp	Agent	simulation	handles,lifetime,relations,jass	37bc0966113c41b16d9edd703ef84a9f2ec54281
src/Agent/presence_returntopool.cpp	Agent	simulation	handles,lifetime,relations,jass	3a13a140c1c264347de1a9765348695bc4ec142d
src/Agent/presence_slot4.cpp	Agent	simulation	handles,lifetime,relations,jass	bc142023bfe1dcb3e501f21d2cdcfab8a0cb05eb
src/Agent/presenceref.h	Agent	simulation	handles,lifetime,relations,jass	b60d859555222ba491c992e8cd8d615857014a21
src/Agent/presenceref_deleteself.cpp	Agent	simulation	handles,lifetime,relations,jass	f0ed78bfef75ed8984462f19b8fd756473171e44
src/Agent/presencetagged_dtor.cpp	Agent	simulation	handles,lifetime,relations,jass	9a68fc865118f195dae384c1c56cc0d4a544bd75
src/Agent/presencetagged_dumpdebugstate.cpp	Agent	simulation	handles,lifetime,relations,jass	99eff2fd6236c3c8142bfd68d3c333ceb86ff597
src/Agent/presencetagged_returntopool.cpp	Agent	simulation	handles,lifetime,relations,jass	017e58495b28619727d67909236584431140eb8e
src/Agent/proximitymap.cpp	Agent	simulation	handles,lifetime,relations,jass	dfd7f6f627f35f5d01d7ffcc801802026164a50a
src/Agent/proximitymap.h	Agent	simulation	handles,lifetime,relations,jass	8ac60038e55a6710ef594ed6ab11618b4cbab05d
src/Agent/proximitymap_initgrid.cpp	Agent	simulation	handles,lifetime,relations,jass	88c62b9bc6c0cf3838944770a766a81ba02b5098
src/Agent/proximitymap_outofscope_thunks.cpp	Agent	simulation	handles,lifetime,relations,jass	ceac89021d68f2b2114fd319d3a5259fa90e6ff2
src/Agent/proximitymap_teardown.cpp	Agent	simulation	handles,lifetime,relations,jass	b283e8dc0eadcf9e95836d3ddf458d28562e723e
src/Agent/purecallstub.cpp	Agent	simulation	handles,lifetime,relations,jass	59e27f467fb8720f90cd5bdd4c4a7688c41cd5d3
src/Agent/queryfield.cpp	Agent	simulation	handles,lifetime,relations,jass	cf5beacfe58d72f3e0d44ba3a790ca18ffde785d
src/Agent/querymodegate.cpp	Agent	simulation	handles,lifetime,relations,jass	be5a4837a007d94ba2c92e18ad644792e093e580
src/Agent/refcnt.cpp	Agent	simulation	handles,lifetime,relations,jass	1097b6c33c3b9c18bf1b1c02a4f9d6c4119994ab
src/Agent/refcnt.h	Agent	simulation	handles,lifetime,relations,jass	947b497bfb9c5e9cee87ec8574db2161095574f4
src/Agent/refcnt_deleteself.cpp	Agent	simulation	handles,lifetime,relations,jass	12595044633d4eab42808b168834ac8c8a0be602
src/Agent/refcnt_release_forward.cpp	Agent	simulation	handles,lifetime,relations,jass	3002dde8eea72c4488cba764ca45c1d8501c1f0d
src/Agent/refcnt_self.cpp	Agent	simulation	handles,lifetime,relations,jass	3a60d0d1e86cdd25e56d9368995d944f8b56d30a
src/Agent/relation.h	Agent	simulation	handles,lifetime,relations,jass	927c3073bbdc1150ca06f3bfc26248b79c4cb58e
src/Agent/relation_deleteself.cpp	Agent	simulation	handles,lifetime,relations,jass	12f7db0f42ac3794d61a41373abdd969b288973f
src/Agent/relationconstant.cpp	Agent	simulation	handles,lifetime,relations,jass	9266fdfa2d5e41eefe0d5d2c11ddc8142661b90e
src/Agent/relationconstant.h	Agent	simulation	handles,lifetime,relations,jass	41a067d1a9c23d2d72521c9c72278779d39d7b03
src/Agent/rlagentdef.h	Agent	simulation	handles,lifetime,relations,jass	2b787fcf058060cc039dd465723a5e22a75e7199
src/Agent/rlagentdef_apply.cpp	Agent	simulation	handles,lifetime,relations,jass	c3e8f9b70f09b938b4d384b304117466e668bfbf
src/Agent/rlagentdef_dtor.cpp	Agent	simulation	handles,lifetime,relations,jass	a38e64a429267e16441b7d6b3c3d755580ccddd1
src/Agent/rlagentdef_gettypename.cpp	Agent	simulation	handles,lifetime,relations,jass	1403f4f17b0db008a79fe70b1a65ab9fb8ce44a8
src/Agent/rlagentdef_linknoderegistry.cpp	Agent	simulation	handles,lifetime,relations,jass	ff19bfd42ba5941538c7df102e9c1cb5a314314e
src/Agent/rlagentdef_load.cpp	Agent	simulation	handles,lifetime,relations,jass	ba452e16ebac4aac041e6c9de5d6af8ccb720a1c
src/Agent/rlagentdef_recordarray_thunks.cpp	Agent	simulation	handles,lifetime,relations,jass	7931845122f83d4bd888ae8c874cfb76ae533ec4
src/Agent/rlagentdef_returntopool.cpp	Agent	simulation	handles,lifetime,relations,jass	6a1452c120650c2e15dc2222eeec8c83748d2370
src/Agent/rlagentdef_save.cpp	Agent	simulation	handles,lifetime,relations,jass	c367f7871a45a0a897885889665437b3e824e964
src/Agent/rlagentdef_scalardtor.cpp	Agent	simulation	handles,lifetime,relations,jass	9d26a520a10a0b36c549fa2d67b5bb1e08e55281
src/Agent/rlagentdef_slot4.cpp	Agent	simulation	handles,lifetime,relations,jass	5b2a325bfa358630d13456e8575db92ed777d611
src/Agent/rlproperty.h	Agent	simulation	handles,lifetime,relations,jass	09bda9d865241309483a89fbacb82f4ea3f77ce6
src/Agent/rlproperty_apply.cpp	Agent	simulation	handles,lifetime,relations,jass	72f9b90b1580886b9303642d81261b4f1fb10011
src/Agent/rlproperty_checksum.cpp	Agent	simulation	handles,lifetime,relations,jass	041dce15f245994cbb1ebf02c250692be0b09a67
src/Agent/rlproperty_detachdependents.cpp	Agent	simulation	handles,lifetime,relations,jass	ed7b6506ba498f16076042cc91ca90ddba95e1fd
src/Agent/rlproperty_dtor.cpp	Agent	simulation	handles,lifetime,relations,jass	c000906b28d392daaf46840aaac4685608a4c1e9
src/Agent/rlproperty_dump.cpp	Agent	simulation	handles,lifetime,relations,jass	422729c8f59acb9f993da05e77840c23141152e7
src/Agent/rlproperty_gettypename.cpp	Agent	simulation	handles,lifetime,relations,jass	e4d46fac2d59167c1f752d37c7b0c0e3a6bbc098
src/Agent/rlproperty_load.cpp	Agent	simulation	handles,lifetime,relations,jass	aae88f1f812a6b2a37278a51861108ad7bc4a20a
src/Agent/rlproperty_returntopool.cpp	Agent	simulation	handles,lifetime,relations,jass	22f5e8895de537f8d1070dc49ba5645944d25324
src/Agent/rlproperty_save.cpp	Agent	simulation	handles,lifetime,relations,jass	7f117eba708fc6026c230509493606a3234eb7a5
src/Agent/rlproperty_slot4.cpp	Agent	simulation	handles,lifetime,relations,jass	7f8695b020ef964f7440c55bb662c915d6bddb9c
src/Agent/scratchpoolowner.cpp	Agent	simulation	handles,lifetime,relations,jass	17b8a418fff690cf6654d6f27b1a348bfca6d034
src/Agent/selectabletypedassign.cpp	Agent	simulation	handles,lifetime,relations,jass	f5eac5286602294ee08ab594cfab244f6b63a537
src/Agent/taskactiontypedassign.cpp	Agent	simulation	handles,lifetime,relations,jass	0a67b42c988204c0fbe17461960200d6b10ed742
src/Agent/togglemodifier.h	Agent	simulation	handles,lifetime,relations,jass	156443f6c69d29e1b13f3db58e7dc8011327829f
src/Agent/togglemodifier_deleteself.cpp	Agent	simulation	handles,lifetime,relations,jass	28a27fdd7f38a82370a10ebd498d940b0a306675
src/Agent/trefcnt_dtorstamp_6f383b90.cpp	Agent	simulation	handles,lifetime,relations,jass	aa85a686ef2352ccffed6b4e7e8cfb6d9c526f15
src/Agent/unitfilterdefaults.cpp	Agent	simulation	handles,lifetime,relations,jass	14b53d828f38c385b94a33c57ae14b5d345bccdd
src/Agent/unitfixedtypequery.cpp	Agent	simulation	handles,lifetime,relations,jass	074c1d4eeed60e17e21d6b339a81a84fd545f6ff
src/Agent/unitquerycircle.cpp	Agent	simulation	handles,lifetime,relations,jass	02a41c157a200ac959ace2294e30d3a4b4f6d93a
src/Agent/unitquerycircleradius.cpp	Agent	simulation	handles,lifetime,relations,jass	886226f2e1376d45eb09fae7abb9f77f94b26127
src/Agent/unitqueryfoldmask.cpp	Agent	simulation	handles,lifetime,relations,jass	211563cb11f5f26f17bff1e9387c15d8b8786be9
src/Agent/unitqueryoftype.cpp	Agent	simulation	handles,lifetime,relations,jass	e01647717e882b845e8657dea282da43c800e88b
src/Agent/unitquerypool.cpp	Agent	simulation	handles,lifetime,relations,jass	0c001851b8b8a3a785b596da3cc379b3df7cddcf
src/Agent/unitqueryrecord.cpp	Agent	simulation	handles,lifetime,relations,jass	c85abeb19331d16c06f2a88c4703d68c23161452
src/Agent/unittypedassign.cpp	Agent	simulation	handles,lifetime,relations,jass	ddea3dc4275963c4e10bc5ff4fce008d579c4e86
src/Agent/vslot4_refcnt_forwards.cpp	Agent	simulation	handles,lifetime,relations,jass	712a93429d59cddbe5542fce63b474e552b31ffb
src/Agent/vslot4thunk.cpp	Agent	simulation	handles,lifetime,relations,jass	a29402c26aa55c41a018e044fac4906261c46125
src/Agent/vslot4thunk.h	Agent	simulation	handles,lifetime,relations,jass	a12dae3aea2c8ed495590054d687eff3d2b7016b
src/Agent/widgettypedassign.cpp	Agent	simulation	handles,lifetime,relations,jass	d0d99bceecfec335218c5baaa6a41fb20b3a9ba4
src/Compress/zlibblocksfree.cpp	Compress	resources	compression	63e89960a63c0e39c1f425baf7a17a23f7628c26
src/Compress/zlibblocksreset.cpp	Compress	resources	compression	09059d367e857642d72409f2ba1458abe3ac56ff
src/Compress/zlibcodesfree.cpp	Compress	resources	compression	270f1421c7f7b741ee798ce49901490fac82278a
src/Compress/zlibdeflateend.cpp	Compress	resources	compression	228b69063c8225050814014423415339edbc4e47
src/Compress/zlibinflateend.cpp	Compress	resources	compression	869f7f81e02ce5d8a0eccc3e94f4ee57ba151415
src/Compress/zlibint.h	Compress	resources	compression	8d814297a6249ed39e9b44ac6421c9238a943f59
src/Config/CMiscCustom.cpp	Config	resources	configuration,map-overrides	69cd470923efd7e1fa99541d09058450aa72119b
src/Config/CMiscCustom.h	Config	resources	configuration,map-overrides	91177cee3a4e264945f3efcf6c5c38deaa3b6fb2
src/Config/CSkinCustom.cpp	Config	resources	configuration,map-overrides	0546af5596cbb036dde7b4de16f58b1c05700135
src/Config/CSkinCustom.h	Config	resources	configuration,map-overrides	9d377729e206e13adfcb7bbe669b6026011cef4b
src/Config/config.h	Config	resources	configuration,map-overrides	dc1abaabed0533a620aeac21f2046d519368e997
src/Config/configcolor.cpp	Config	resources	configuration,map-overrides	60d4284aae6251bc88cdcfc9f65a737d74ca430f
src/Config/configfile.cpp	Config	resources	configuration,map-overrides	8dcb58bd7cb3d37c9f5e8b05692572906a829647
src/Config/configfind.cpp	Config	resources	configuration,map-overrides	fae9282ceb719362a9a94ca9d33e53ca6a5c4b46
src/Config/configfloat.cpp	Config	resources	configuration,map-overrides	3aaf522b8e12aa432fd96570369e21b9cd0333be
src/Config/configfloatvalue.cpp	Config	resources	configuration,map-overrides	6b421963817bc1f1d402bd5cd6fb131cfc403139
src/Config/configgates.cpp	Config	resources	configuration,map-overrides	919bc95a9e77e48efa8eb127eb3d688c9d29c551
src/Config/configint.cpp	Config	resources	configuration,map-overrides	4642cbe47aca9eddbbe539db7b8d238ffc822375
src/Config/configint_duplicate.cpp	Config	resources	configuration,map-overrides	cc97dd5910106cbbb7cbbf57c2402b34e1c5623a
src/Config/configintvalue.cpp	Config	resources	configuration,map-overrides	7a76defa4adefef0332d77c61ae002470f21bf7d
src/Config/configsource.cpp	Config	resources	configuration,map-overrides	d99239cb1f2dd9c8bcc9b6762cd4a8d10d104cf2
src/Config/configsourcechecksum.cpp	Config	resources	configuration,map-overrides	fc297b6f97f71ab24ebc0d18f88c79f790a75ab0
src/Config/configsourcegetint.cpp	Config	resources	configuration,map-overrides	2c45b9ada59697bffc517bc61bb6500eb3ec1baf
src/Config/configstringthunks.cpp	Config	resources	configuration,map-overrides	b3e73c2f119a3ca5a765aee5af8c42763089b5b6
src/Config/configvalue.cpp	Config	resources	configuration,map-overrides	1749951a12c970c7209452d1d75db4d89504cbcb
src/Config/gamedefaultconfig.cpp	Config	resources	configuration,map-overrides	c5e305ab365fb147246181e620335313a9527338
src/Config/gamedefaultconfig.h	Config	resources	configuration,map-overrides	4b3c16269b81fbd3eee1bafba691172f653f04ca
src/Config/gamedefaultconfigcolor.cpp	Config	resources	configuration,map-overrides	f30bd0cd85e6eba7dccee640626b57384264510c
src/Config/gamedefaultconfigvec3.cpp	Config	resources	configuration,map-overrides	825651c306be488e48e9ce54ad743b8514bfb9ef
src/Config/gamestrings.cpp	Config	resources	configuration,map-overrides	ee96863887aeb59be3b628cedbadd66609c2b15c
src/Config/gamestrings.h	Config	resources	configuration,map-overrides	5b33a65f08c55a6c86efff76eda67d6a7fc7c385
src/Config/hprofile.cpp	Config	resources	configuration,map-overrides	455c720122b73359e2f0da0c2866fed4048837e2
src/Config/miscdata.cpp	Config	resources	configuration,map-overrides	aea24d66e3f0fa028112b9ea024f7b6ebd5ada2a
src/Config/miscustom_deleteself.cpp	Config	resources	configuration,map-overrides	d9e725455a227ba2b3ccf616e8d17cf382fa0af7
src/Config/miscustom_dtor.cpp	Config	resources	configuration,map-overrides	f6076ca461cfe592707837150df50252649e6894
src/Config/miscustom_teardownsources.cpp	Config	resources	configuration,map-overrides	934eb90a799eace208bb6e66f2ac762368f8eb82
src/Config/parseconfigint.cpp	Config	resources	configuration,map-overrides	38a700090114f28cfce9134810357afd3347f90f
src/Config/preferenceapply.cpp	Config	resources	configuration,map-overrides	1b6d1de1f8fbe3ac2de9a90c1f2412e78d095846
src/Config/preferenceapplystored.cpp	Config	resources	configuration,map-overrides	00dd115e4391f2d51c9a6a603e709a28ad0905c9
src/Config/preferencecachefind.cpp	Config	resources	configuration,map-overrides	8b5603b6747c296e171e224e0a066582853acd0b
src/Config/preferencehashtable.cpp	Config	resources	configuration,map-overrides	08315f89deae341c0fbe93810efc8b500107c601
src/Config/preferences.cpp	Config	resources	configuration,map-overrides	8cd6bb1100de6717cc78cf50ff13f000540e921f
src/Config/preferences.h	Config	resources	configuration,map-overrides	08533f331ac87e3bb8de3093961e7fb39c0ec035
src/Config/preferencesapplyfive.cpp	Config	resources	configuration,map-overrides	871896a4bbb0f1f6a30b8edc83d45c98d96d1e2d
src/Config/preferencescreenconfigthunk.cpp	Config	resources	configuration,map-overrides	62224665523ccff78bdb3cb9ebdb02025bb434bf
src/Config/preferencesctor.cpp	Config	resources	configuration,map-overrides	be063b43cb0b63e6239f0b8099ed46b93b01a426
src/Config/preferencesdefaultcache.cpp	Config	resources	configuration,map-overrides	25e01bfb8e018b201af9ee70878f7332aa79a27a
src/Config/preferencesdestroy.cpp	Config	resources	configuration,map-overrides	bcf7c35073d5309fd370e744d1583663e29f97a3
src/Config/preferencestore.cpp	Config	resources	configuration,map-overrides	303b6ea37f7d4a28af283ee27de008d9a7c7d390
src/Containers/agentptrarray_thunks.cpp	Containers	resources	shared-containers	a0fb723a630ae4d946afd77d92e4bad16028c5c0
src/Containers/agentquerypool.cpp	Containers	resources	shared-containers	c4bf71d009fdbb7444bbe4ea49f9f70f6460f50a
src/Containers/allochash.inl	Containers	resources	shared-containers	f21babb60e09965b629f509be6e3777d879e2d76
src/Containers/allochashtable.h	Containers	resources	shared-containers	b4bfb55d840e6f11b8750dbe544704ff74879536
src/Containers/allyslotarray.cpp	Containers	resources	shared-containers	c974c93c6e4d75506b19a8d73c297b1b997aa60a
src/Containers/cimvectorarrayassign.cpp	Containers	resources	shared-containers	888599efd9aecff515a338e693097c0186a76038
src/Containers/commandregtable_dtor.cpp	Containers	resources	shared-containers	2778dfa3c2903acd36dfb40309f786eaf15c21f6
src/Containers/computechunk21.cpp	Containers	resources	shared-containers	10d39825cdf2985f5cafd52426a07190011482ce
src/Containers/computechunk256.cpp	Containers	resources	shared-containers	98f45bf8b3d219c3e1443824b9838cb434b9ae57
src/Containers/computechunk8.cpp	Containers	resources	shared-containers	e17d09e6cae8f1df60256b3db01e3098b5db09dc
src/Containers/cunit_agent8_hashinstantiation.cpp	Containers	resources	shared-containers	3b8c888f89f756f052ff058278a412aca57a8161
src/Containers/destructableptrarray.cpp	Containers	resources	shared-containers	97bf951e2cdad8a1e40d83ddc1e28fb051eaa580
src/Containers/effectimageptrarray.cpp	Containers	resources	shared-containers	4336cd46a3273484869db9d05cf341df2e9e4c73
src/Containers/fogmaskptrarray.cpp	Containers	resources	shared-containers	598c9cfd9c2c5c8e368ddcf00f863915566afcd8
src/Containers/fogmaskrows.cpp	Containers	resources	shared-containers	c6d08c99005c2488f9db8766dcea3d83da0c602e
src/Containers/fogmasktypes.h	Containers	resources	shared-containers	38f1c6f1c528e54db4e8c9743c403a37a2fef369
src/Containers/fognodearray.cpp	Containers	resources	shared-containers	4e9e41a68e5dc89a6d76a16ac8cfbe6ee8189e01
src/Containers/fogspanarray.cpp	Containers	resources	shared-containers	75ec1e13173caeb9359f6287b5d33e803aa68b10
src/Containers/gamestringtable.cpp	Containers	resources	shared-containers	67ec75b9e98e06dc1a6d9540e02bfcbe16f0c2fb
src/Containers/genericelement32array.cpp	Containers	resources	shared-containers	a35a3e0b8f3cd117c52678229aaf0c40691d9a3e
src/Containers/ghostimageagentptrcount.cpp	Containers	resources	shared-containers	b5f7daa25817e8924e31744a9345f3a5acaa9be3
src/Containers/ghostimageptrarray.cpp	Containers	resources	shared-containers	e01fe82ba7f8beb6cb81f93e96ace3f2b66fd666
src/Containers/ghostimageslot.h	Containers	resources	shared-containers	06970ad7d624303d478ecaef63fb91a2c12bbb9d
src/Containers/growablehandlearray.cpp	Containers	resources	shared-containers	a6a09ad20f4bbbce6f80fcae95d88e44eff4f633
src/Containers/hashtablectors.cpp	Containers	resources	shared-containers	acfda24af0adba244ec8f074ec30b497b1096e6d
src/Containers/hashtablectors.h	Containers	resources	shared-containers	f7f9d15dcf45d06283e44ce4ea5fc00da22eb3ef
src/Containers/hashtablep.inl	Containers	resources	shared-containers	d9cc30bfc4f0e2126743e0166903c2c48bd56f81
src/Containers/intarray.cpp	Containers	resources	shared-containers	486f42cba508aa0fa1d2a75cf5e90b90fe9536a8
src/Containers/itemagentptrarray.cpp	Containers	resources	shared-containers	1d4da4b14a4190f71427128d792c8cfa708262f2
src/Containers/itemptrarray.cpp	Containers	resources	shared-containers	ccd2c4255618cb956b1d3ecfe6eaabc14302dab1
src/Containers/jasstsliststray.cpp	Containers	resources	shared-containers	d6133e5ad00594bd75f8ad02c3c84a41e9d327ad
src/Containers/nativetokentableunlinkall.cpp	Containers	resources	shared-containers	e96c75dc70cb2b5191ac1e73de6442b909fb561d
src/Containers/nodemapdeparray.cpp	Containers	resources	shared-containers	f82b32c2bc5e03b05f045b9d6e92c567bafecd67
src/Containers/ordertypereglookup.cpp	Containers	resources	shared-containers	f809a3907aa5236e5adfafcde8f01ead2169f46d
src/Containers/ordertyperegtable_dtor.cpp	Containers	resources	shared-containers	9130415fd904a6e00f3eed882f1a244440321b5d
src/Containers/pathingmapindicatorptrarray.cpp	Containers	resources	shared-containers	45ffea9fe110d968884a0039161c423de71e5eef
src/Containers/predarray.cpp	Containers	resources	shared-containers	8454a303a14c415b63a793f8d6f663aab2c3ef38
src/Containers/preselectuiptrarray.cpp	Containers	resources	shared-containers	bdc33b3f470e2d829a844046e90a813b5a330c13
src/Containers/ptrarray.cpp	Containers	resources	shared-containers	1dea6e974e16c2b66cd729108936e17648d000d3
src/Containers/rotatingbytemix.cpp	Containers	resources	shared-containers	14495e447b5e098ef3ccb0ebf28cc2ff305958f9
src/Containers/rotatinghash.cpp	Containers	resources	shared-containers	9936b2b47e59b69f7883b5d5742ad702394f9c69
src/Containers/roundtopoweroftwo.cpp	Containers	resources	shared-containers	a8826bb204c7ec13d9b18373908a74ec7fdf6734
src/Containers/selectableagentptrcount.cpp	Containers	resources	shared-containers	cf1e5ad6aa323ed963fdfe1cb0b5c13666e00783
src/Containers/selectableptrarray.cpp	Containers	resources	shared-containers	9c2c840ff93deb0f74015bb141a62980cebd49bb
src/Containers/selectableptrarray_new.cpp	Containers	resources	shared-containers	3817a7eb025c55e07ba18dbd1c2118a9553194f1
src/Containers/shortcutregnodelist.cpp	Containers	resources	shared-containers	a7a5af62d3f88eaab0439da57510570d306d0357
src/Containers/spritearrayreleasetwice.cpp	Containers	resources	shared-containers	4ebce8b15ee2366ac129a6f934919d70a4a21dce
src/Containers/spritehandleptrarray.cpp	Containers	resources	shared-containers	6d3de572d72123230c9202a9de22a7f98ba4a6b5
src/Containers/statusentrylist.cpp	Containers	resources	shared-containers	72985bdaf3d9fe1cb6d93051983ea93d9eca3a5b
src/Containers/sweep_array_indexers.cpp	Containers	resources	shared-containers	439863a36ad13c7a515b5cb06a2efb28306c5d60
src/Containers/terrainlistunlinkall.cpp	Containers	resources	shared-containers	9165ac577b7e6ad539cd2b2f1a4ea022d884d5c2
src/Containers/tsarray.cpp	Containers	resources	shared-containers	9f3e46e44b43f03514443a365ddfbf73c1ffa460
src/Containers/tsarray.inl	Containers	resources	shared-containers	c0c6b83917a49054f1530c387e2db03795d32a7f
src/Containers/tsfixedarray.inl	Containers	resources	shared-containers	9add411df1caa59d0c0fbc14a3984c44c2ecf40f
src/Containers/tsfixedlist.inl	Containers	resources	shared-containers	9d4e508e2ba04bbed583c32d57fc454281614588
src/Containers/tshash.inl	Containers	resources	shared-containers	bf2bf48e2ce798b8eb68cd36ed3b66325db36320
src/Containers/tshashstr.inl	Containers	resources	shared-containers	d9cab7564d7bed39c55915ee5fbe36121690f564
src/Containers/tshashtable.cpp	Containers	resources	shared-containers	d11201fa3abca91805783c9bfb19cf46b679c846
src/Containers/tshashtype.cpp	Containers	resources	shared-containers	aa985f69883c78406cb01480c401bd5e2492a8ff
src/Containers/tslist.cpp	Containers	resources	shared-containers	9506e0b5a80e1922e891c6d671f2799bbad4cd25
src/Containers/tslist.inl	Containers	resources	shared-containers	9a676ebc557f14f2126896c038d70b5b872a8c17
src/Containers/tslist_destroy.inl	Containers	resources	shared-containers	26711fec5495d51fe5734e029ec30e0e3ab3fddd
src/Containers/unitagentptrarray.cpp	Containers	resources	shared-containers	4c7fb1c7250e8776aca8e4ff3297ba8f1c28c4b0
src/Containers/unitagentptrarraycount.cpp	Containers	resources	shared-containers	e26374e61cac5d57a4ca50c87dd007417a082a33
src/Containers/unitptrarray.cpp	Containers	resources	shared-containers	e6b571c25ac28845e2c728c4eb88e4d46042638d
src/Containers/unitquerypoolarray.cpp	Containers	resources	shared-containers	7d238e3ca8eb0314461afe0e6bfd5ad877a11449
src/Containers/vectorfree_c3vector.cpp	Containers	resources	shared-containers	f25b34ee47b0834efdd5c6bc6fe9a7fd7dfb8873
src/Containers/vectorfree_handle.cpp	Containers	resources	shared-containers	d531599beb5dccccd17740d8ea83cff7303f120e
src/Containers/vectorfree_imvector.cpp	Containers	resources	shared-containers	57af3ae0a0c28b98b7b344782495dac657a639c0
src/Containers/vectorfree_intptr.cpp	Containers	resources	shared-containers	d2d9e53791572fc6abdf5a1456270c8bf1e65261
src/Containers/vectorfree_ptr.cpp	Containers	resources	shared-containers	cc9f6fd5686e70ab565ef54107e25960c88a4b6c
src/Frame/backdropctor.cpp	Frame	presentation	ui,events,layout	4a0cfcd969362193ec88d2d27a1e00b66238d958
src/Frame/backdropframector.cpp	Frame	presentation	ui,events,layout	6b826cbf8db55159c3031493663c9f703c9eee95
src/Frame/backdropgenerate.cpp	Frame	presentation	ui,events,layout	2cbb2366fa42cf67f3e6c7aed22d1c35f58d7bac
src/Frame/buttonenable.cpp	Frame	presentation	ui,events,layout	1c554db4c6c7277fc79947c05d4da68813f9c415
src/Frame/buttonframe.cpp	Frame	presentation	ui,events,layout	a0d1e54699978613ec3697a649cedbec9b911d10
src/Frame/buttonslottexture.cpp	Frame	presentation	ui,events,layout	274e269c408101fb8d657513a9b90790236642d1
src/Frame/clayer.h	Frame	presentation	ui,events,layout	f38ebd0ff38a0086dc6ddce6e5f7dc63a9c3d4a4
src/Frame/clayerchildren.cpp	Frame	presentation	ui,events,layout	774a7e1310914b5e5e88b7da8af6661b2f8fae48
src/Frame/clayerctor.cpp	Frame	presentation	ui,events,layout	85370fda4ce101791ed5cff720535687c1e87f7c
src/Frame/clayerinsert.cpp	Frame	presentation	ui,events,layout	a286e882dca0bd7f88c0214a80f4eb5e7d51a0df
src/Frame/clayersetowner.cpp	Frame	presentation	ui,events,layout	493562a9cd9f0216d5bb4cb22dc3e6f0d5e9fdba
src/Frame/clayoutframector.cpp	Frame	presentation	ui,events,layout	a0d4979b02319410332a1242eb1fdf63d6db1506
src/Frame/controlframe.cpp	Frame	presentation	ui,events,layout	ae5e435e59f7d03ef1eb74991bf6357aa40b0b31
src/Frame/cpufeatures.cpp	Frame	presentation	ui,events,layout	fdd238f79313d1613230528567dc05d74e3a3700
src/Frame/cursorframe.h	Frame	presentation	ui,events,layout	589c9696d82c67c65a7cb3181df6b30c434a12b0
src/Frame/cursorframector.cpp	Frame	presentation	ui,events,layout	21b01446f15a5a8567f3e7fc9741bbf0f7de8347
src/Frame/eventbind.cpp	Frame	presentation	ui,events,layout	8b82b25ce366e38a58aa4f919f875643c287dc0e
src/Frame/eventbindalt.cpp	Frame	presentation	ui,events,layout	9107aa4cd041481daaf0c41a98f38df50942946f
src/Frame/eventbucket.cpp	Frame	presentation	ui,events,layout	5ec67274f262300895efb05c6e187aeda16543cc
src/Frame/eventkeyquery.cpp	Frame	presentation	ui,events,layout	634fffca40b655b453173627cbc4abb4165a1beb
src/Frame/eventpending.cpp	Frame	presentation	ui,events,layout	677b51abc8249a094d6fff751a22d07a4b0e4484
src/Frame/eventregister.cpp	Frame	presentation	ui,events,layout	dce0370912b7ed08d55a17fab87d4697e4cf909a
src/Frame/eventregistry.cpp	Frame	presentation	ui,events,layout	2d1aa2c50d19631fda2026f9c50ceefb3b3cd1cc
src/Frame/eventremove.cpp	Frame	presentation	ui,events,layout	39025a9d2eee8d661f7692775b250976bad0de4a
src/Frame/eventtimer.cpp	Frame	presentation	ui,events,layout	fe9b70cd3bae6eb0e8ddf9bcaea124afe052d7fe
src/Frame/eventunregister.cpp	Frame	presentation	ui,events,layout	733748426c46d5023f3693321b7a97097be075ce
src/Frame/fontstring.cpp	Frame	presentation	ui,events,layout	9d103524ae7a667761de646de61a5323d69f1a5b
src/Frame/fontstringcolor.cpp	Frame	presentation	ui,events,layout	d45a9492179288b572213d8f03486e19f93b1843
src/Frame/fontstringfont.cpp	Frame	presentation	ui,events,layout	76708d9b604caa43334857effe31c9f9b205435a
src/Frame/fontstringjustify.cpp	Frame	presentation	ui,events,layout	cb20f015427b5daeec7d25acc17c5640bdf98022
src/Frame/fontstringlength.cpp	Frame	presentation	ui,events,layout	78e618b9ed6b9e3a006e529cf6fdc7b43a2e6e22
src/Frame/fontstringrebuild.cpp	Frame	presentation	ui,events,layout	e22dc7a2232c5c72d5c21aabf567b831a6976132
src/Frame/fontstringshadow.cpp	Frame	presentation	ui,events,layout	6a0001a09809009241d0026ac81c3aafc2d97742
src/Frame/fontstringtext.cpp	Frame	presentation	ui,events,layout	cc2066b9e8322e88b29f2271b70e09cc1fc6330d
src/Frame/frame.h	Frame	presentation	ui,events,layout	a8b2d0e4467d1e2239567e2bc1325fd41dbf4e12
src/Frame/frameadddep.cpp	Frame	presentation	ui,events,layout	44e6a7c034ae7f179fdaedbe0427873abb3b3aa6
src/Frame/framechildbroadcast.cpp	Frame	presentation	ui,events,layout	47a3af806849e2d960190814df9ef7644a1adfb8
src/Frame/frameclearpoints.cpp	Frame	presentation	ui,events,layout	92e3de6cd9fdd789091fe58400e21d9af475fe1a
src/Frame/framecore.cpp	Frame	presentation	ui,events,layout	3e256c7d89ba633ada2ce6145badb4e47cc17bf4
src/Frame/framecreate.cpp	Frame	presentation	ui,events,layout	4702ef16526530657f46227af17bdccc9257f00d
src/Frame/framecreatehandlerarrays.cpp	Frame	presentation	ui,events,layout	916e570c62663fbe2b7d25e45c3e4a61c13632e0
src/Frame/framecreatehandlerfind.cpp	Frame	presentation	ui,events,layout	cb7dbaf869eb32eb56bb69e0b3b4def72433242a
src/Frame/framecreatehandlernew.cpp	Frame	presentation	ui,events,layout	337eda13b1c6c8fce3c45128525e3a3e64ff3747
src/Frame/framecreatehandlerregister.cpp	Frame	presentation	ui,events,layout	de4205752eaa7bb67c9cc5a3dad75417a2387c92
src/Frame/framecreatehandlerresolve.cpp	Frame	presentation	ui,events,layout	729d4f51fb2a7ad88b23c6ef396b9bb8554e1c91
src/Frame/framecursorcontroller.cpp	Frame	presentation	ui,events,layout	30fbb88f8c27b944ec9e9932e5378ddbe8451f83
src/Frame/framedefcreateinstance.cpp	Frame	presentation	ui,events,layout	9012128a3edc9a8aeb0c9ed069ea455796d9e2ea
src/Frame/framedefcreatename.cpp	Frame	presentation	ui,events,layout	9fe60c7ae5f2386bd555a1f5440d343f34c0cfb9
src/Frame/framedefcreatesimple.cpp	Frame	presentation	ui,events,layout	874e25d74777c5e2430ad778815651a2c16d9de5
src/Frame/framedeffind.cpp	Frame	presentation	ui,events,layout	41985d2b5b3cb8df89d0955fa58cac3d68da36ec
src/Frame/framedestroyslotlayer.cpp	Frame	presentation	ui,events,layout	2d35aeb0876a05a37c77d6c253024158beec7364
src/Frame/framedispatchforward.cpp	Frame	presentation	ui,events,layout	c14db92f5c092573cd3f8d365d802171a9c3bbbc
src/Frame/framelight.cpp	Frame	presentation	ui,events,layout	f620fb5d1ed5403a97da3a9749ffded35dc62b94
src/Frame/framelightfog.cpp	Frame	presentation	ui,events,layout	887f4ee2c192d579723db2b5be25b3be42c6386d
src/Frame/framelist.cpp	Frame	presentation	ui,events,layout	860a0c20b0ee74f89688b01094cd4316d8fab1d0
src/Frame/framelistinstances.cpp	Frame	presentation	ui,events,layout	90cc0ce1231e193ec5e779eddb99e2e3ee994147
src/Frame/framenodelist.cpp	Frame	presentation	ui,events,layout	14b447393406ae18eed10baa14b55030bf6e0503
src/Frame/frameownertoggle.cpp	Frame	presentation	ui,events,layout	183fa953affed9fe054d3b3d736f667bbc68f0c0
src/Frame/frameownertoggleslots.cpp	Frame	presentation	ui,events,layout	babefb6965d94bae50966da66243c00b532b86a5
src/Frame/framepoint.cpp	Frame	presentation	ui,events,layout	c0f60423d4103b80a95769101611411354957dcc
src/Frame/framepointrelease.cpp	Frame	presentation	ui,events,layout	b88ac61454c22824023f15b303b5ce44232eef24
src/Frame/framepriorityalloc.cpp	Frame	presentation	ui,events,layout	5cb369ca400ebc0171a67c22a2b963c7de92b555
src/Frame/frameprioritycount.cpp	Frame	presentation	ui,events,layout	7bf1ce1d5db30268ea751680ca179dbf77722d88
src/Frame/framepriorityerase.cpp	Frame	presentation	ui,events,layout	7059bc6ec4a1c3d5bffc259ee1dbd6118ecc7693
src/Frame/framepriorityinsert.cpp	Frame	presentation	ui,events,layout	1843bd1c339f19ed9e7b12d1b969468738399388
src/Frame/framequerystate.cpp	Frame	presentation	ui,events,layout	3fc2ead1900f80109aea938ef6333df42dba9f96
src/Frame/framequeuelayout.cpp	Frame	presentation	ui,events,layout	5e87c2f7231112bd19ec75e2241f550d896b800b
src/Frame/frameraiseflag.cpp	Frame	presentation	ui,events,layout	bdbea862cd0081062cb28b1250c016dd5c284b66
src/Frame/framereg.h	Frame	presentation	ui,events,layout	fa832a53cc1eab9ffb8027c2577d93f7636e45f0
src/Frame/frameregionlistunlink.cpp	Frame	presentation	ui,events,layout	5a2d596b23ffa5a63eb3ec73777bc478cfbc51ac
src/Frame/frameremovedep.cpp	Frame	presentation	ui,events,layout	e08f591e8f3cde68f7c99cce46c06830ca48e97e
src/Frame/frameremovepointsrelativeto.cpp	Frame	presentation	ui,events,layout	59b308b55e7b3bc18629caea64c4afb620b959c4
src/Frame/framescreensprite.cpp	Frame	presentation	ui,events,layout	b588b93e18a702ff1bf6ccb4bba2cd68559e5d1f
src/Frame/framesetpoint.cpp	Frame	presentation	ui,events,layout	02855707aacedf6f101d6f028fa3a64287fb9333
src/Frame/framesetsize.cpp	Frame	presentation	ui,events,layout	5bfe55e124124dedfc1fad3c9ee3769d8ce94471
src/Frame/frameshortcutsflag.cpp	Frame	presentation	ui,events,layout	f65c51989c54728c0087bf00d62ec73afade1f0b
src/Frame/frameteardown.cpp	Frame	presentation	ui,events,layout	bfb78fdf2464a17866e776341e4ac8c856ad10df
src/Frame/framethunks.cpp	Frame	presentation	ui,events,layout	2dd050ceee7a5b077579ddd7691b401238a98020
src/Frame/framethunks.h	Frame	presentation	ui,events,layout	43d02752c090613a11835fed65beaf9218101bd1
src/Frame/framevtabledefaults2.cpp	Frame	presentation	ui,events,layout	2b2d11ba1207c44c9ca549bb1eaaba41da2fbb66
src/Frame/gridcell.cpp	Frame	presentation	ui,events,layout	d86100b3cff6e05b13e2bfd575b73f1b7345bd36
src/Frame/gridsize.cpp	Frame	presentation	ui,events,layout	d853332ede390d83870bb947480035578ccc7cc0
src/Frame/layerkeyboardfocus.cpp	Frame	presentation	ui,events,layout	ac615953d70db43cf12b36592d68f1f585193cb9
src/Frame/layersetsprite.cpp	Frame	presentation	ui,events,layout	00cbdc7e408a315042db78de23f11305ee1ca9c1
src/Frame/layoutscale.cpp	Frame	presentation	ui,events,layout	56f0b77fb3831c84b261d61d7bcc62dfabfa93b5
src/Frame/layoutscaletree.cpp	Frame	presentation	ui,events,layout	31be76539dbb212fea3cdfd1a243f5d7371d08a3
src/Frame/messagefont.cpp	Frame	presentation	ui,events,layout	aad1292f43f01ff09322fdd23adc608e45ca8945
src/Frame/messageframe.cpp	Frame	presentation	ui,events,layout	c2c75c2911583c1b167a3b951a7488d46650309a
src/Frame/messageframe.h	Frame	presentation	ui,events,layout	2da493f6ee31afbdbe964441351f5a3b72021b41
src/Frame/messageframeadd.cpp	Frame	presentation	ui,events,layout	33295aab39d51adc748d2d03fb5f191d59061bd3
src/Frame/messageframehost.cpp	Frame	presentation	ui,events,layout	f832a39f91fef41436baa8b29f8509707a9b8272
src/Frame/messageframethunks.cpp	Frame	presentation	ui,events,layout	ef189033e595b29dfa14bdf928f53aeabf5616a0
src/Frame/messagejustify.cpp	Frame	presentation	ui,events,layout	81ddc72eff3686c7286d87d62257aac51d5ce756
src/Frame/messagelinelength.cpp	Frame	presentation	ui,events,layout	5eb2e5ad3717cabc67d4fc47b1fef75d2891f45f
src/Frame/messageshadow.cpp	Frame	presentation	ui,events,layout	cb5c31a9d886daa936534299ef51914df05fb847
src/Frame/modelframe.h	Frame	presentation	ui,events,layout	b1403f0c9df02f94042924b5e051384b31b01411
src/Frame/modelframector.cpp	Frame	presentation	ui,events,layout	75bb298fedee0aabcb1efa182b476602222c7dad
src/Frame/mouseevent.h	Frame	presentation	ui,events,layout	0132e60e11b3bff9093ef2496f891ecec7eab0eb
src/Frame/regionnodelist.cpp	Frame	presentation	ui,events,layout	6e48543b0f6e565193b5576c78ec763bca1b6855
src/Frame/screenframe.cpp	Frame	presentation	ui,events,layout	8c7181ed27e95aecd431654cf841295bffe748d5
src/Frame/screenframedtor.cpp	Frame	presentation	ui,events,layout	cf544256152c58ee0db971d14e67bb0442b9b12f
src/Frame/screenframerefs.cpp	Frame	presentation	ui,events,layout	fcf432800d6109f6b7d330281dddaa7f9c6885cd
src/Frame/screenframerender.cpp	Frame	presentation	ui,events,layout	4a46712f0b0dae95deb21cd130321a7c91e708e8
src/Frame/shortcutregtable.cpp	Frame	presentation	ui,events,layout	53aab071170cc3a22442b24b91fc4e290ce1881f
src/Frame/simplebutton.cpp	Frame	presentation	ui,events,layout	9b118736e9cf76bf1e4fa08efa6a527a1bc066a7
src/Frame/simplebuttonslottexture.cpp	Frame	presentation	ui,events,layout	716bc3e1b2304d1d5fb43ce566651ad319290d32
src/Frame/simplebuttonvtable2.cpp	Frame	presentation	ui,events,layout	5c37cc822ec8e4e40fd243797450d9af3d4eca39
src/Frame/simplebuttonvtable20.cpp	Frame	presentation	ui,events,layout	6f0f9303f369cb13d78d7d6896c8e82b4905db2b
src/Frame/simplebuttonvtable21.cpp	Frame	presentation	ui,events,layout	afa356f0cfd02219f6514dbdaaa2e38943759aca
src/Frame/simplebuttonvtable23.cpp	Frame	presentation	ui,events,layout	77b40590c4cdaa6145f24e5d846a1c503a7df82a
src/Frame/simplebuttonvtable24.cpp	Frame	presentation	ui,events,layout	b6d9e9ba286dea406e933082c0078c204f4d8c9e
src/Frame/simplebuttonvtable27.cpp	Frame	presentation	ui,events,layout	592fd684f967faf15c99bda5850c57a1469fcaad
src/Frame/simplebuttonvtable28.cpp	Frame	presentation	ui,events,layout	422caa3237b642069bd7a926b730a9d7fe7385a0
src/Frame/simpleframe.cpp	Frame	presentation	ui,events,layout	03ac2c14744d3db23eff4a484a8d91afaf40e42c
src/Frame/simpleframebuttondtoraliases.cpp	Frame	presentation	ui,events,layout	d24f8026281c6709a7964191898c68b54645551d
src/Frame/simpleframechildren.cpp	Frame	presentation	ui,events,layout	021b02a96b7882886b94dba473691beb71964cd3
src/Frame/simpleframeclearflag.cpp	Frame	presentation	ui,events,layout	85d37763493bee68e8c1624bb73b5eb614736879
src/Frame/simpleframedirty.cpp	Frame	presentation	ui,events,layout	993a68bb209dddd02a82474ce6153924dc47b1b1
src/Frame/simpleframelayerregions.cpp	Frame	presentation	ui,events,layout	902f65d69f7a56f0badaa6da8ae5f122753db252
src/Frame/simpleframeowned.cpp	Frame	presentation	ui,events,layout	1faefbe8c110d3f80b617ea5b3869484cf7965c5
src/Frame/simpleframeparent.cpp	Frame	presentation	ui,events,layout	e9230e43ddec06ecb6f78f247dc37103010057ee
src/Frame/simpleframepriority.cpp	Frame	presentation	ui,events,layout	f2cac34cf9a3ce5c5d953a57df101d377ffc76df
src/Frame/simpleframepriorityraise.cpp	Frame	presentation	ui,events,layout	418bedca59d2f38b5ee1b465028bd22d6cf43f53
src/Frame/simpleframeregions.cpp	Frame	presentation	ui,events,layout	b3836936a4e6b4793b6f8c1c9436f18aab6f1649
src/Frame/simpleframevtable0.cpp	Frame	presentation	ui,events,layout	7fb3f7ffb7da7b3da6b393009d2f475978678915
src/Frame/simpleframevtable1.cpp	Frame	presentation	ui,events,layout	ef94d02abfd713ab08ff5c428364e63a08ef7ff0
src/Frame/simpleframevtable10.cpp	Frame	presentation	ui,events,layout	7bd0c540efe73dfeaa143202de02a71e8bdffeb3
src/Frame/simpleframevtable14.cpp	Frame	presentation	ui,events,layout	b7f2bdf4f8c8cbf0c66a781175e942b76ae066cd
src/Frame/simpleframevtable25.cpp	Frame	presentation	ui,events,layout	f2ddf4217765766d80a8f7df9e26355ba6baf5a5
src/Frame/simpleframevtable26.cpp	Frame	presentation	ui,events,layout	05d954000aefde1225dea4773f657f6b2fc02627
src/Frame/simpleframevtable3.cpp	Frame	presentation	ui,events,layout	39d14e4ecc3203a15a7db37cde3030916fb8139c
src/Frame/simpleframevtable4.cpp	Frame	presentation	ui,events,layout	7515f842a443640894861eb1398e1669a6f4b5eb
src/Frame/simpleframevtable5.cpp	Frame	presentation	ui,events,layout	04252173084f06e0a488cfeaf5d2947c8eda52dc
src/Frame/simpleframevtable6.cpp	Frame	presentation	ui,events,layout	7f7af4b4fed0243f3ba6c82122e337747a1b5f3f
src/Frame/simpleframevtabledefaults.cpp	Frame	presentation	ui,events,layout	7a7168e29f26ac4bb63022133320dfa0e6c62b21
src/Frame/simplegrid.cpp	Frame	presentation	ui,events,layout	6f7aaa452ba70450744e6696fe553879d0fec5ae
src/Frame/simplegridrows.cpp	Frame	presentation	ui,events,layout	3747e9e0c84a7de609288440ffaadd06f7408be9
src/Frame/simpleregionattach.cpp	Frame	presentation	ui,events,layout	d95345b7749fbc7784f5736a9ad66e15370f3b33
src/Frame/simpleregionctor.cpp	Frame	presentation	ui,events,layout	506825c53ed34e7c87e8357e31643840ea6410b8
src/Frame/simpleregiondirty.cpp	Frame	presentation	ui,events,layout	a81b2bfef2c7db7ee330722ca6549225cf644a81
src/Frame/simpleregionparent.cpp	Frame	presentation	ui,events,layout	d0606455fa87736a7408f61621b1b5b51493eecb
src/Frame/simpletop.cpp	Frame	presentation	ui,events,layout	c795348e79c38c475fecde03121c27e2111ae0f1
src/Frame/simpletopflush.cpp	Frame	presentation	ui,events,layout	a0a3fa01c1003eb397823b8355a5d4d312f78cc0
src/Frame/simpletopframes.cpp	Frame	presentation	ui,events,layout	b4731aec3958cdb49dfbffbbcec63dda9d6c7d50
src/Frame/simpletoplayers.cpp	Frame	presentation	ui,events,layout	687eee0d8b177a33757c18706dbc37b48c77592c
src/Frame/simpletopmousecapture.cpp	Frame	presentation	ui,events,layout	e8300e64a44a447cae0484b2cc63397bc4ac1c4d
src/Frame/simpletoprebuilddirtybatches.cpp	Frame	presentation	ui,events,layout	4e106892bd5270e7f4cfaf94790ed063a1e5ea36
src/Frame/simpletoprenderobjects.cpp	Frame	presentation	ui,events,layout	3b344eb5b2025cc8b3e37d576b343ac1c755e92b
src/Frame/simpletopshortcuts.cpp	Frame	presentation	ui,events,layout	0a0634e518294ce9d9642108be387814cf5e3296
src/Frame/simpletopvtable.cpp	Frame	presentation	ui,events,layout	cfbfc9bbfe6bbc6f35f2ffe4b63a31f63e815f24
src/Frame/spriteframe.cpp	Frame	presentation	ui,events,layout	8865ed7b8b2666581f97425b596c2b4ceff601a6
src/Frame/spriteframesetsprite.cpp	Frame	presentation	ui,events,layout	2acfcf5c258d3220c0edf9efec449fde7ac5d82b
src/Frame/spritepath.cpp	Frame	presentation	ui,events,layout	eb710aa036edc2c15f6d5385ecda58effa125cdd
src/Frame/spriteslot.cpp	Frame	presentation	ui,events,layout	5977dfaaff5c79eb825a6bec8aba8aa40329643d
src/Frame/tabchainlist.cpp	Frame	presentation	ui,events,layout	f991e17b683684b175b7e8cc6d1f834578514e26
src/Frame/textbuttonframe.cpp	Frame	presentation	ui,events,layout	6f19e729dc3749d442ed300128bd519a91e40832
src/Frame/textframefree.cpp	Frame	presentation	ui,events,layout	249e7c24dd50c463611113da112ef66994b95f53
src/Frame/textframesetstring.cpp	Frame	presentation	ui,events,layout	3888c1fb1ed6c5f546b30ec9f79374caa7e03093
src/Frame/textframestyle.cpp	Frame	presentation	ui,events,layout	adf1dd6ff17b873b1aea60a4c154aeafe81ccf97
src/Frame/texture.cpp	Frame	presentation	ui,events,layout	a0839ea6145517f2f7de0b1df28d9eb46a444f64
src/Frame/texturecoordarray.cpp	Frame	presentation	ui,events,layout	ed98e032f3d66c55aba8307d2516e32fa43b9073
src/Frame/texturecoords.cpp	Frame	presentation	ui,events,layout	1b516b1ca29865cc927b12d84aa4a2a944a1fa6d
src/Frame/texturemaprect.cpp	Frame	presentation	ui,events,layout	79d49639b816c5788eb451de13e62c4044b474fd
src/Frame/texturepath.cpp	Frame	presentation	ui,events,layout	bdcf1c3bb67770feefdca6fde4c655807e87f0cb
src/Frame/texturevertices.cpp	Frame	presentation	ui,events,layout	2e02d71486065bfc1317541818daf38e856ec151
src/Frame/vtableboundary.cpp	Frame	presentation	ui,events,layout	4206e6be44cf6b470012a7a6b7287be59aa7225f
src/Game/acquireupgradedatabase.cpp	Game	startup	context,resources,savegame	cfdda3cae88abb43f357f4f0b9e315cec4c8a550
src/Game/campaignprofile.h	Game	startup	context,resources,savegame	3b7222c635592a74232af7272d400d0fe0708905
src/Game/campaignprofilefind.cpp	Game	startup	context,resources,savegame	b03d474958654982a45a44db7159b58a6bfe28dd
src/Game/campaignprofilename.cpp	Game	startup	context,resources,savegame	d5403953a3ca828e81948c72ce9bec0a7066a868
src/Game/currentarchivecache.cpp	Game	startup	context,resources,savegame	8dd908b2ccd3811e0a10f2aa232082493041ed4b
src/Game/feature_itemdebug.cpp	Game	startup	context,resources,savegame	b36d4556fa05ec678c6199c73f5bf77baf4cd7ec
src/Game/game.h	Game	startup	context,resources,savegame	c65029b7694ad852da9c14cf5c8bd1c37af09994
src/Game/gamearchivehwcheck.cpp	Game	startup	context,resources,savegame	a92ea6e931822d709ac6548e2c43dab649041229
src/Game/gamebounds.cpp	Game	startup	context,resources,savegame	5c8ec7b0a26263c08f8e85407faba6c145074478
src/Game/gamebounds.h	Game	startup	context,resources,savegame	949d19de083024aa31220d3cf3426341d0a23313
src/Game/gamecacheheaderread.cpp	Game	startup	context,resources,savegame	1cb2e2d2882382d22cb95b196452b60e6a805291
src/Game/gamecachereloadgate.cpp	Game	startup	context,resources,savegame	99f874326785134f3550e345068fe0a3c92ffe7f
src/Game/gameconfig.h	Game	startup	context,resources,savegame	714564df221e02a0235818c69dab9cd6de451a3a
src/Game/gameconfigspeed.cpp	Game	startup	context,resources,savegame	03fde16a5b04849bc1a47cdfa27ee64cc2fa88aa
src/Game/gamecontext.h	Game	startup	context,resources,savegame	ebee7e07420a95de754f2078d6c592858dcee019
src/Game/gamecontextflag.cpp	Game	startup	context,resources,savegame	6b3538c5fcc488c70265087d4f14c91882c0678d
src/Game/gamedatacontextctor.cpp	Game	startup	context,resources,savegame	d7cdfca7a465f39b5ffd8f98a0d0db4e56d04b48
src/Game/gamedatacrc.cpp	Game	startup	context,resources,savegame	60363e649759b6d248e14fdaac4ada6203779b7b
src/Game/gamedatadiscardtemp.cpp	Game	startup	context,resources,savegame	922b81c40797d725a99c1289838f1f4c39e67e29
src/Game/gamedatatag.cpp	Game	startup	context,resources,savegame	426113258f64de93033d8e27894044bff5aa7aeb
src/Game/gamemain.cpp	Game	startup	context,resources,savegame	82f1ed2356f3e7621c8845b5eab4cce776884198
src/Game/gamemainapplycmdlinetuning.cpp	Game	startup	context,resources,savegame	fd30f6f077aaf9e0fc6a755110e513deac9b4078
src/Game/gamemainfatalmessage.cpp	Game	startup	context,resources,savegame	7fdb9f0d6147d19a3de7785c48b74c7d6f6d831b
src/Game/gamemaingetprocaddr.cpp	Game	startup	context,resources,savegame	962a93eb2c06da40b715bd048f11c787903072bb
src/Game/gamemaininitgraphics.cpp	Game	startup	context,resources,savegame	844324b55787e76f9b9c4be6419ed855aed553db
src/Game/gamemaininitmpqmodules.cpp	Game	startup	context,resources,savegame	b01a7f26cdc7185c1f5280173f9a6afcf0c25fa7
src/Game/gamemaininitresolutionlist.cpp	Game	startup	context,resources,savegame	48d2f5ba892cefc300a9d4118746b818c6a3f2b2
src/Game/gamemaininitsequence.cpp	Game	startup	context,resources,savegame	0a5fc7334c356ac14ff412302808cc5fe5301b67
src/Game/gamemaininittutorial.cpp	Game	startup	context,resources,savegame	b757b56601050211d56eb94bf518094ec6940625
src/Game/gamemainlocalecheck.cpp	Game	startup	context,resources,savegame	2745cb9bff3cd20be9f9ed3d3aadb8c08c386f9d
src/Game/gamemainregisterhandlers.cpp	Game	startup	context,resources,savegame	da7b43e7634a5f12808a0fcc42e26f7ca5fb4a74
src/Game/gamemainreplaycheck.cpp	Game	startup	context,resources,savegame	f112e2e00d85bcde54669190a0afcf4c0c3700df
src/Game/gamemainresetstate.cpp	Game	startup	context,resources,savegame	eb2d98879d87995d8aa854d0a2e9e21fb254c826
src/Game/gamemainsecuritydescriptor.cpp	Game	startup	context,resources,savegame	f0ca387ef92ce99a7ea86b0492c1acfab7507e35
src/Game/gamemainsignalrunning.cpp	Game	startup	context,resources,savegame	4b44aedab095f72833d7d08d6dade98cb6e41160
src/Game/gamemode.cpp	Game	startup	context,resources,savegame	9ae766d2b7d77d7ff18518b6d8deae111081804c
src/Game/gamerestart.h	Game	startup	context,resources,savegame	59d5d99b5c59a326b12babd1b085042f7bb53205
src/Game/gamerestartload.cpp	Game	startup	context,resources,savegame	4d494f1acbce199bb41c7e78af9d783919cff1b3
src/Game/gamerestartnotify.cpp	Game	startup	context,resources,savegame	dd92c34485351e4f3b0b2763565fdbf53b681934
src/Game/gamerestartrequest.cpp	Game	startup	context,resources,savegame	e9e0683e0f665a4e8c88da568a6844ed4c59194d
src/Game/gamerestartthunks.cpp	Game	startup	context,resources,savegame	9341ee5c2477180c8edb3444632e5274349fc660
src/Game/gamesetupslotrecord.cpp	Game	startup	context,resources,savegame	7bf46a16f859284182f58ef4fa873cac18d7834c
src/Game/gamespeedscale.cpp	Game	startup	context,resources,savegame	73014d4fd1d12d07c97fb0d322451f6bd6cbd61c
src/Game/gamewar3.cpp	Game	startup	context,resources,savegame	d89e5c36686e7a34c101481f8aa5c49a300788a9
src/Game/gamewar3.h	Game	startup	context,resources,savegame	996164b9a83d0fd3510baf1d48c5d24244b0e0b8
src/Game/gamewar3ctorthunks.cpp	Game	startup	context,resources,savegame	7c93063ecb3612794eb9bfca6b371d9b5f0a8855
src/Game/gamewar3load.cpp	Game	startup	context,resources,savegame	a4016cfed40dbb931b71ca8328aa57b6b6c04ec5
src/Game/gamewar3save.cpp	Game	startup	context,resources,savegame	f5bee2fb9ebd32d2dd7b9b684b7f7376a8031acd
src/Game/gamewar3serializefield400ref.cpp	Game	startup	context,resources,savegame	8946c751165aaeb12c6cd38ef709fdd9c8d128cd
src/Game/gamewar3serializegameslotref.cpp	Game	startup	context,resources,savegame	f0b1cfb23c318fb888f5920c11c970954b1724e1
src/Game/gamewar3serializenestedreftable.cpp	Game	startup	context,resources,savegame	17451c9c732432aef54db798d62c235f8fa7e65d
src/Game/gamewar3serializeplayerslotref.cpp	Game	startup	context,resources,savegame	c7c7a24b71e26fc5868ff26971e0de8a8569b3b8
src/Game/gamewar3vtablethunks.cpp	Game	startup	context,resources,savegame	2cb6edaba429ce9e4aaa94f5730287e1a10cda1d
src/Game/gameworldrelationclear.cpp	Game	startup	context,resources,savegame	dbb204272570992069dc640959b6cf27d00fd51b
src/Game/gameworldtestrelationagainstowner.cpp	Game	startup	context,resources,savegame	da1fc7b7629f1bfdd18b95c122e0440a21196eec
src/Game/gameworldvisiblerelation.cpp	Game	startup	context,resources,savegame	d5c763d6c81ad039ad530a47f8b6e17295edbb68
src/Game/gsreport.cpp	Game	startup	context,resources,savegame	7eab744ddba3f5738023154dd008d376f6a66850
src/Game/mdp_demo.h	Game	startup	context,resources,savegame	526f4aff9fe6eba7fc89820c0ae6328f95ed590f
src/Game/mpqhardwareprofileindex.cpp	Game	startup	context,resources,savegame	9feea5df26e9b58b67f338426cf4faec160dda46
src/Game/mpqmoduleflagset.cpp	Game	startup	context,resources,savegame	7197c9d71dde666899655e0767a413db5a5a1deb
src/Game/mpqmoduleregister.cpp	Game	startup	context,resources,savegame	0c15100604d93ecd655b530c7b25ba04e033004f
src/Game/mpqmoduleslotsteardown.cpp	Game	startup	context,resources,savegame	f6e6701bef0579daa002c14665d561220830ba00
src/Game/objectdatacursor.cpp	Game	startup	context,resources,savegame	0c29afc625bf190edf521ca83c6060a3884c9acb
src/Game/objectdatafindoradd.cpp	Game	startup	context,resources,savegame	8f60b371c1f4b85add6d063a6b7b7e3b7fdd638f
src/Game/objectdataowner.h	Game	startup	context,resources,savegame	280976254f89e5c7dfc28cf1ddbc6a10d87dddfa
src/Game/objectdatatable.h	Game	startup	context,resources,savegame	04e3d144abd27869dd74463f2a22d3bb8e1c2c4c
src/Game/objectdatatable_columns.cpp	Game	startup	context,resources,savegame	f15273f5299395171e2a8a165a506b127a4c78ee
src/Game/objectdatatable_count.cpp	Game	startup	context,resources,savegame	cbef0778fb95b021bebaf5cb4c9be39f0e058699
src/Game/objectdatatable_get.cpp	Game	startup	context,resources,savegame	ae5c052f4baac5e5b7cd0aadbff4bb47435bb031
src/Game/objectdatatable_rows.cpp	Game	startup	context,resources,savegame	299cb5b659f3b2f9a67ba94d959ad69db7ec84d3
src/Game/objectdatatable_thunks.cpp	Game	startup	context,resources,savegame	cdfe0d9852289cbccfe96b339af0f5b19484c040
src/Game/playerunitcounters.cpp	Game	startup	context,resources,savegame	9155c7075ecdbf968d74b88edb8b8536ce8485de
src/Game/racename.cpp	Game	startup	context,resources,savegame	8d9561ff0ebbfe6a4bb08d65b0435d7f633e102f
src/Game/savegame.h	Game	startup	context,resources,savegame	f5d18860a1797039e1a14d561ed53a0a1b2f1d8d
src/Game/savegamector.cpp	Game	startup	context,resources,savegame	49a756ce395e170754f78e2cc61a1125e82f846d
src/Game/savegamedtor.cpp	Game	startup	context,resources,savegame	90facdecd2b7c2f2cf686f9c8a4f44ef578f8055
src/Game/savegameglobals.cpp	Game	startup	context,resources,savegame	cac002c6c14bdfa137468b9cded86c6093f5ddf1
src/Game/savegamemappath.cpp	Game	startup	context,resources,savegame	c7a5fdee123a9cf2cb40471eaf341198c25cb04a
src/Game/savegameprobe.cpp	Game	startup	context,resources,savegame	7e023dbe4ec86182bd49ba3ab9157924f06e621b
src/Game/savegamereadheader.cpp	Game	startup	context,resources,savegame	d37245858b223a7f1e760c34bff983cc6287a44f
src/Game/savegameslotrecordread.cpp	Game	startup	context,resources,savegame	98dec57c3f483d3119884ae4658eb1f8c1b63699
src/Game/savegameslots.cpp	Game	startup	context,resources,savegame	26730d84b3ab4727b4a3980ebac8c599cd4a58bf
src/Game/savegameslots0001.cpp	Game	startup	context,resources,savegame	84cac15fc48b229b30cd9d219b157f7b98a0969a
src/Game/savegameslots0002.cpp	Game	startup	context,resources,savegame	13ada68231a603fad1b8af3abb578736daab9ab3
src/Game/savegamevalidate.cpp	Game	startup	context,resources,savegame	9f0f672c0437eb406415681c3d42182f765c7510
src/Game/synchronousdata.cpp	Game	startup	context,resources,savegame	db7bbdb79b01bfbd89dcf0854e6108423f437024
src/Game/synchronousdata.h	Game	startup	context,resources,savegame	6353f94b684aba4c3a4321199a971106a47773f4
src/Game/upgradeaffects.cpp	Game	startup	context,resources,savegame	31334762fb9cbdd7fa280cca76692b705d0f1100
src/Game/upgradedatabase.h	Game	startup	context,resources,savegame	a993ad6aaaea517b36b944b3ca6821f022f96079
src/Game/upgradedatabase_ctor.cpp	Game	startup	context,resources,savegame	e0e1aa00878af20faacac3e51120adff14ad2a33
src/Game/upgradedatabase_destructor.cpp	Game	startup	context,resources,savegame	a27f05d7ba73f694ca8e8a155ee73cdb954bb6a5
src/Game/upgradedatabase_setrecordset.cpp	Game	startup	context,resources,savegame	20bfdc49da6e24c9c153882998c8570426f87dd6
src/Game/upgradedatafieldpool_thunk.cpp	Game	startup	context,resources,savegame	1ef06a5be1fd3f6ad06a44e9dd1face54aed6029
src/GameUI/acquiregamesingleton.cpp	GameUI	presentation	camera,selection,local-player	0ed51b06d5003ff368fa44776ecdb26731fa793b
src/GameUI/agenttimerarray.cpp	GameUI	presentation	camera,selection,local-player	a1082ff863c59ae84b875f3da504feccb282ba23
src/GameUI/agenttimerarrayalloc.cpp	GameUI	presentation	camera,selection,local-player	0d37d84cf28212343bc202201a6ff9d14206464b
src/GameUI/agenttimerarraycount.cpp	GameUI	presentation	camera,selection,local-player	2804b3da0a66369774b1b372d2d228e015c016cc
src/GameUI/animcameraobj.cpp	GameUI	presentation	camera,selection,local-player	a67999b3770ee5b42baccc5339c8ea72557f69d2
src/GameUI/animnametokenizer.cpp	GameUI	presentation	camera,selection,local-player	bfe2a4549b720690f7f8f515953ba873832c304b
src/GameUI/attachmentrendernotify.cpp	GameUI	presentation	camera,selection,local-player	2e1e72e6b3b0aa28ad5d79f576ca2c4804ee1068
src/GameUI/attachmentscalerowreset.cpp	GameUI	presentation	camera,selection,local-player	082fb571c999543f7dfa1b0c949f6525b58f12c5
src/GameUI/attachmentscaletable.cpp	GameUI	presentation	camera,selection,local-player	87a3a4c170f0b0a045d0d8b824f587393714acde
src/GameUI/attachmenttextureformat.cpp	GameUI	presentation	camera,selection,local-player	872ba22b66663d812a76faded67f43002c30f184
src/GameUI/buildframector.cpp	GameUI	presentation	camera,selection,local-player	33f34bf68b73b27aeddab0b58c02ea1428c43816
src/GameUI/buildmode.h	GameUI	presentation	camera,selection,local-player	4daa241655bd47d311708a8ce2494174a0e62d2f
src/GameUI/buildmodector.cpp	GameUI	presentation	camera,selection,local-player	8ed3de33d299fc000b131e2eb51890fc1b4cf296
src/GameUI/cachedfontlistunlinkall.cpp	GameUI	presentation	camera,selection,local-player	e2458f5e09d40fa6cb35d087a298a213b3bf2b37
src/GameUI/cachedfontlistunlinkallalias.cpp	GameUI	presentation	camera,selection,local-player	9235b36c1ac81797090d54e47e3d34b56131c811
src/GameUI/cameraagiletypeid.cpp	GameUI	presentation	camera,selection,local-player	bac85202c4d133ab2a223fa0b23810fb838141f9
src/GameUI/camerabindprops.cpp	GameUI	presentation	camera,selection,local-player	b3b440cdc3d6d0d8cf8ffabce907b7bd0d42d86c
src/GameUI/cameracancelmodifiers.cpp	GameUI	presentation	camera,selection,local-player	0e2f9e788c701cea428763174758d38f0af3e2f4
src/GameUI/cameracandidatescan.cpp	GameUI	presentation	camera,selection,local-player	fab6febb3f7705567eb908bde38dc69fe88e88d8
src/GameUI/cameraclearcursormode.cpp	GameUI	presentation	camera,selection,local-player	09ac6e2e41952875c140b66f9e1b3df550a85b44
src/GameUI/cameraconstantlookup.cpp	GameUI	presentation	camera,selection,local-player	d5109c7d8f092037b5568687dd7bd296fe08fc90
src/GameUI/cameraconstructor.cpp	GameUI	presentation	camera,selection,local-player	4ab0cdc4ebfc49f4872e70b9ec5d6d1049b775d0
src/GameUI/cameracontrollerbind.h	GameUI	presentation	camera,selection,local-player	d7f1d269a9306c800606079514b3021d45915ca1
src/GameUI/cameracontrollercreate.cpp	GameUI	presentation	camera,selection,local-player	9afad29e7fa38b4710b8cb8c7dbdcde3466fe09a
src/GameUI/cameracursormode.cpp	GameUI	presentation	camera,selection,local-player	b68fb126bf11075e5bb8999755ff11258bc39544
src/GameUI/cameracursorpreset.cpp	GameUI	presentation	camera,selection,local-player	76e73c896e6c52aa08a8b7f07746420dbc35aabb
src/GameUI/cameradeactivate.cpp	GameUI	presentation	camera,selection,local-player	06414a8a381c922c2326ef6cb1f90295a79459af
src/GameUI/cameradeleteself.cpp	GameUI	presentation	camera,selection,local-player	b547c4add8a8a2f594c9d85a9ab68dd3f01d9394
src/GameUI/cameradestructor.cpp	GameUI	presentation	camera,selection,local-player	88f33e55328eba26af47ad4d63bb93ac0781d35f
src/GameUI/cameraeventsinkcreate.cpp	GameUI	presentation	camera,selection,local-player	549603e44255d1e5883238a0915c001c081fba65
src/GameUI/camerafilterslotarray.cpp	GameUI	presentation	camera,selection,local-player	dd5212a7acba15c6a9b464dc6ebdd792083fc60f
src/GameUI/cameragetclassname.cpp	GameUI	presentation	camera,selection,local-player	d1e3170ad4d9d6bfd5bc009504097c03d2546fa1
src/GameUI/cameragetproperty.cpp	GameUI	presentation	camera,selection,local-player	df850dcb1b4d8806bdb60ebb191d0ac91962c07b
src/GameUI/cameramiscleaves.cpp	GameUI	presentation	camera,selection,local-player	46458b6a5fad397301f94e26ef20b9dd9f2bc22c
src/GameUI/cameramodifierflags.cpp	GameUI	presentation	camera,selection,local-player	b0d95582be67168eab06f53683b5db762d014103
src/GameUI/camerapan.cpp	GameUI	presentation	camera,selection,local-player	27ea6b6c8cb87e73da2ef0e6d87481db443133f1
src/GameUI/camerapanmovementactive.cpp	GameUI	presentation	camera,selection,local-player	a68e8f8be7bb102024cfc92a553812a23be64b0c
src/GameUI/camerapresetblendproperty.cpp	GameUI	presentation	camera,selection,local-player	ad3d0ea80e9e4c5246429cc79466ceb691bc903f
src/GameUI/cameraprojectground.cpp	GameUI	presentation	camera,selection,local-player	9421f415cd3ca4d095448bf2906d589ebb8f44c8
src/GameUI/cameraquerycontrollervec3.cpp	GameUI	presentation	camera,selection,local-player	4258074af527db3cdcbacb6bf28e69ffaae6b593
src/GameUI/cameraregisterproperties.cpp	GameUI	presentation	camera,selection,local-player	8e19591ac8c0c7791e8835249ce946768d79ef98
src/GameUI/camerareleasepan.cpp	GameUI	presentation	camera,selection,local-player	76154c939434ade3b3b2b4e015bb96c6e632ab52
src/GameUI/cameraresetdefaults.cpp	GameUI	presentation	camera,selection,local-player	6553dc263f502182c8ca345ca950d00f1d291555
src/GameUI/camerasaveload.cpp	GameUI	presentation	camera,selection,local-player	07f0ae66add8f888311a0195eb6913b1569f43fd
src/GameUI/camerasetcontrollermode.cpp	GameUI	presentation	camera,selection,local-player	000726e7a671c0932f1fc60eb12e85e280c1d12c
src/GameUI/camerasetproperty.cpp	GameUI	presentation	camera,selection,local-player	ace091625781abf6f4c5de1b8b8e694f2ceeee27
src/GameUI/camerasetup.h	GameUI	presentation	camera,selection,local-player	618bdb8f0b21e908b688823f3008987655b54acf
src/GameUI/camerasetupagiletypeid.cpp	GameUI	presentation	camera,selection,local-player	49f2aa6f024505e9c45d056433fc2dc57aa8f697
src/GameUI/camerasetupclassname.cpp	GameUI	presentation	camera,selection,local-player	6094c8b0c61cee82eca92ec60e23b20c8bd8c463
src/GameUI/camerasetupdeleteself.cpp	GameUI	presentation	camera,selection,local-player	8583aa2bd32c63ae2e52d8ef713c4cb8a9eef91d
src/GameUI/camerasetupdtor.cpp	GameUI	presentation	camera,selection,local-player	68b59e38d0239675a7bd0b755962948abdc261a9
src/GameUI/camerasetupregisterproperties.cpp	GameUI	presentation	camera,selection,local-player	bd6d615df4be67653c1dd527c32f50aab33db7fe
src/GameUI/camerasetupsaveload.cpp	GameUI	presentation	camera,selection,local-player	645d242308935d07406feb7108d0a9d9d1863e3c
src/GameUI/camerasetupunregisterproperties.cpp	GameUI	presentation	camera,selection,local-player	d194118b25eddf4939c5a0212303c54bfa100267
src/GameUI/camerasmoothing.cpp	GameUI	presentation	camera,selection,local-player	f363b3844b1fe61abec0f9f8ec68e747b014e888
src/GameUI/camerastopall.cpp	GameUI	presentation	camera,selection,local-player	4f862236046960c4dda0eea8f24c1104d840444b
src/GameUI/camerastopslot.cpp	GameUI	presentation	camera,selection,local-player	2acb95519b0cf9f5824143b3c9d51ccef30e2cc5
src/GameUI/cameratargetposition.cpp	GameUI	presentation	camera,selection,local-player	9eef8d274b9deb8ccc9f69d2d88daa479a868a98
src/GameUI/cameratypedassign.cpp	GameUI	presentation	camera,selection,local-player	f1b44670df1ef9ebe1a86b2a28ac10b58be62cca
src/GameUI/cameraunbindprops.cpp	GameUI	presentation	camera,selection,local-player	466bab6cf495ca72c8e73e2c05999d28a0997bec
src/GameUI/cameraunregisterproperties.cpp	GameUI	presentation	camera,selection,local-player	3c6a78527590c07b216f4326a87a55d360e7b528
src/GameUI/cameraupdate.cpp	GameUI	presentation	camera,selection,local-player	1a101c16900e65d42fdf7509fe0e6dc783d4b7af
src/GameUI/cameravtablethunks.cpp	GameUI	presentation	camera,selection,local-player	ba4caef34717b53f51aaa719c2f658edfdb5072d
src/GameUI/cameraweightclamp.cpp	GameUI	presentation	camera,selection,local-player	809f315890fa896af771e2bd5f2a4c01ee171367
src/GameUI/cameraweightclamp.h	GameUI	presentation	camera,selection,local-player	289dbf2543c69ac8b153649130831003b43db031
src/GameUI/chatbaractivate.cpp	GameUI	presentation	camera,selection,local-player	4a8934a68694b40b6cbace6d98b3749a1d2c366c
src/GameUI/chatbaraltlistener.cpp	GameUI	presentation	camera,selection,local-player	fac6a638b0707d1af807c3799db24ade6ada0786
src/GameUI/chatbarcolonmessage.cpp	GameUI	presentation	camera,selection,local-player	afcc75c315092c4254c7a268b673351dd65230da
src/GameUI/chatbarcreate.cpp	GameUI	presentation	camera,selection,local-player	c3897e08478d1edc3ee544eb7aa86917082e42b2
src/GameUI/chatbarentrytext.cpp	GameUI	presentation	camera,selection,local-player	e19f93cb3ddcdab82f4c1311970790e531c7e3dc
src/GameUI/chatbarpost.cpp	GameUI	presentation	camera,selection,local-player	28f6123f4df300d572f72f3ce583ae2ab52799fd
src/GameUI/chatbartarget.cpp	GameUI	presentation	camera,selection,local-player	4dd0391116c9f0dea0c8a44d1605e76a56453982
src/GameUI/chateditbar.cpp	GameUI	presentation	camera,selection,local-player	d6edf194f8426f04fc50d1ed9b0158a971e90bcd
src/GameUI/chatfontname.cpp	GameUI	presentation	camera,selection,local-player	e7da584a3fdf19fd89c36180a61d4cb793a12947
src/GameUI/chatfontvalue.cpp	GameUI	presentation	camera,selection,local-player	7311c6d01a9ea3fd3ed4cf8379ca05d99c669a4c
src/GameUI/chatprefixlabeljustify.cpp	GameUI	presentation	camera,selection,local-player	e7d9253f4a7797f25ebfe6c4c74a0ce63b9daf20
src/GameUI/chattextlines.cpp	GameUI	presentation	camera,selection,local-player	96c279e099c1724d631061588aef3214e0ffaa5d
src/GameUI/checkedcameraslot.cpp	GameUI	presentation	camera,selection,local-player	2c3f28d019629fb0d6a5803afbfcf32ba28d6516
src/GameUI/cinematicfilter.cpp	GameUI	presentation	camera,selection,local-player	5cedd2b9816821e718057b93b4ebf872d03a8b72
src/GameUI/cinematicfilter.h	GameUI	presentation	camera,selection,local-player	04789403d544af58e411ed4fb10e2f1ad5671f20
src/GameUI/cinematicfilterdtor.cpp	GameUI	presentation	camera,selection,local-player	3296b7bcab66ee982eab92b4cb6ee58ac0b24f0b
src/GameUI/commandbar.cpp	GameUI	presentation	camera,selection,local-player	fa4d7857213105d5af810950ad8b308db74a533f
src/GameUI/commandbutton.h	GameUI	presentation	camera,selection,local-player	a4cd34f0336fca9a6239f16315837eb5363de223
src/GameUI/commandbuttonctor.cpp	GameUI	presentation	camera,selection,local-player	a559796d8c6c487b5a1ab0afd027a5f9a779910e
src/GameUI/commandbuttondtor.cpp	GameUI	presentation	camera,selection,local-player	12b3e00ccf1be711e72f0d9f7486684404043ca7
src/GameUI/controllerrampvtableslot.cpp	GameUI	presentation	camera,selection,local-player	c044e036b9ee92b813d3e9a940364bfad27197d2
src/GameUI/controllerslot.h	GameUI	presentation	camera,selection,local-player	1dcc52680c847f989e33a94c13111071e4741d1c
src/GameUI/controllerslot_thunks.cpp	GameUI	presentation	camera,selection,local-player	266de24aeb1b35b2a49425387a6a576442809664
src/GameUI/controllerslotbind.cpp	GameUI	presentation	camera,selection,local-player	992dbb55fe24cd7f09f7505bc02644af16e9178c
src/GameUI/controllerslotblend.cpp	GameUI	presentation	camera,selection,local-player	ed48af73cf7266dd72c2902fd78f08ccda5de66c
src/GameUI/controllerslotlist.h	GameUI	presentation	camera,selection,local-player	cfa6e8ca2a3ff6bbced3a03deebb165909406af9
src/GameUI/controllerslotlistprev.cpp	GameUI	presentation	camera,selection,local-player	0c09e8908f1ffd6a26d9c7adcbc6095aee03d96d
src/GameUI/controllerslotquery.cpp	GameUI	presentation	camera,selection,local-player	23ff1fa269cef0c172c96d24ffa9d648c469772f
src/GameUI/controllerslotread.cpp	GameUI	presentation	camera,selection,local-player	6e88567c29c136b13fbc7e98b995f9d95cbf2693
src/GameUI/controllerslotreset.cpp	GameUI	presentation	camera,selection,local-player	ef89982fc85066b458bd49055ac9335b773d3f99
src/GameUI/controllerslotsetfloat.cpp	GameUI	presentation	camera,selection,local-player	2afa85d4856b34e581ea92be381325819b7ea49e
src/GameUI/controllerslotsetint.cpp	GameUI	presentation	camera,selection,local-player	8a2b933c5f5b0b9164f6ebcbce6e3a762d0ddb4b
src/GameUI/controllerslotsortedinsert.cpp	GameUI	presentation	camera,selection,local-player	7dce9a4aa6434b89935634baac575f1632e979d9
src/GameUI/copyvariantrecord.cpp	GameUI	presentation	camera,selection,local-player	0592d7e097373a825490a54d663654e830a9ef41
src/GameUI/countedrefassign.cpp	GameUI	presentation	camera,selection,local-player	206a545e88d0c69ee9c3c18370b4aec80eebc658
src/GameUI/cunit_agent1_notifygameui.cpp	GameUI	presentation	camera,selection,local-player	ca43df38ab3c5d772dfef6803de87eb9c1ffcb08
src/GameUI/cursormodetokenizer.cpp	GameUI	presentation	camera,selection,local-player	09a120a80438f85013b0c2ba7cb36a02b46281c7
src/GameUI/cursormodetokens.cpp	GameUI	presentation	camera,selection,local-player	7330cafdd2efb29e876fcfb55b2a496223178cb7
src/GameUI/dragscrollmanagerctor.cpp	GameUI	presentation	camera,selection,local-player	45b2e2f03215e0dfa98312184247aa60bc12f0d9
src/GameUI/escmenu.h	GameUI	presentation	camera,selection,local-player	285ff99a66c9bd762cc2affba89e99a540ed4e2c
src/GameUI/escmenu_bigslots_thunks.cpp	GameUI	presentation	camera,selection,local-player	9157ada7fb9681d2272e9cfe621f32b102a173bd
src/GameUI/escmenu_deleteself.cpp	GameUI	presentation	camera,selection,local-player	10417ee33fd6673363c05739cbe8c2154d3b7c73
src/GameUI/escmenu_forwardslots.cpp	GameUI	presentation	camera,selection,local-player	7b30548d842488805f5e8474a9fae68700af3864
src/GameUI/escmenu_method0c.cpp	GameUI	presentation	camera,selection,local-player	914d8230f813a8a5a775294becc55a3ed06654a5
src/GameUI/escmenu_method18.cpp	GameUI	presentation	camera,selection,local-player	b431d12acf3ecfe158fb895fd2d213024e71e36f
src/GameUI/escmenuctor.cpp	GameUI	presentation	camera,selection,local-player	fd7f4d8ded403ed3c81c2ffb9c9d598da51a57b3
src/GameUI/escmenudtor.cpp	GameUI	presentation	camera,selection,local-player	3c10c3a151b53b5ab720cf9221e47bfd41a1ec36
src/GameUI/fadetimer.cpp	GameUI	presentation	camera,selection,local-player	b4504709b8c8e8039a2d74ae3f58661ede32f5fb
src/GameUI/fadetimer.h	GameUI	presentation	camera,selection,local-player	ce328ecfbbfcb74df69d02b3b05a90cc3f453366
src/GameUI/fadetimerdtor.cpp	GameUI	presentation	camera,selection,local-player	fa1a4693ace1970a72c25220b201c09b4ae7d811
src/GameUI/fadetimerreset.cpp	GameUI	presentation	camera,selection,local-player	5a2ddad7a74c3a738467e86150f7ba765da0e66d
src/GameUI/fadetimerstop.cpp	GameUI	presentation	camera,selection,local-player	5e4abbcb1320a41b6e6c27fa6116b529acbc38dd
src/GameUI/filterintarraysetalloc.cpp	GameUI	presentation	camera,selection,local-player	3830807045d342a30e009e2a6b238e43d7199d0e
src/GameUI/fogcolorfield.cpp	GameUI	presentation	camera,selection,local-player	72d2a84557fa2350d4c479fbbbe41fd15b71a193
src/GameUI/frameartpath.cpp	GameUI	presentation	camera,selection,local-player	57b7dc5ca9087b8efe079a943846f111df20f341
src/GameUI/gameui.h	GameUI	presentation	camera,selection,local-player	8d2c579b8cf7c255fa9bf53578ca13857d664de6
src/GameUI/gameui_depthchecktrampolines.cpp	GameUI	presentation	camera,selection,local-player	2489120eb55ca2430393023fdce6d85191d5238a
src/GameUI/gameui_thunks.cpp	GameUI	presentation	camera,selection,local-player	278a058061a67af410ab680a947e75256908325f
src/GameUI/gameuiabilitygrantnotify.cpp	GameUI	presentation	camera,selection,local-player	bfab49f4f77f51b08caa6a1b6d2a20889c566761
src/GameUI/gameuiabilitygrantreceiver.cpp	GameUI	presentation	camera,selection,local-player	27ce9d1113dbea6a8aef705dadff75fef07610c6
src/GameUI/gameuiabilitylistenernotify.cpp	GameUI	presentation	camera,selection,local-player	085d91a467e5f01f2403d59e3885a4943720f570
src/GameUI/gameuiagenthandle.h	GameUI	presentation	camera,selection,local-player	6cd638bf06f1fb8c7ec197aa3581deeca9757af8
src/GameUI/gameuiagentrefcopy.cpp	GameUI	presentation	camera,selection,local-player	36abeadf0a622ce345fb1a9e359403e8a0a0642a
src/GameUI/gameuiagentscreenpos.cpp	GameUI	presentation	camera,selection,local-player	12d8ffda0c0f9160730a9d1e7a27dfbf02b4d6fa
src/GameUI/gameuiagenttypetag.cpp	GameUI	presentation	camera,selection,local-player	add65b2b752458ece878e38b7f15b85a957cfdb1
src/GameUI/gameuibuttonlistenable.cpp	GameUI	presentation	camera,selection,local-player	9fcd6bd0efdb1febb14629ef1ab30f532ef67b8e
src/GameUI/gameuicommandcardenable.cpp	GameUI	presentation	camera,selection,local-player	4fb236e4cfc8b1ad26645ddb5de57517b35336c1
src/GameUI/gameuicursorcolor.cpp	GameUI	presentation	camera,selection,local-player	274c0ed60e66439fe8b755f5db13c3143578beeb
src/GameUI/gameuicursorlist.cpp	GameUI	presentation	camera,selection,local-player	65325c125dc578dd70b578a2e8ec0b9734331b08
src/GameUI/gameuicursorreset.cpp	GameUI	presentation	camera,selection,local-player	4d6297654ed075e550604c7489c4d04c37af0d29
src/GameUI/gameuicursorstate.cpp	GameUI	presentation	camera,selection,local-player	885d95a9fd53a0c9ad79ae0208324d93ea9b1804
src/GameUI/gameuifontcachelist.cpp	GameUI	presentation	camera,selection,local-player	d2e0e5148416ed3daa27b13b8412e456bafc9ed7
src/GameUI/gameuiforwardcalls.cpp	GameUI	presentation	camera,selection,local-player	ed50f71a3ea50b026efe1c26add6004643fa510b
src/GameUI/gameuiframehide.cpp	GameUI	presentation	camera,selection,local-player	32acfb0303f82e241c2dfdf6d95f3cea876c6354
src/GameUI/gameuigetcamera.cpp	GameUI	presentation	camera,selection,local-player	5da5954a178fbf20fdaee623cf3097b8ad15b446
src/GameUI/gameuiherobarenable.cpp	GameUI	presentation	camera,selection,local-player	09eb96756526b8feceb91d8c6a40d822600d4211
src/GameUI/gameuihighlight.h	GameUI	presentation	camera,selection,local-player	0dceefbf78175f546fd1e3f80781e4c75e67fd66
src/GameUI/gameuihighlightsweep.cpp	GameUI	presentation	camera,selection,local-player	09e663f85ba93f7051af8b10e40e6c3d4529af39
src/GameUI/gameuihighlightupdate.cpp	GameUI	presentation	camera,selection,local-player	d1ce4af29161aa4b5fa562d147be52182f0b2641
src/GameUI/gameuiitembarenable.cpp	GameUI	presentation	camera,selection,local-player	6cde94fb3540d6b57f03ec4575f28658a4ff3769
src/GameUI/gameuiitembarslot.cpp	GameUI	presentation	camera,selection,local-player	5daee3e5e9419f9fcc077acbe3e81529c2231fa8
src/GameUI/gameuilasttracked.cpp	GameUI	presentation	camera,selection,local-player	4af85b4f62a071c8a1518ece294b82a1510f309f
src/GameUI/gameuiminimapenable.cpp	GameUI	presentation	camera,selection,local-player	e1c04f0ccc108e01e6b70b02e173dbd42d5b86af
src/GameUI/gameuiminimapunitnotify.cpp	GameUI	presentation	camera,selection,local-player	acefa263d8ae05da46fcb1c725933fe3b0f475d9
src/GameUI/gameuinotifyleaf.cpp	GameUI	presentation	camera,selection,local-player	b7043655e3799b46071e0b115c46bec615d2628f
src/GameUI/gameuipausebutton.cpp	GameUI	presentation	camera,selection,local-player	1b6e202fdc62edac637ed1c84b4e4d69f7f054af
src/GameUI/gameuipausecaption.cpp	GameUI	presentation	camera,selection,local-player	b59e21fefdfeba375b330c511509ccc1e3118982
src/GameUI/gameuiplayercolorindex.cpp	GameUI	presentation	camera,selection,local-player	270bfe26f640abf01039917d3b40ae4dd502f073
src/GameUI/gameuiplayercolorvalue.cpp	GameUI	presentation	camera,selection,local-player	0b8513c463eee96dc1534eff8ae4c6476b82eed5
src/GameUI/gameuiplayerenum.cpp	GameUI	presentation	camera,selection,local-player	b46615ba6d5ea022b451620d7293c695d82a9fae
src/GameUI/gameuiplayerlabel.cpp	GameUI	presentation	camera,selection,local-player	687c86bad1b70dbd9c77f64022cc7d3c07bfc317
src/GameUI/gameuiplayername.cpp	GameUI	presentation	camera,selection,local-player	b45fa7f75a08be938ded2f06ed66fcdcc1d46c19
src/GameUI/gameuiplayerslot.cpp	GameUI	presentation	camera,selection,local-player	f6fca0980363d83c4d6905e8f76bb08bb557dd8d
src/GameUI/gameuiportraitenable.cpp	GameUI	presentation	camera,selection,local-player	87e3168918fccf8253a1d8a39021b10da82773b2
src/GameUI/gameuipostcameraevents.cpp	GameUI	presentation	camera,selection,local-player	011063e97c54333fecaf9a62416204c508ee0c62
src/GameUI/gameuirectcontains.cpp	GameUI	presentation	camera,selection,local-player	84ef4302ce22a80dfa286828da8e6389e2c09522
src/GameUI/gameuiscreenproject.cpp	GameUI	presentation	camera,selection,local-player	17735c27a8101c724b03550686c58e6d8879ae38
src/GameUI/gameuiselectableplacement.cpp	GameUI	presentation	camera,selection,local-player	e012c23f59e7028ee157e6ea6dfbc43dc295b50c
src/GameUI/gameuiselectableslot.cpp	GameUI	presentation	camera,selection,local-player	5a792a278c355848b97298a9a48c8ffaf264ee7a
src/GameUI/gameuiselectionoverlay.cpp	GameUI	presentation	camera,selection,local-player	057939598146e0adf8f4f7daafea88b72d14aba9
src/GameUI/gameuiselectionrefresh.cpp	GameUI	presentation	camera,selection,local-player	3fcee08f855808d0d9b947262f2a523f174fd361
src/GameUI/gameuiselectionsweep.cpp	GameUI	presentation	camera,selection,local-player	2ab644468710f519d7c1b34738e096384860e0d1
src/GameUI/gameuisetgamepaused.cpp	GameUI	presentation	camera,selection,local-player	8742016751de4b5d054c437f922bfa9fe84e4a6c
src/GameUI/gameuiskin.h	GameUI	presentation	camera,selection,local-player	a10a5afaf66c488f40073eb642f9325a25965276
src/GameUI/gameuiskinlookup.cpp	GameUI	presentation	camera,selection,local-player	99f913645486551ce900facb2b814cf63d470631
src/GameUI/gameuiskinroot.cpp	GameUI	presentation	camera,selection,local-player	8ba73895e8680562e9992e5adcdf4627a129e198
src/GameUI/gameuiskintable.cpp	GameUI	presentation	camera,selection,local-player	e42fa28544c7f0a91d6adbab50307ee453ed8c37
src/GameUI/gameuiskinvalue.cpp	GameUI	presentation	camera,selection,local-player	a8f026c8dafbad17f556b14866ec784dd84c1728
src/GameUI/gameuispriteorigin.cpp	GameUI	presentation	camera,selection,local-player	f17a5fb6fd23081922b5a2b2b9f23413f061294d
src/GameUI/gameuithunks.cpp	GameUI	presentation	camera,selection,local-player	7eabf0acb820035501d02a9a2870103314d0e8a9
src/GameUI/gameuithunks.h	GameUI	presentation	camera,selection,local-player	8ac28e1c7073007424b2ea06b509bd4a3a4a2c29
src/GameUI/gameuitrackpop.cpp	GameUI	presentation	camera,selection,local-player	9f233d892a0080813a371e0999993afb47e6129b
src/GameUI/gameuitracktarget.cpp	GameUI	presentation	camera,selection,local-player	b0da2428202709ee2e3ecb09f754b1a470e22506
src/GameUI/gameuiunittip.cpp	GameUI	presentation	camera,selection,local-player	14b5341caed82a43ac3c9ec59b2358483b0e2d7f
src/GameUI/gameuiunittipsingleton.cpp	GameUI	presentation	camera,selection,local-player	3051a0ccadb215b49fc8c4d89e7fc7e14a3b9631
src/GameUI/gameuivectorlength.cpp	GameUI	presentation	camera,selection,local-player	41aa6f95e747906830477317399c0860f840e284
src/GameUI/gameuivisualplacement.cpp	GameUI	presentation	camera,selection,local-player	03e75399c595e11e610c3dd587e383a326c92e22
src/GameUI/gluetextbuttonwar3.cpp	GameUI	presentation	camera,selection,local-player	a8c3accd8910a3e4b2cd68f404316f35d752a39d
src/GameUI/handleobjectactivate.cpp	GameUI	presentation	camera,selection,local-player	5cda736b177a857798b22ee0a2c40d9a0a91e65f
src/GameUI/herobar.cpp	GameUI	presentation	camera,selection,local-player	da5d6c4e0ea4b124ea1c157b95cf7be181180fdd
src/GameUI/herobar.h	GameUI	presentation	camera,selection,local-player	9188a8bf7967b6a2c380751762a3c5260dab9521
src/GameUI/herobarbutton.cpp	GameUI	presentation	camera,selection,local-player	b1921d39d03d51c51657160406a26ece297e9c44
src/GameUI/infobar.cpp	GameUI	presentation	camera,selection,local-player	d01f3c85728e311d00a5521f96dfb5188e0cc018
src/GameUI/infopanel.h	GameUI	presentation	camera,selection,local-player	0aabac02a32d8c774fcbc452c4720d4491829e14
src/GameUI/infopanelctor.cpp	GameUI	presentation	camera,selection,local-player	390ffd898f0e512d2fb963caf1dfad3eb8d8f8d1
src/GameUI/infopanelgroupctor.cpp	GameUI	presentation	camera,selection,local-player	7ccc1da5c28dcdeb9c44b38890ee70ade639a07d
src/GameUI/inventorybar.cpp	GameUI	presentation	camera,selection,local-player	a427ee3f178836a7c1b06ed9b445f78e3b000260
src/GameUI/minimapallybuttonskin.cpp	GameUI	presentation	camera,selection,local-player	9f0b53a98e5713af72e029f45211387a55d02059
src/GameUI/minimapallymode.cpp	GameUI	presentation	camera,selection,local-player	b750633f2a3d114b4313eb791b6ec8e770e81460
src/GameUI/minimapbuttons.cpp	GameUI	presentation	camera,selection,local-player	08b5e9869d767bd09b50f7e6ee8b19ba0ca5fb0e
src/GameUI/minimapbuttonskins.cpp	GameUI	presentation	camera,selection,local-player	4f9acfe1bbfd2543ddca87bf9b4fb10a850581e6
src/GameUI/minimapformationbuttonskin.cpp	GameUI	presentation	camera,selection,local-player	a6373641d22ba9661d126285261996c063216f8f
src/GameUI/minimapmarkerarray.cpp	GameUI	presentation	camera,selection,local-player	349c59801c8b20525532fb072a989dc473964039
src/GameUI/minimaprefresh.cpp	GameUI	presentation	camera,selection,local-player	e3937091618a104c3f04d68eb573679d3909dce1
src/GameUI/peonbar.cpp	GameUI	presentation	camera,selection,local-player	e6df3cec92601cfcd3c37439f2fd83317e4c1e13
src/GameUI/pointerarrayappend.cpp	GameUI	presentation	camera,selection,local-player	54186bb52ecd71390d3a9531369eca8b943824a5
src/GameUI/pointerarraygrow.cpp	GameUI	presentation	camera,selection,local-player	649544713a5a4ebdca60716f608200abb6be526c
src/GameUI/portraitbutton.cpp	GameUI	presentation	camera,selection,local-player	7c9fcba7a9724f13c3b0966e452838e31eb1f569
src/GameUI/questmodector.cpp	GameUI	presentation	camera,selection,local-player	1ae108326d4f6f2bc39eead2ece3d0421f4f2cd7
src/GameUI/scriptdialogmodector.cpp	GameUI	presentation	camera,selection,local-player	b6d991e971d63cc6da74f7f964a67e2c25000090
src/GameUI/selectionhandletaggedfield.cpp	GameUI	presentation	camera,selection,local-player	c0d7bfeabb2c815199018d1c63798ea060534c90
src/GameUI/selectionhostdtor.cpp	GameUI	presentation	camera,selection,local-player	899eeccfa7c547e7b2504e6c5276f69f68e8d5e0
src/GameUI/selectionhostreleasefields.cpp	GameUI	presentation	camera,selection,local-player	71984c3a891841b527c515ae0bc239b3fc90e482
src/GameUI/selectionhostreleasefieldsalias.cpp	GameUI	presentation	camera,selection,local-player	0b4995ef6d9a99c398afb82ad544c6cf512f7f6c
src/GameUI/selectionmanager.h	GameUI	presentation	camera,selection,local-player	4f211e77da1457a93c9c1a9146ba7bc76adc2796
src/GameUI/selectionmanagerctor.cpp	GameUI	presentation	camera,selection,local-player	3b8572070687db994cb07ec092451cb5487e37f8
src/GameUI/selectionmanagergeometry.cpp	GameUI	presentation	camera,selection,local-player	5d83fb6964e2d0aa4ea9f1682514bb02685fe5c5
src/GameUI/selectmodector.cpp	GameUI	presentation	camera,selection,local-player	9589702711347dce61fd670fe73d820882c6f64f
src/GameUI/simpleconsolector.cpp	GameUI	presentation	camera,selection,local-player	b4a0a3d2b5bd68d002ff21f11e392abc91ff3fb5
src/GameUI/simplefadetimer.cpp	GameUI	presentation	camera,selection,local-player	a544b16eeab83b46cb9e7bb4a45b8b3d17bada7d
src/GameUI/targetmode.cpp	GameUI	presentation	camera,selection,local-player	b4adf3b4187467435d8908265401bac9b48bc5d1
src/GameUI/timecoverctor.cpp	GameUI	presentation	camera,selection,local-player	d4d79f9231df14841550f48994abcad881b1e76a
src/GameUI/timeofdaydial.cpp	GameUI	presentation	camera,selection,local-player	3b9ebc4d0abe4e4f5eb5dc73107335063d54dfe7
src/GameUI/timeofdayindicator.h	GameUI	presentation	camera,selection,local-player	7c9e6518dbf00cc1c64d135541cc978fed4bebb8
src/GameUI/timeofdayindicatorctor.cpp	GameUI	presentation	camera,selection,local-player	16ecb44d21c1f622d88cbbe14eef05d502842391
src/GameUI/timerdialogarrayrelease.cpp	GameUI	presentation	camera,selection,local-player	fad1e4040f2dac30205008e90ddd9b61e430d096
src/GameUI/uitooltiptext.cpp	GameUI	presentation	camera,selection,local-player	870b7ad405e50d4dca712c369f47b79aded999b1
src/GameUI/waypointindicatorarray.cpp	GameUI	presentation	camera,selection,local-player	7c88966698d45ab292ff49dfb780db2090733f7d
src/GameUI/waypointindicatorreset.cpp	GameUI	presentation	camera,selection,local-player	544e8766a7cd569e2470bb906923e53f930a993b
src/GameUI/worldframeaddselectedunit.cpp	GameUI	presentation	camera,selection,local-player	e4a69aa8d0fe42617f2c5e9ea2fd3d6c9d59d478
src/GameUI/worldframector.cpp	GameUI	presentation	camera,selection,local-player	7f3c33fc69dbe3916d43dcb40caafe5510cdbc79
src/GameUI/worldframecursormodearray.cpp	GameUI	presentation	camera,selection,local-player	8e37977092d394a17d6834c377fdafe3071403bd
src/GameUI/worldframecursormodearray.h	GameUI	presentation	camera,selection,local-player	e387faf580b97d18a2744a33afffd567d0a19338
src/GameUI/worldframedaynight.cpp	GameUI	presentation	camera,selection,local-player	a11993d30ce47d9f299a09416f7fee09907fe2cf
src/GameUI/worldframelocalplayer.cpp	GameUI	presentation	camera,selection,local-player	f31ff0a7adce2515deaae598bd5d92313a4cee5e
src/GameUI/worldframeminimap.cpp	GameUI	presentation	camera,selection,local-player	f7ef1a16b7f0ddd6039dd485525f38d42af7559a
src/GameUI/worldframerallyindicators.cpp	GameUI	presentation	camera,selection,local-player	fa49803c9cdf8f763dbf9411686187986b1eadaa
src/GameUI/worldframesetcamera.cpp	GameUI	presentation	camera,selection,local-player	d593ab662eb514efc5756df423f38df3c1b7a26b
src/GameUI/worldframeslotarray.cpp	GameUI	presentation	camera,selection,local-player	ce2185882c5070f0fcd048927529644161c3adb8
src/GameUI/worldframetargetsprite.cpp	GameUI	presentation	camera,selection,local-player	804711de692ed9c3a4d8da24af281937f61b7fdc
src/GameUI/worldframeterrainfog.cpp	GameUI	presentation	camera,selection,local-player	e25dd910e35f54ae98665585ce003f2b7b224c71
src/GameUI/worldframewaypoints.cpp	GameUI	presentation	camera,selection,local-player	abdd05fe3ad905dc585ef13ec2c02f0f19048cbe
src/Input/inputclamprectrecompute.cpp	Input	presentation	input,dispatch,cursor	b14108adbf8376e8e79b661002db92a17451c5ac
src/Input/inputcursorclamp.cpp	Input	presentation	input,dispatch,cursor	b90844f9026e7d61edc8ca6e5fbab55beec5cb40
src/Input/inputeventbusthunk.cpp	Input	presentation	input,dispatch,cursor	9e920c1c2276f2a7a9478335243e6576e4f8d7f4
src/Input/inputeventhandlers.cpp	Input	presentation	input,dispatch,cursor	c661d72a29eb131567c0a22061b85f6772694f20
src/Input/inputeventpump.cpp	Input	presentation	input,dispatch,cursor	7654a649def664331ae96d0634d426939f3ca4bc
src/Input/inputeventpump.h	Input	presentation	input,dispatch,cursor	ab186e627e7a7cedaad63345a798952c1475c6e2
src/Input/inputmousedown.cpp	Input	presentation	input,dispatch,cursor	e87ac397628ca6207b7ac1ee46c47febfb721003
src/Item/ability.cpp	Item	simulation	items,abilities,inventory	f3d16daba9244ba0ce6ecaca3f3eaef43ad01d14
src/Item/ability.h	Item	simulation	items,abilities,inventory	32f3d5075dca5ce808ee6831af033a1e5649bf14
src/Item/ability_deleteself.cpp	Item	simulation	items,abilities,inventory	f7e90e7a8e69b835cd15cdcbb1f582c236f66c45
src/Item/ability_depcheckalias.cpp	Item	simulation	items,abilities,inventory	2aebea65d06518ba9ca7371e1dda5662221adc97
src/Item/ability_dtor.cpp	Item	simulation	items,abilities,inventory	48c7d8c588be910a2d038b8e7c808a6d66490721
src/Item/ability_dump.cpp	Item	simulation	items,abilities,inventory	a607b9d757647b9a5c0bbbac3e30e538d5507938
src/Item/ability_fieldart.cpp	Item	simulation	items,abilities,inventory	1e53483c26697dead5cd29055782c4add4e9bbe9
src/Item/ability_gettypeidstring.cpp	Item	simulation	items,abilities,inventory	904723c1d92a21f0701191c9d236829723523c2b
src/Item/ability_levelstep.cpp	Item	simulation	items,abilities,inventory	c2d80e7dde7734c150a85c540fed0394f8274f53
src/Item/ability_saveflags.cpp	Item	simulation	items,abilities,inventory	bce1c3645889d20eeb1d473b1f0377dfaa331b88
src/Item/ability_slots.cpp	Item	simulation	items,abilities,inventory	e7c5aff96a9a55978f5deb1e8aa898cf53a0de19
src/Item/ability_typedep.cpp	Item	simulation	items,abilities,inventory	8e09a4b2a94041a5e6ce99cdc14de041ba86a3d7
src/Item/ability_typedep.h	Item	simulation	items,abilities,inventory	79b80bfd0c00f1ef1e36fb61e8800e0b07d2cf06
src/Item/ability_typedepfind.cpp	Item	simulation	items,abilities,inventory	31d9f4729da14f24a4cc1c468fd5a0e1981cfc53
src/Item/ability_typefieldrecord.cpp	Item	simulation	items,abilities,inventory	70129d5e97f8bcf5771f32ecb8cd843c0e3446ca
src/Item/ability_typefieldrecord.h	Item	simulation	items,abilities,inventory	bf9877dcba41da7b97329288d8b8638eaf694ecd
src/Item/ability_typefieldrecord_text.cpp	Item	simulation	items,abilities,inventory	35f1e4f6fe520f4f7a68dd291acd467aacd95eb0
src/Item/ability_typemigrate.cpp	Item	simulation	items,abilities,inventory	d8d567979cfa6237183387e0012aaad9668ebcb1
src/Item/ability_typemigrate_readers.cpp	Item	simulation	items,abilities,inventory	65eb9c78c85499ed5869f43f0feb3adef0571527
src/Item/ability_typerecordcache.cpp	Item	simulation	items,abilities,inventory	3ad8009ff99c9e0523f8e39c7c5915c929302753
src/Item/abilityacceptspowerup.cpp	Item	simulation	items,abilities,inventory	45d61ba9b2920b8b2afa1cd32cf89c8e6a24b7fe
src/Item/abilityaliastyperesolve.cpp	Item	simulation	items,abilities,inventory	05b8406c018aeeec03163485ac92d41dd9a9bdda
src/Item/abilityapplypowerup.cpp	Item	simulation	items,abilities,inventory	0b307d51324e5cdca9cf3d8c013b695e15799cd6
src/Item/abilitybutton.cpp	Item	simulation	items,abilities,inventory	f55106f5293514c4da0205b5d3b3a3a2a2170913
src/Item/abilitybutton.h	Item	simulation	items,abilities,inventory	15f3d0488db77f758ade22c3ee4c48b104743d10
src/Item/abilitybutton_bigslots.cpp	Item	simulation	items,abilities,inventory	1a21bfec14b22d71fdd3169ecb24e79b21cca9e9
src/Item/abilitybutton_deleteself.cpp	Item	simulation	items,abilities,inventory	b460ac33d884fbe3e2108b53bf491a149e314b94
src/Item/abilitybutton_newslots.cpp	Item	simulation	items,abilities,inventory	8f8f1343691f647a6fcec3174a583ab1d16886c0
src/Item/abilitybutton_saveload.cpp	Item	simulation	items,abilities,inventory	30b0308f267d31d6a0796403ba5f142ce53278e9
src/Item/abilitybutton_slots.cpp	Item	simulation	items,abilities,inventory	45f2acbfca41ba0c54345a7d7051c3f96e966790
src/Item/abilitybutton_versiongate.cpp	Item	simulation	items,abilities,inventory	c3d793d0d7a694d84d2907a1e13125bd678b35f6
src/Item/abilitycustomdata.h	Item	simulation	items,abilities,inventory	be9e9a7fbe584f23fc6074fd4d3ae7bc90bb2c92
src/Item/abilitycustomdata_checksum.cpp	Item	simulation	items,abilities,inventory	2a65e568375c85589047645d890e7078262c3685
src/Item/abilitycustomdata_ctor.cpp	Item	simulation	items,abilities,inventory	8a64fbb34e7e2fbf60860f711cbb7726b38d831d
src/Item/abilitycustomdata_deleteself.cpp	Item	simulation	items,abilities,inventory	5f97aae02bc03c65fdcd16f35e7ed83db345b344
src/Item/abilitycustomdata_dtor.cpp	Item	simulation	items,abilities,inventory	8d9d5752837008a0b4bf327b517c69d4967c5310
src/Item/abilitycustomdata_lazyinit.cpp	Item	simulation	items,abilities,inventory	649911a062955a38ffd91ddb09aa9a0f39438259
src/Item/abilitycustomdata_method3.cpp	Item	simulation	items,abilities,inventory	c7b9873d59b2e25c7399f34a7230913a632aa46f
src/Item/abilitycustomdata_release.cpp	Item	simulation	items,abilities,inventory	1d13eefd3ee46fa61a57874c5bd8152a883cbff6
src/Item/abilitydatabase.h	Item	simulation	items,abilities,inventory	9c129e2aeec0abf9d7c9f1f674c3246f7971fac6
src/Item/abilitydatabase_lazyinit.cpp	Item	simulation	items,abilities,inventory	1fcee184798c5f3edefc2303822d1a85b853ecac
src/Item/abilityfieldflagclosure_thunks.cpp	Item	simulation	items,abilities,inventory	8170080679efa090f002707eb10a379ddd3b87a9
src/Item/abilityfieldrecordtable.cpp	Item	simulation	items,abilities,inventory	1f7a4d837ba774221f0bbed64a790f5a3dfd7680
src/Item/abilityfieldrecordtable.h	Item	simulation	items,abilities,inventory	9105b1aff64d17888ba96ef3004235ff8c43a2c1
src/Item/abilitygenericfieldrecord.cpp	Item	simulation	items,abilities,inventory	1b048d67c64a948f36c7b0ccf83f0083e43d5821
src/Item/abilitygenericfieldrecord_thunks.cpp	Item	simulation	items,abilities,inventory	b137270d3b6938587c52819164a78f7b2fb9f71a
src/Item/abilityinterfaced.cpp	Item	simulation	items,abilities,inventory	dcafc47fbac14793f5cc3789912897b7098c2cfe
src/Item/abilityinterfaced.h	Item	simulation	items,abilities,inventory	a66f49129382ce630f446cc65653b2e9596fe467
src/Item/abilityinterfaced_deleteself.cpp	Item	simulation	items,abilities,inventory	fa28fe85574fb0ea0225385bf16764c26cc91228
src/Item/abilityinterfaced_slots.cpp	Item	simulation	items,abilities,inventory	49f0c8edc0a4310b2d40fe087fa7bd12af656c1e
src/Item/abilityinventory.cpp	Item	simulation	items,abilities,inventory	f6b7c8cd7792198808454102488362e13b159673
src/Item/abilityinventory.h	Item	simulation	items,abilities,inventory	ec62533aa6faaa1e13f18f04fd5dfba627627b6f
src/Item/abilityinventorydispatch.cpp	Item	simulation	items,abilities,inventory	1fdc772c09f4d97ef198413a5d23ddb3386ed0b3
src/Item/abilityinventoryslot.cpp	Item	simulation	items,abilities,inventory	67f6fda240f1b07577b707725a0edbf502e80b38
src/Item/abilityinventoryslot.h	Item	simulation	items,abilities,inventory	64c29c792b962376c2669eb728de22e2456dff37
src/Item/abilityisfull.cpp	Item	simulation	items,abilities,inventory	dc0e58712faa70e33237bb5aa2e0648ef08cb953
src/Item/abilitylevelfield.cpp	Item	simulation	items,abilities,inventory	5439ea565d7ca491ea7c70d4c97eab7ee7a1f5a4
src/Item/abilitylevelfieldextra.cpp	Item	simulation	items,abilities,inventory	ea7e90f51462be812864eed4ada5030c319b1227
src/Item/abilityslotcount.cpp	Item	simulation	items,abilities,inventory	62fe89a471649bffaa52f1917e57ddf711a50168
src/Item/abilityspell.cpp	Item	simulation	items,abilities,inventory	0b302cd2bbecec99f6a24830a36a8299d570a14d
src/Item/abilityspell.h	Item	simulation	items,abilities,inventory	3e57894363c42b0f742dc2bcb354c17d6639036f
src/Item/abilityspell_reset.cpp	Item	simulation	items,abilities,inventory	95d78689bf09905d4eaa83071e9f9edb2dd821e1
src/Item/abilityspellbook.cpp	Item	simulation	items,abilities,inventory	a025173425fd2b7595b71a35653fd2a0b4e12ed3
src/Item/abilityspellbook.h	Item	simulation	items,abilities,inventory	819e25cab42bc81a793656122d6043c050f36d70
src/Item/abilityspellslotmeta.cpp	Item	simulation	items,abilities,inventory	deb34af30eb03c4399bf8d902a1c326100ef4ce5
src/Item/abilityspellslotmeta.h	Item	simulation	items,abilities,inventory	39059f5a32c8b1a3cbe2ac96b790810e79ec7b4b
src/Item/abilitystoreitem.cpp	Item	simulation	items,abilities,inventory	e01d9477691a9b1bbb0b80f514e578a39dab8bee
src/Item/abilitystoreslot.cpp	Item	simulation	items,abilities,inventory	42e0c057a395576ee46336259a80e8e5ae36ae59
src/Item/abilitytyperecordtable.cpp	Item	simulation	items,abilities,inventory	e4be798b5234afe4d72b135cfbb9352e8c1d2aa2
src/Item/abilitytyperecordtable_growth.cpp	Item	simulation	items,abilities,inventory	0cbb7cf2de2e3efd4e3f1c73ef964766a3b171a2
src/Item/acquireitemdatabase.cpp	Item	simulation	items,abilities,inventory	3cd9be8b2081e8033892bf0b694a0e256a340f72
src/Item/checkeditemslotalt.cpp	Item	simulation	items,abilities,inventory	5a7ef3b942f349f39c0aafcbc494f72f2d85678f
src/Item/cunit_agent3_ability_prepareandarm.cpp	Item	simulation	items,abilities,inventory	ac0ff63a70a755cde6db94fc45fb42044b408a85
src/Item/customdatasiblings.h	Item	simulation	items,abilities,inventory	9ea3e295789a8ac58d3d4d7b3b5fbd2caa1a8e7e
src/Item/customdatasiblings_ctor.cpp	Item	simulation	items,abilities,inventory	b8bed196d3219bfe60ae39cd4e6d1b89e2604579
src/Item/customdatasiblings_deleteself.cpp	Item	simulation	items,abilities,inventory	1a13a4c00f06b81cb02ed9193058c8cab2c74db7
src/Item/customdatasiblings_method3.cpp	Item	simulation	items,abilities,inventory	5791820ff33c8e3212ed6e7c015b6e8f02ba634a
src/Item/getitemcustomdata.cpp	Item	simulation	items,abilities,inventory	2c720e2ad9bf476041ab2b79671c60454ef6f309
src/Item/item.cpp	Item	simulation	items,abilities,inventory	16470faa5633c5b8f2f4c18b2a6c6fb14bfa5b5a
src/Item/item.h	Item	simulation	items,abilities,inventory	a93f52bfa4b7f8d17a6b94673839de5cebb8f347
src/Item/item_armdroptimer.cpp	Item	simulation	items,abilities,inventory	a0353a4ae87e1228b7676252a121c332db438918
src/Item/item_attachments.cpp	Item	simulation	items,abilities,inventory	dee9ede54ba1a2bb8bc49e078842156d47be4570
src/Item/item_createatposition.cpp	Item	simulation	items,abilities,inventory	905fe7d0a8185c01e0957ed76bdf748650747026
src/Item/item_dtor.cpp	Item	simulation	items,abilities,inventory	8bfea6eb1eb279194d586fed25d38bbee0927577
src/Item/item_dump.cpp	Item	simulation	items,abilities,inventory	8ef21ed2190682e54a131d6bf8615e8f9d00bdf8
src/Item/item_load.cpp	Item	simulation	items,abilities,inventory	5f4b5502aa1e203aef2d4710740bbec4d22d5538
src/Item/item_loadhandletriple.cpp	Item	simulation	items,abilities,inventory	b593223384863c09f2c9307cf2f2b2ed837f9e47
src/Item/item_loadrecords.cpp	Item	simulation	items,abilities,inventory	be9d9c4d2a8e7bc84c8d22b1fd988eca53feb697
src/Item/item_message.cpp	Item	simulation	items,abilities,inventory	5b26b11869f02f692eae5c5ac6cfba647e26f55a
src/Item/item_pending.cpp	Item	simulation	items,abilities,inventory	034c5c3885de991f164b037f8f7160f1615d1fde
src/Item/item_place.cpp	Item	simulation	items,abilities,inventory	8a7879e302d3f0a50254e0cfb8def5396cb4848d
src/Item/item_placegate.cpp	Item	simulation	items,abilities,inventory	e90f31d51fc331445529430b9e6d0825acab5ea4
src/Item/item_radius.cpp	Item	simulation	items,abilities,inventory	49fc492d5bea98f80d3c3dd211e53b12e30778ea
src/Item/item_remove.cpp	Item	simulation	items,abilities,inventory	98a6419faa3f456ce5c9c5595549bbeae345b520
src/Item/item_save.cpp	Item	simulation	items,abilities,inventory	91f447e6158c2ba1115ea9bfaf39577d266bbf5f
src/Item/item_saverecords.cpp	Item	simulation	items,abilities,inventory	005dfbcafab4536dfa4180a7c6513d88d50cd87d
src/Item/item_selected.cpp	Item	simulation	items,abilities,inventory	fd36058390f9286a9967fa1686e5810e6475ac9d
src/Item/item_selectionrefresh.cpp	Item	simulation	items,abilities,inventory	467db4a1a62698f16d410a20891a87059e60698f
src/Item/item_slot16.cpp	Item	simulation	items,abilities,inventory	cc0e55d6190172da93f827c4173cf454e6514f96
src/Item/item_slot65.cpp	Item	simulation	items,abilities,inventory	b6a695ebdec5f67bf1f96e76ee3581d8336b4989
src/Item/item_typefields.cpp	Item	simulation	items,abilities,inventory	53f9497f200991f807b634364dd2c1d1a6e280f2
src/Item/item_typelookup.cpp	Item	simulation	items,abilities,inventory	45b800156a356e61c4d21a0d4052fd8b7897bb1e
src/Item/item_typetint.cpp	Item	simulation	items,abilities,inventory	73e939c53b742c8884a4f2dfd4fe68608d6512f9
src/Item/item_valuefloor.cpp	Item	simulation	items,abilities,inventory	cb6e09314cfbc2bccb8ec006c0114e2739ac3d71
src/Item/item_valueset.cpp	Item	simulation	items,abilities,inventory	abcbac7ae5cfc25a382f6ca5ae1fd0f317be198e
src/Item/item_vtable.cpp	Item	simulation	items,abilities,inventory	460657508a7a8d59072c2d48169952f4aafab528
src/Item/item_vtable2.cpp	Item	simulation	items,abilities,inventory	331298421bf8b7e1ff75caec25c7b27308f822df
src/Item/itemabilitybatch2_thunks.cpp	Item	simulation	items,abilities,inventory	ebf37fd09215f369f425b15f2bcf6bcd42a59df4
src/Item/itemapplypowerupeffect.cpp	Item	simulation	items,abilities,inventory	c7b1665a4da35092e22ef4bd26320141fddde4fd
src/Item/itemcustomdata_lazyinit.cpp	Item	simulation	items,abilities,inventory	fbed13d4e8912848806ddf5dbd6f18806049a39f
src/Item/itemdatabase.h	Item	simulation	items,abilities,inventory	17333e1fefafc71d97bb80e5319fdf4c90d9d281
src/Item/itemdatabase_ctor.cpp	Item	simulation	items,abilities,inventory	941565cdb195303f8d4a936dcb98cdcf04b243e6
src/Item/itemdatabase_destructor.cpp	Item	simulation	items,abilities,inventory	1687b4f6934e58acc204b348043502c99e04ab90
src/Item/itemdatabase_setrecordset.cpp	Item	simulation	items,abilities,inventory	1cfdd30b9b2dc6fcdd7414f67527c19301a192c3
src/Item/itemgenericevent.cpp	Item	simulation	items,abilities,inventory	433f9e2dd5a2f2a8c2ba779fa88016fc0f671d3f
src/Item/itemgroundlookup.cpp	Item	simulation	items,abilities,inventory	91ee67896c00fa79fc4b402e387347459b3d9fb5
src/Item/itemhandledispatch.cpp	Item	simulation	items,abilities,inventory	5ef66e85a0360c946d71c87881cdcc2b478080a6
src/Item/itemhandledispatch.h	Item	simulation	items,abilities,inventory	a98e249db70d93135a8bd577f7c46c13972a09f6
src/Item/itemhandlemain.cpp	Item	simulation	items,abilities,inventory	a301b7dfef7f469157f89cae895a035aa4768058
src/Item/itemhandlemain.h	Item	simulation	items,abilities,inventory	51ae72c65cdd9105e0ec921298163b98ce8fa05e
src/Item/itemhandleresolve.cpp	Item	simulation	items,abilities,inventory	bf739ba42899c9e003962c1747cf2db92a386789
src/Item/itemhandleresolve.h	Item	simulation	items,abilities,inventory	bc575e59d08f94cc4b72016310153c9fff3dfeb2
src/Item/itemhandletable.cpp	Item	simulation	items,abilities,inventory	8bbfbd819804752aff7bfb3f7099c36bc710d159
src/Item/itemhandletable.h	Item	simulation	items,abilities,inventory	e919d2e61b8dddf83e3ad96d0269e65cac1be7d1
src/Item/itemnotifyhandle.cpp	Item	simulation	items,abilities,inventory	b2b9400efaae1a062acb211811d165d5f9fdea5b
src/Item/itemorientation.cpp	Item	simulation	items,abilities,inventory	0ab4d69f97dde1a5d713a09561083e7dd2fcfb6c
src/Item/itemplacementdispatch.cpp	Item	simulation	items,abilities,inventory	6d5ef89f2673fa15c60d48c7589f2d2dbab22992
src/Item/itemplacementdispatch.h	Item	simulation	items,abilities,inventory	1ab233017b366240de766fe9f2e813ea68ae7d57
src/Item/itemrendergate.cpp	Item	simulation	items,abilities,inventory	749e9617bd33a4786c36b9eda54a48f42f749859
src/Item/itemrendermaskflags.cpp	Item	simulation	items,abilities,inventory	a5500342acae9ea9701aa8629327273d7a4487f7
src/Item/itemrendermaskflags.h	Item	simulation	items,abilities,inventory	8bdfe87cf1ff7a307873f74d3ca66878581779c2
src/Item/itemrenderrecordfieldthunk.cpp	Item	simulation	items,abilities,inventory	e99c3ea97845f0694f9f44c0d0cb840a8514efbb
src/Item/itemrendertable.cpp	Item	simulation	items,abilities,inventory	ae76c129b83f085f062157af6f6c25750a2ca1f8
src/Item/itemsinkmaskchanged.cpp	Item	simulation	items,abilities,inventory	02e12ab504c78b780713121ad500ce3620f223c3
src/Item/itemslotsingleton.cpp	Item	simulation	items,abilities,inventory	8f7edcd97b826458641a6a6c2c1b50c842b49d9b
src/Item/itemtypedassign.cpp	Item	simulation	items,abilities,inventory	cc1717f6d5d0ccd232816ad6ae5aa0b2d36f1bdc
src/Item/itemtypedassign.h	Item	simulation	items,abilities,inventory	e76ab3de14e6260297091b3ae9bd98d06c762d7a
src/Item/itemtypequeries.cpp	Item	simulation	items,abilities,inventory	05cdbf9be28ea9b04a0aff999b32b2a1b5fdb794
src/Item/itemtypequeries.h	Item	simulation	items,abilities,inventory	250d3d8aaeaaf120afd9af6f5658f47e335029db
src/Item/itemtypetable.cpp	Item	simulation	items,abilities,inventory	4b3dfa80af24a4175cdd17df4da28ebab3e76e61
src/Item/itemtypetable.h	Item	simulation	items,abilities,inventory	a01f8a78d23330141fc41c84035a50274c6edfd8
src/Item/power.cpp	Item	simulation	items,abilities,inventory	282eac010347204f058fe21fd4da762744774023
src/Item/power.h	Item	simulation	items,abilities,inventory	82f693839c5815c33e3593f8ea574365b39200ce
src/Item/power_deleteself.cpp	Item	simulation	items,abilities,inventory	ca3b90ce87060c7853548dea7084ae5486ed7ba2
src/Item/power_slots.cpp	Item	simulation	items,abilities,inventory	9a7406e2cff9ecaaf1f38c7c979850cf82281743
src/Item/registertypedfield_thunk.cpp	Item	simulation	items,abilities,inventory	28fd7e81e6e6c625c91be746597e0cda51799734
src/Item/unitinventory.cpp	Item	simulation	items,abilities,inventory	229fa88e3460c17fe506719dc6222d450a311a2a
src/Item/unitinventory.h	Item	simulation	items,abilities,inventory	3aa89a08b525ef4b94e05188d23934f046bfcedb
src/Item/unitinventory_canuse.cpp	Item	simulation	items,abilities,inventory	802178f0321ce3ab96323f8a5597847230b25bfe
src/Item/unitisownedbyaplayer.cpp	Item	simulation	items,abilities,inventory	c3a54c0c68a27defc4b8c022f2aa602dc9fedf09
src/Item/unititeminslot.cpp	Item	simulation	items,abilities,inventory	529567f5c770235dc88dc4fb783b6b449b4740fe
src/Item/unitsubgrouprefresh.cpp	Item	simulation	items,abilities,inventory	20a2a9a7e24e92fe22900b4b63e9d5df6e23342b
src/Item/unitsubgrouprefresh.h	Item	simulation	items,abilities,inventory	5f037da989044a7696f0d3d3dce5ab7a4311014c
src/Item/war3slkdatabase.cpp	Item	simulation	items,abilities,inventory	50c0d8eb09df29dc555468c6cc2ac1e17eeaa857
src/Item/war3slkdatabase.h	Item	simulation	items,abilities,inventory	69fe342699dc46349bbc8416c3b44dfe2d0db858
src/Jass/boolexprtypedassign.cpp	Jass	jass	vm,natives,handles,local-context	be2762afe8751b69c0886f40f222f063c365a2be
src/Jass/checkedboolexprslot.cpp	Jass	jass	vm,natives,handles,local-context	8774286bc8e75ce106c4d432a21e74b791da65a8
src/Jass/checkedcamerasetupslot.cpp	Jass	jass	vm,natives,handles,local-context	5471ae946f36a1ddfb1d9cce2709aeb921738e99
src/Jass/checkedeventdataslot.cpp	Jass	jass	vm,natives,handles,local-context	375b3365a951180942f15f4b04563af5f16135f6
src/Jass/checkedeventslot.cpp	Jass	jass	vm,natives,handles,local-context	fefac4451d0523939d9b01c401229f65ee7d602f
src/Jass/checkedfilterslot.cpp	Jass	jass	vm,natives,handles,local-context	71c6bca67ca38525ee43f846aba1345fd3a9bd52
src/Jass/checkedfogmodifierslot.cpp	Jass	jass	vm,natives,handles,local-context	d85c5fe1ce74b350e640a31646829bb1140eacc2
src/Jass/checkedforceslot.cpp	Jass	jass	vm,natives,handles,local-context	33767fb59ef68bfb299b959a055eddb2bedb7eef
src/Jass/checkedplayerslot.cpp	Jass	jass	vm,natives,handles,local-context	f98b6f9a20a5867ff777847da3f2d580c595f853
src/Jass/checkedrectslot.cpp	Jass	jass	vm,natives,handles,local-context	ed04e5117f1bdb205db66e1274175eac6da2c5bd
src/Jass/checkedregionslot.cpp	Jass	jass	vm,natives,handles,local-context	0065bb60cf6fd53d0974a47cf286fe19d49eed7e
src/Jass/checkedspellabilityslot.cpp	Jass	jass	vm,natives,handles,local-context	d1ffe27b7c1be762fa4269766406f16d80110976
src/Jass/checkedtextagentslot.cpp	Jass	jass	vm,natives,handles,local-context	8ba66358999f1913547f8947a3d15b429de0c025
src/Jass/checkedtimerslot.cpp	Jass	jass	vm,natives,handles,local-context	bda4fef055c313bc182fc1ef4ba6671d85d47889
src/Jass/checkedtriggerslot.cpp	Jass	jass	vm,natives,handles,local-context	248c6a67ce9478aa2431d2244a70296a7c51d6ff
src/Jass/eventfieldresolve.cpp	Jass	jass	vm,natives,handles,local-context	6538ffffaa1c0f826a0e9fe421114a7a3ed91532
src/Jass/eventsubjectresolve.cpp	Jass	jass	vm,natives,handles,local-context	e6c9e380aa9c1705b03219d2a0e17493146e7df9
src/Jass/eventtypedassign.cpp	Jass	jass	vm,natives,handles,local-context	f1ddf4c51fd16700e11d667bda2add4ec4673686
src/Jass/filtertypedassign.cpp	Jass	jass	vm,natives,handles,local-context	237ded56578c0392663a08304e5381c5fde73dd5
src/Jass/fogmodifiertypedassign.cpp	Jass	jass	vm,natives,handles,local-context	ab1fc6dd3ee66cc6c51aedf22f596181ad70ec13
src/Jass/forcetypedassign.cpp	Jass	jass	vm,natives,handles,local-context	11c81d74602c23ce608afb0a8c1a53c9bbf80def
src/Jass/jassagiletypeids.cpp	Jass	jass	vm,natives,handles,local-context	a39e3a6642a13f9fe30ff7290e0846d2fcc4562d
src/Jass/jassarray.h	Jass	jass	vm,natives,handles,local-context	57ba9fdc0ab6e7b9d37f7fd89944afcc841b7c12
src/Jass/jassarrayaccess.cpp	Jass	jass	vm,natives,handles,local-context	643828e09d706b94bf76008d3c8e424b2131f0ce
src/Jass/jassarrayref.cpp	Jass	jass	vm,natives,handles,local-context	8360b8f30ec6a0f0be367dce912430c405227734
src/Jass/jassarrayrefsiteaccessors.cpp	Jass	jass	vm,natives,handles,local-context	d0cbafaca601070d31362ede9fb72c0aea113e4e
src/Jass/jassarrayreleaseelements.cpp	Jass	jass	vm,natives,handles,local-context	a206bf2860fd85c42b93e68346d7e326b6633983
src/Jass/jassarraysetcount.cpp	Jass	jass	vm,natives,handles,local-context	807174c9723511b5b66844802c320faf80d2769c
src/Jass/jassclickedbuttonability.cpp	Jass	jass	vm,natives,handles,local-context	69342d9f06bf8c5a16b5d70555a9ff3f23bc5053
src/Jass/jasscomputechunk21a.cpp	Jass	jass	vm,natives,handles,local-context	002ddee317ce59e33df926ca7f755b52cb2893b2
src/Jass/jasscomputechunk21b.cpp	Jass	jass	vm,natives,handles,local-context	2a2dec1048191fbb26ec1eaec6728c41535d6085
src/Jass/jasscopybufferreturningdst.cpp	Jass	jass	vm,natives,handles,local-context	65768217d268a00aa70b59b50c95ab2852e6441d
src/Jass/jasscreateunit.h	Jass	jass	vm,natives,handles,local-context	50904cae4e8e9652ef3480a78c586c409f4cfb99
src/Jass/jasscreateunit_native.cpp	Jass	jass	vm,natives,handles,local-context	754913f13a817c530f9e38f093d818cb1f0ea53a
src/Jass/jasscreateunitforplayer.cpp	Jass	jass	vm,natives,handles,local-context	0bc2353499891975b14f90194113aae496fc10a6
src/Jass/jassdeclare.cpp	Jass	jass	vm,natives,handles,local-context	13e5e7cb121da93952b3d7647c6498669c975f92
src/Jass/jassdeclaresymbol.cpp	Jass	jass	vm,natives,handles,local-context	59daedffa632c9b1dd7fb9282e28d8b8dca92340
src/Jass/jassdeclhelpers.cpp	Jass	jass	vm,natives,handles,local-context	eb039a21236e0310f8fef23fce9e5d46ba346124
src/Jass/jassdecltypepredicates.cpp	Jass	jass	vm,natives,handles,local-context	e0a0bfd550dc3c115abc5a4ccf63c07b3460fd6a
src/Jass/jassenginehandlerefs.cpp	Jass	jass	vm,natives,handles,local-context	fe9a22518c733560c6d75a5f6c9bf36fe3645932
src/Jass/jassenginehandlerefs.h	Jass	jass	vm,natives,handles,local-context	22d8e5f4b9cdcac0007bd515d1c108bb2afa1896
src/Jass/jasseventaccessors.cpp	Jass	jass	vm,natives,handles,local-context	0b0306546577d75ffd78774221128d1a12aff4a6
src/Jass/jasseventcontext.cpp	Jass	jass	vm,natives,handles,local-context	e4a573d0efa4d6cb4dc192f6d176dc543aec6548
src/Jass/jasseventgamestate.cpp	Jass	jass	vm,natives,handles,local-context	e9ccb30e30b0f3b6c4b8d85bf59b759f79b8abd2
src/Jass/jasseventid.cpp	Jass	jass	vm,natives,handles,local-context	dcb7c8e764873cf8125f814c3acc17f3d70e9b52
src/Jass/jasseventowner.cpp	Jass	jass	vm,natives,handles,local-context	a9a0854ba655716b09a5fbdb24c4036b813b8d61
src/Jass/jassevents.h	Jass	jass	vm,natives,handles,local-context	16f781d4e253bb518a739f20e4f3348db3ca44a2
src/Jass/jasseventunitgetters.cpp	Jass	jass	vm,natives,handles,local-context	8b8194c79547b2efb8b9fd648553c6cd4052eb33
src/Jass/jassexecutestream.cpp	Jass	jass	vm,natives,handles,local-context	448cd0909b011af1ed48c84442426bce4277c77e
src/Jass/jassexecutestream.h	Jass	jass	vm,natives,handles,local-context	6dd3f679f5ae0b64636eef4dd8f821b5461d4630
src/Jass/jassexpirearray.cpp	Jass	jass	vm,natives,handles,local-context	d24a04e91c7ed56ceae0da22f046244655b91d7b
src/Jass/jassfield8identity.cpp	Jass	jass	vm,natives,handles,local-context	ae8f65adb46dac2fb4325d1945843ade34382cb3
src/Jass/jassfogstateplayermask.cpp	Jass	jass	vm,natives,handles,local-context	56d32f554866e47616885579eddf7ee33b2d38c8
src/Jass/jassframepool.h	Jass	jass	vm,natives,handles,local-context	015fc7baa722df1528e2b4b03b34f98cccaef1ca
src/Jass/jassfunc.cpp	Jass	jass	vm,natives,handles,local-context	3aa3506f5eb94b18d375499884856c63da6d3141
src/Jass/jassfuncaddrlookup.cpp	Jass	jass	vm,natives,handles,local-context	bb2b19020df662baddd24e422aa95c6db477f38b
src/Jass/jassfuncgeneratorsingleton.cpp	Jass	jass	vm,natives,handles,local-context	5901e84b59f9d738ff52a17e21230fe4d65e0ea1
src/Jass/jassfuncinstancegenerator.h	Jass	jass	vm,natives,handles,local-context	2fd67d507230ac5f5a710d090926662560ff7d61
src/Jass/jassgamestate_playerteam.cpp	Jass	jass	vm,natives,handles,local-context	58aadd5b0cdefa63fabaa4fb740273bd6aa59495
src/Jass/jassgamestate_startlocation.cpp	Jass	jass	vm,natives,handles,local-context	24b2fd7665f528339a4b9a2662c9475922d0382b
src/Jass/jassgetorcreateunitdb.cpp	Jass	jass	vm,natives,handles,local-context	9ca5a5d31c278e3fe2920d6e85ec740ec84fffdc
src/Jass/jassgetorrunscriptinstance.cpp	Jass	jass	vm,natives,handles,local-context	f4a8fc7a8718b9c2b80822ebf8f7b92331c563d8
src/Jass/jasshashedstringarray.cpp	Jass	jass	vm,natives,handles,local-context	16fe1e8c4f9d3930ba0c4cf30643fc631ea399ab
src/Jass/jasshashedstringtable.cpp	Jass	jass	vm,natives,handles,local-context	f915eab208ed961508012f37eaab875f73740ab1
src/Jass/jasshashedstringtable.h	Jass	jass	vm,natives,handles,local-context	255dbc48fb2f277dd4af80ec4f0b76519ea9f11a
src/Jass/jasshashnode6f44fd40.cpp	Jass	jass	vm,natives,handles,local-context	bf6d8d241999685603e588cb02aeee9031c94aad
src/Jass/jasshashtable_newnode_thunks.cpp	Jass	jass	vm,natives,handles,local-context	60a34fab9d0509d9492822e603af90bbfbab2744
src/Jass/jasshashtablectors.cpp	Jass	jass	vm,natives,handles,local-context	767b00c8894d8d01e5def6aba68b04d6f12e3ff0
src/Jass/jasshashtablectors.h	Jass	jass	vm,natives,handles,local-context	c3f0666906e4ac4032dc8946c2787c9260700d72
src/Jass/jasshashtablectors2.cpp	Jass	jass	vm,natives,handles,local-context	35a1fce0c19b4f9229131e0bda672613f26aada4
src/Jass/jasshashtablectors2.h	Jass	jass	vm,natives,handles,local-context	343b40365c5154cfc8d753f24945394e12cccb4f
src/Jass/jassinstance.h	Jass	jass	vm,natives,handles,local-context	106fa769b1d28d3777ad3c8804d8b9c705f3ec2e
src/Jass/jassinstancearray.cpp	Jass	jass	vm,natives,handles,local-context	c19b596af6640cef40d23bb04a0e3c6f362ba76f
src/Jass/jassinstancebigthunks.cpp	Jass	jass	vm,natives,handles,local-context	c900d0466f40821c0adda48a595b6ff044635f88
src/Jass/jassinstancedispatch.cpp	Jass	jass	vm,natives,handles,local-context	3f891f03661624f049978fa5c8a5eed7e84b7903
src/Jass/jassinstanceextrafields.cpp	Jass	jass	vm,natives,handles,local-context	e4d3c98fd902bb95f56a0c06df950ee9b1c595ad
src/Jass/jassinstanceglobalslot.cpp	Jass	jass	vm,natives,handles,local-context	b6d1554549861bf1322ffd5e336b0944905b02bc
src/Jass/jassinstancespawn.cpp	Jass	jass	vm,natives,handles,local-context	4049edaff3c5528dd8f778871f0d0b92353a120b
src/Jass/jassinstancetableb.cpp	Jass	jass	vm,natives,handles,local-context	354912644e223df623658f8d80100f62a4ef3a0a
src/Jass/jassinstancetablec.cpp	Jass	jass	vm,natives,handles,local-context	ee3eaca114013bd1e1f20df1ac1e5ffde95e2446
src/Jass/jasslexerliterals.cpp	Jass	jass	vm,natives,handles,local-context	91221b08e38b220b66d1e690bc84739c305c6539
src/Jass/jasslinklistrelink.cpp	Jass	jass	vm,natives,handles,local-context	9239cf76a8d074b9709b4288e8dd152298554ae0
src/Jass/jassloadaiscript.cpp	Jass	jass	vm,natives,handles,local-context	8b111e1745da99bc46de128d9535f560ab816086
src/Jass/jassloadfuncnames.cpp	Jass	jass	vm,natives,handles,local-context	a8853861ed108d398db0e0276554ff53d599d4fb
src/Jass/jassloadscriptlikefile.cpp	Jass	jass	vm,natives,handles,local-context	ad1d63ce98e4c2275d41d747b42bcfe66a904352
src/Jass/jassloadsheetfield.cpp	Jass	jass	vm,natives,handles,local-context	7e96426c1b12ace006e08d3ced33fdb98751dc9f
src/Jass/jasslocationheight.cpp	Jass	jass	vm,natives,handles,local-context	3aa89bba59ba93739cb8f81b1a0f1e6e2fd14c07
src/Jass/jassmakestringhandle.cpp	Jass	jass	vm,natives,handles,local-context	4e3b28845d251ca91fbc2afc959d44aab9badfb8
src/Jass/jassmoduleteardown.cpp	Jass	jass	vm,natives,handles,local-context	ef5c29d34c4d78d8fc8cea3c988845cdff1e4b73
src/Jass/jassnamearray.cpp	Jass	jass	vm,natives,handles,local-context	1421cc620bb8892858f8d2ae630cb203401ee0ba
src/Jass/jassnametable.cpp	Jass	jass	vm,natives,handles,local-context	22f9d8e5e2fc07de3f01a0c5086082e219a8908d
src/Jass/jassnametablebuckets.cpp	Jass	jass	vm,natives,handles,local-context	9161ab9bf88e67e46a3a455b7004f35bc9b2a571
src/Jass/jassnativecalldispatch.cpp	Jass	jass	vm,natives,handles,local-context	4707d3004bebf66499290358a074df0faf8f4a68
src/Jass/jassnativeprologue.cpp	Jass	jass	vm,natives,handles,local-context	f60930eaa438254ea29c1f9f98c0a5c159f06b20
src/Jass/jassnativeregtable.cpp	Jass	jass	vm,natives,handles,local-context	98f46839d8718b24d5b3e5f8a3bef9c8225c336e
src/Jass/jassnatives.h	Jass	jass	vm,natives,handles,local-context	d3bc917aae94591e40adca3181629256543603d3
src/Jass/jassnatives_camera.cpp	Jass	jass	vm,natives,handles,local-context	e2e3007dc22e05d48cadf287690a019dc4ebb1d4
src/Jass/jassnatives_camerasetuploc.cpp	Jass	jass	vm,natives,handles,local-context	e3283f57e1dfe7cc4f89d95633eaa37766d4883f
src/Jass/jassnatives_convert.cpp	Jass	jass	vm,natives,handles,local-context	92d1090f082443064310b741bdef0a87045748f1
src/Jass/jassnatives_currentorder.cpp	Jass	jass	vm,natives,handles,local-context	87ff73b38686aa72dc0d2ed5f8865fddc417a16f
src/Jass/jassnatives_destroy.cpp	Jass	jass	vm,natives,handles,local-context	4d878676ff267943e521b0b2d8d0e97d85b42eca
src/Jass/jassnatives_endgame.cpp	Jass	jass	vm,natives,handles,local-context	02f6146a464d80adaba6ec2381e405538c022588
src/Jass/jassnatives_expiredtimer.cpp	Jass	jass	vm,natives,handles,local-context	370fcdfe7b665a7c66a6c8ccc2f097c735e3f1e6
src/Jass/jassnatives_fogstate.cpp	Jass	jass	vm,natives,handles,local-context	355d79601e0a3100ba599765b2dd5693ddef849f
src/Jass/jassnatives_fogtrigger.cpp	Jass	jass	vm,natives,handles,local-context	3016b1a84117059f01f29556288ffbedc18cc03a
src/Jass/jassnatives_gameconfig.cpp	Jass	jass	vm,natives,handles,local-context	7c2eaa61c7d12d9eb89b8c28ba4f72b3d3b0e0d3
src/Jass/jassnatives_gamestatevalue.cpp	Jass	jass	vm,natives,handles,local-context	d1cb8e83ebca0ab20a3c7c5120f7dea6dd7bcec2
src/Jass/jassnatives_inventorysize.cpp	Jass	jass	vm,natives,handles,local-context	5801fae8782572be1be4e30497399a960cc223ae
src/Jass/jassnatives_item.cpp	Jass	jass	vm,natives,handles,local-context	9769ee5737bc62cf7849be9cc342cfd44fc7278b
src/Jass/jassnatives_life.cpp	Jass	jass	vm,natives,handles,local-context	e74cff17379eaa3faca67d969f93d3d90829a01d
src/Jass/jassnatives_location.cpp	Jass	jass	vm,natives,handles,local-context	9cfb45262079a29cdcb26052f1aeac34e24a95da
src/Jass/jassnatives_locationmake.cpp	Jass	jass	vm,natives,handles,local-context	b4918dd80777b8e06706030fe9ea0686a161bcec
src/Jass/jassnatives_locfactory.cpp	Jass	jass	vm,natives,handles,local-context	e16691253a9ffca4d0cc4681317508974fc5b42c
src/Jass/jassnatives_locvisibility.cpp	Jass	jass	vm,natives,handles,local-context	8c3ef4a5a3a475040bbcddf0d710faaf003b2b83
src/Jass/jassnatives_misc.cpp	Jass	jass	vm,natives,handles,local-context	c7b3b175a013d3b6ac5284da0741d498a84b9a52
src/Jass/jassnatives_nullsub14.cpp	Jass	jass	vm,natives,handles,local-context	6453de795fa195106d426104b63c265296543bad
src/Jass/jassnatives_player.cpp	Jass	jass	vm,natives,handles,local-context	23ec83edc4937e591847252d8272090a973431a8
src/Jass/jassnatives_rect.cpp	Jass	jass	vm,natives,handles,local-context	bfda00981abe72ab6e87d9d9a2512bbc85732b31
src/Jass/jassnatives_region.cpp	Jass	jass	vm,natives,handles,local-context	2c9a51191c06864384bb4c6fef77462875689186
src/Jass/jassnatives_region2.cpp	Jass	jass	vm,natives,handles,local-context	9949fa880e2365cd48f50c2559b8a59180cdf198
src/Jass/jassnatives_regionatloc.cpp	Jass	jass	vm,natives,handles,local-context	71713911b5324cfe07b2d7111b06f8145cbe8b34
src/Jass/jassnatives_regionatloc2.cpp	Jass	jass	vm,natives,handles,local-context	64ea197f8c0e0d0706f67d11ac7f5b45d801a494
src/Jass/jassnatives_reloadgame.cpp	Jass	jass	vm,natives,handles,local-context	760c073adbd7907a3c6354b23b14c8e646c2bbb2
src/Jass/jassnatives_reloadgamecaches.cpp	Jass	jass	vm,natives,handles,local-context	771c55e183c93a9ec8b9371c35fcf6d2695789f6
src/Jass/jassnatives_restartgame.cpp	Jass	jass	vm,natives,handles,local-context	42e02098aaac80749952e1840f8083bf8116d124
src/Jass/jassnatives_startlocationloc.cpp	Jass	jass	vm,natives,handles,local-context	88b125e2f6d7c4883501569ac2293bfd82e7e411
src/Jass/jassnatives_startlocprio.cpp	Jass	jass	vm,natives,handles,local-context	4593d5b8e16b8baf51726b3ad9d33ca7f26275ee
src/Jass/jassnatives_thunks.cpp	Jass	jass	vm,natives,handles,local-context	ac6043bc57a7a5fc4d1e6cd4f4e415ee2bbab938
src/Jass/jassnatives_timer.cpp	Jass	jass	vm,natives,handles,local-context	6fcf6b3c8c0743c53b58a6bc8d453ec8ff0372ad
src/Jass/jassnatives_trigger.cpp	Jass	jass	vm,natives,handles,local-context	6f2f4d969dc4120f3a2d264bacd6bdfa5f0ba993
src/Jass/jassnatives_typequery.cpp	Jass	jass	vm,natives,handles,local-context	af71e707f71ff6973f82f848589f7bca96187174
src/Jass/jassnatives_unitpositionloc.cpp	Jass	jass	vm,natives,handles,local-context	5b876b4920c4d3019cf99498ce4b45a1438273dd
src/Jass/jassnatives_unitpositionxy.cpp	Jass	jass	vm,natives,handles,local-context	5449fb18973c303ca6ed2bddf1eaf7927c21431d
src/Jass/jassnatives_unitquery.cpp	Jass	jass	vm,natives,handles,local-context	b69b1c2b9eb15413c15e74b84a98b21549988a14
src/Jass/jassnatives_unitrangeloc.cpp	Jass	jass	vm,natives,handles,local-context	b91c4bcdc6de61169bd2da7a6a426c34399a2ee5
src/Jass/jassnatives_unitrangexy.cpp	Jass	jass	vm,natives,handles,local-context	fa72ea7978f2553d6f35068999470a8dac6bca37
src/Jass/jassnatives_xyvisibility.cpp	Jass	jass	vm,natives,handles,local-context	54bcc3a4bb0ee34167cb37474b4b19fb8604cfce
src/Jass/jassnativesdialog.cpp	Jass	jass	vm,natives,handles,local-context	abd3fdbcb5f0b83e3ab935403bdc30a81165d294
src/Jass/jassnativestub.cpp	Jass	jass	vm,natives,handles,local-context	8e61f8ef8fe5e02379c6e902a6b11edf820aaf69
src/Jass/jassnativestub.h	Jass	jass	vm,natives,handles,local-context	29f68c6f629812ec56ca18b82da8ae0badf9d5dc
src/Jass/jassnodebase.cpp	Jass	jass	vm,natives,handles,local-context	782136975a80915babf4d2d9ff093b9fd6b3ed8e
src/Jass/jassnodectors.cpp	Jass	jass	vm,natives,handles,local-context	9fa3bdc1bbc8dd9b00b2e9ec2d9c196c02c90299
src/Jass/jassnodectors5.cpp	Jass	jass	vm,natives,handles,local-context	d3a0889df54e2e9944dd99ac7607611927b2dd27
src/Jass/jassnodedeleteself.cpp	Jass	jass	vm,natives,handles,local-context	a3c7567f30fb12f0498e1730354d154a23720c11
src/Jass/jassnodedtors.cpp	Jass	jass	vm,natives,handles,local-context	f27d320fca8dd7fc0d5e7ff7782d250192727b91
src/Jass/jassnodes.h	Jass	jass	vm,natives,handles,local-context	68c5059e686bc58fed2143787efe05c4ae2c841d
src/Jass/jassorderresult.cpp	Jass	jass	vm,natives,handles,local-context	e9b641b4b647db6c7a4092f94c34e90189a37493
src/Jass/jasspakarray.cpp	Jass	jass	vm,natives,handles,local-context	18ad0bd732fc08ab1d803b4b63c61612bc70aa0e
src/Jass/jassparserbuffers.cpp	Jass	jass	vm,natives,handles,local-context	44aab242cac507a108f024261d8f8d35435a2b58
src/Jass/jassparserbuffers.h	Jass	jass	vm,natives,handles,local-context	26c91337b2dcc9dff29fb25d5e9756294c4fbc93
src/Jass/jasspausegame.cpp	Jass	jass	vm,natives,handles,local-context	6e32bb8abe79793421c3307fceaf61c8fbe0fa2e
src/Jass/jassplayercontrollernotify.cpp	Jass	jass	vm,natives,handles,local-context	23b139da2d3e7b0df6a619e756817eae5658f54d
src/Jass/jassplayercripple.cpp	Jass	jass	vm,natives,handles,local-context	dcb3596992ea8e95f61ffadc5199b7e7653e98da
src/Jass/jassplayerrates.cpp	Jass	jass	vm,natives,handles,local-context	05789eeea5287cf775ef7b3bbd32c4d9343e2617
src/Jass/jassrcstringarraythunks.cpp	Jass	jass	vm,natives,handles,local-context	166cc7ad83fd39c05f1833ff7017f0397174392f
src/Jass/jassreadpointerarray.cpp	Jass	jass	vm,natives,handles,local-context	92d57e3bf28c2d62e53760006eaa81d5a65f69ea
src/Jass/jassrectbounds.cpp	Jass	jass	vm,natives,handles,local-context	5d352c6cfda6b1d238033927402974fda2e725c5
src/Jass/jassrectgetcentre.cpp	Jass	jass	vm,natives,handles,local-context	f47068cfcb9b80d67b0b05ea64798e95a333d0c4
src/Jass/jassrectmake.cpp	Jass	jass	vm,natives,handles,local-context	3bdb25778bbf27948ae0f24f54eb24eaa57d67ee
src/Jass/jassrectmoveto.cpp	Jass	jass	vm,natives,handles,local-context	27fbd78e4226f1304c6fe5f341ff853e2435d888
src/Jass/jassregioncellrect.cpp	Jass	jass	vm,natives,handles,local-context	b6834ad0c4348f2d501d16e74c6aa44ed4ce2004
src/Jass/jassregisterallnatives.cpp	Jass	jass	vm,natives,handles,local-context	d11b06f03c7b866d5fdf39f3ecfa84380750c6f2
src/Jass/jassregisterallnativestubs.cpp	Jass	jass	vm,natives,handles,local-context	51bb7c5b539bd507f8a2287027d08033394ab11a
src/Jass/jassregisternative.cpp	Jass	jass	vm,natives,handles,local-context	4521bca0d4598860131f3c2dd313a9a070ce47a8
src/Jass/jassregisternative.h	Jass	jass	vm,natives,handles,local-context	ebaba5c25d6a11ea5d754a9f14f9816f2311fb5f
src/Jass/jassresolveboolexprhandle.cpp	Jass	jass	vm,natives,handles,local-context	e764f1c4f556780e8d4299c427b618a7348e5f78
src/Jass/jassresolvecamerasetuphandle.cpp	Jass	jass	vm,natives,handles,local-context	9854972363ef1f4fed6131897b29ee2071f1f766
src/Jass/jassresolvedestructablehandle.cpp	Jass	jass	vm,natives,handles,local-context	1c2225f6f8b0e4ab78eea9c0c881c894431f2656
src/Jass/jassresolveeventdatahandle.cpp	Jass	jass	vm,natives,handles,local-context	2efbb674bed9c3ccffd7fa2c046eed69b18ba09f
src/Jass/jassresolveeventhandle.cpp	Jass	jass	vm,natives,handles,local-context	8c7ea52094cf43fe5ebbda829ea755f57744311a
src/Jass/jassresolvefilterhandle.cpp	Jass	jass	vm,natives,handles,local-context	f5ebcc3c84328a496c34fe6a9c379b082c50f3b8
src/Jass/jassresolvefogmodifierhandle.cpp	Jass	jass	vm,natives,handles,local-context	848a296b8e86f229c959d49f3ea1123875d1fb02
src/Jass/jassresolveforcehandle.cpp	Jass	jass	vm,natives,handles,local-context	e98fb7dc25dff1c9caf0bd477e4b6c26321b776a
src/Jass/jassresolvefunctionhandle.cpp	Jass	jass	vm,natives,handles,local-context	17c50bcbffaec4bce5dad835055df5cc847e54ac
src/Jass/jassresolvelocationhandle.cpp	Jass	jass	vm,natives,handles,local-context	72912c7c43b064ef389dbf934de079073d4202d2
src/Jass/jassresolveplayerhandle.cpp	Jass	jass	vm,natives,handles,local-context	2abdf157aaca0aa30efb924df2058a893bf0cad7
src/Jass/jassresolverecthandle.cpp	Jass	jass	vm,natives,handles,local-context	437869ce63b1f483f1d33ae2b8282a4d6da63a2c
src/Jass/jassresolveregionhandle.cpp	Jass	jass	vm,natives,handles,local-context	cbc2fe4fbb2fe676d2c73b4bc2ec6caea97cfd52
src/Jass/jassresolvesymbol.cpp	Jass	jass	vm,natives,handles,local-context	c15547b063213ad5d331cf351df473e9dd3992c1
src/Jass/jassresolvetimerhandle.cpp	Jass	jass	vm,natives,handles,local-context	fc31192b60017087206decc1f439636bb93c5382
src/Jass/jassresolvetriggerhandle.cpp	Jass	jass	vm,natives,handles,local-context	66218a2fda7764c89245b4b6da30c0b31fab81b7
src/Jass/jassresolveunithandle.cpp	Jass	jass	vm,natives,handles,local-context	67fc953748defa18b484126d503511e027907583
src/Jass/jassrtcnumerrorsstubs.cpp	Jass	jass	vm,natives,handles,local-context	c74b923d58a0720a090e73b7189ba29424f95d38
src/Jass/jassrunorcompilestream.cpp	Jass	jass	vm,natives,handles,local-context	2111d8bf1a710127bf418816aa3c24b643c03080
src/Jass/jassruntimeexecutefunc.cpp	Jass	jass	vm,natives,handles,local-context	a939f2976141bbd1d2620979f4982a104f35e655
src/Jass/jasssavebasicfilename.cpp	Jass	jass	vm,natives,handles,local-context	0a857337689e65f9037e57805a7323c8abd0e838
src/Jass/jassscanner.cpp	Jass	jass	vm,natives,handles,local-context	6134eb8adcd975958e3d55c6d60d952f47c31ccd
src/Jass/jassscanner.h	Jass	jass	vm,natives,handles,local-context	d5154022de2202a9423732381c4e7c5259378cf2
src/Jass/jassscopetable.h	Jass	jass	vm,natives,handles,local-context	f16ba20e97fe6dcf569300db1071ae8ca175c0c8
src/Jass/jassscriptarray.cpp	Jass	jass	vm,natives,handles,local-context	6b0fd5020ecdabc2bedeb9a874ef536f60be52bc
src/Jass/jassscripterrorformat.cpp	Jass	jass	vm,natives,handles,local-context	4392290456c8b02c44fd46474e37f659ffdf1072
src/Jass/jassscriptfileloadfallback.cpp	Jass	jass	vm,natives,handles,local-context	f9bf0939974e6087e6e3c4cb6f65cc09496748df
src/Jass/jassscriptframepool.cpp	Jass	jass	vm,natives,handles,local-context	639ceab59589a67aacf19b0471b92093d0f33b43
src/Jass/jassscriptframepool.h	Jass	jass	vm,natives,handles,local-context	8d6159b86cb47351fa0834e27cd50088816bedbd
src/Jass/jassscriptframereturn.cpp	Jass	jass	vm,natives,handles,local-context	83983fd3ca533ed2d5c07b9aa7c10f8b7dbcb769
src/Jass/jassscriptrangetable.cpp	Jass	jass	vm,natives,handles,local-context	6ed2e2c1f2cc221a74a29dff18b0520dca4cf693
src/Jass/jasssetitemposition.cpp	Jass	jass	vm,natives,handles,local-context	33233b4ce45be8f63878ecd7259618a22b20c066
src/Jass/jasssetitemposition_native.cpp	Jass	jass	vm,natives,handles,local-context	869813814fdec489179970aabe5de7b57e6722ae
src/Jass/jasssetplayeralliance.cpp	Jass	jass	vm,natives,handles,local-context	0a53b7ea9b4256478cadea796b5e096fc9a23f0d
src/Jass/jasssmallkindconstants.cpp	Jass	jass	vm,natives,handles,local-context	e11ca97d85b08dec55900465392dfdc7fca9e155
src/Jass/jassspelleventability.cpp	Jass	jass	vm,natives,handles,local-context	b94621227fa21abf32993479655109e1c36aa674
src/Jass/jassstormterraingates.cpp	Jass	jass	vm,natives,handles,local-context	f89a2918f9a3f5e14eb0053fbfb59dedca6761db
src/Jass/jassstringtocstring.cpp	Jass	jass	vm,natives,handles,local-context	78db858f4692786206f879f37048de42bcb292e7
src/Jass/jasssymbolarray.cpp	Jass	jass	vm,natives,handles,local-context	f3d4181e6642cdcf94111121709ac5d1eba606ef
src/Jass/jasssymbolhash.cpp	Jass	jass	vm,natives,handles,local-context	27752b3e15bcaae414d72daa825d5b9ce466dbac
src/Jass/jasssymbolhashtablector.cpp	Jass	jass	vm,natives,handles,local-context	ac068233de07262d6c81e4b36884d53019b5766a
src/Jass/jasssymboltablerelease.cpp	Jass	jass	vm,natives,handles,local-context	7290a84e1fce07744fc20879f5729735b4bc3212
src/Jass/jasssymbolunlinkall.cpp	Jass	jass	vm,natives,handles,local-context	1ffc789779f01e3a57bbaf41576a76dd775cb8df
src/Jass/jasssymtables.h	Jass	jass	vm,natives,handles,local-context	83da435f6708ba654023a2502bb5da4df2cf3a78
src/Jass/jasstablenodethunks.cpp	Jass	jass	vm,natives,handles,local-context	d57f5be0540bb437263b09dcbac0d535f7c86faa
src/Jass/jasstablenodethunks.h	Jass	jass	vm,natives,handles,local-context	50a0fcaf91a5b0e620b33c985a645c17dc530007
src/Jass/jasstablenodethunks3.cpp	Jass	jass	vm,natives,handles,local-context	0c33f2661d72385698566bdf2f57a32c951d48f4
src/Jass/jasstextagentmake.cpp	Jass	jass	vm,natives,handles,local-context	1bd7785f72ecc51c4ee424fb7633fb77674dd4b7
src/Jass/jassthreadgetfield48.cpp	Jass	jass	vm,natives,handles,local-context	5f315d432507a21c90d61b82dccb3487157f0de2
src/Jass/jassthreadgetinstanceatslot.cpp	Jass	jass	vm,natives,handles,local-context	03dc8e740a91c7e3b72c1c06e0651962a9bfa62b
src/Jass/jassthreadinstancearray.cpp	Jass	jass	vm,natives,handles,local-context	840b0ef4f8d1118c3d0b7927e075fb4f811c4aba
src/Jass/jassthreadinstanceslot.cpp	Jass	jass	vm,natives,handles,local-context	40d6a26f612de0ee92a0c47c99b2a4f4f8c7f85e
src/Jass/jassthreadlocalctor.cpp	Jass	jass	vm,natives,handles,local-context	294394741e046ed553ed4fbe5c8e80e048ebd425
src/Jass/jassthreadlocalsingleton.cpp	Jass	jass	vm,natives,handles,local-context	6021ae08a94de243f0ecba8ab7df98c51f88379f
src/Jass/jassthreadpop.cpp	Jass	jass	vm,natives,handles,local-context	ecc30b34a3e4b39efd328819b311be86f24024ac
src/Jass/jassthreadrecordmethods.cpp	Jass	jass	vm,natives,handles,local-context	060c76ee7eae13d54bcc30b4579d73bb346f1248
src/Jass/jassthreadstate.cpp	Jass	jass	vm,natives,handles,local-context	b0e86f505438da371af65db7dc1946384a99f2bd
src/Jass/jassthreadstate.h	Jass	jass	vm,natives,handles,local-context	c4a6f278a46f5562804afbb2a68f4432d1e6edcd
src/Jass/jasstimerstartelapsed.cpp	Jass	jass	vm,natives,handles,local-context	543636d3f55d06f7f1671f7d9a20540d091375ed
src/Jass/jasstournamentfinishnow.cpp	Jass	jass	vm,natives,handles,local-context	7836f0f77fc53b303d0a84ad85702fc25c615770
src/Jass/jasstriggerdestructableeventslot.cpp	Jass	jass	vm,natives,handles,local-context	60c50408694665ad1b81c746d2314b4333925b64
src/Jass/jasstypedecl.cpp	Jass	jass	vm,natives,handles,local-context	945598f956e302ea0b0e24e74e4cbc2af1b11ffb
src/Jass/jasstypeidtable.cpp	Jass	jass	vm,natives,handles,local-context	79715864b2420375da4d1d813f0f726d11979119
src/Jass/jasstypeidtablebuckets.cpp	Jass	jass	vm,natives,handles,local-context	ebed3ee1587349c2f9eb13330588a93574018cb5
src/Jass/jasstypetable.cpp	Jass	jass	vm,natives,handles,local-context	9cc7816be299c258b41b643f08787c912229188c
src/Jass/jasstypetable2.cpp	Jass	jass	vm,natives,handles,local-context	48ad3ac4aa74184ba7c3050884c6bc2a18cc5798
src/Jass/jasstypetable2buckets.cpp	Jass	jass	vm,natives,handles,local-context	83aa318c2f8a6145aab7bdd74df5f6f7d28a0f23
src/Jass/jasstypetablebuckets.cpp	Jass	jass	vm,natives,handles,local-context	5d5649554ecc37612c5aededd73b98c115c17e1b
src/Jass/jassunitaddability_native.cpp	Jass	jass	vm,natives,handles,local-context	83b289543512fd93af34d89853074cd4b4a4e9f5
src/Jass/jassunitadditembyid_native.cpp	Jass	jass	vm,natives,handles,local-context	2e3294628170d0a1beac5208f8d8ab7d7a41ab6f
src/Jass/jassunititeminslot_native.cpp	Jass	jass	vm,natives,handles,local-context	cf02057ccb86b184fa25d1670ce11f114b4f01d9
src/Jass/jassunlinkscopeslotlinks.cpp	Jass	jass	vm,natives,handles,local-context	61514459b7908003ce65d48cfa58dd8de42f3219
src/Jass/jassvartable.cpp	Jass	jass	vm,natives,handles,local-context	f57f9569c0939923e57f6a85813d7b75d5b38f10
src/Jass/jassvartablebuckets.cpp	Jass	jass	vm,natives,handles,local-context	e9b1fdfc91de1ea2594ef3b548739c64fa519dfb
src/Jass/jassvm_crtboilerplate_thunks.cpp	Jass	jass	vm,natives,handles,local-context	cbcb5065f847510badf202da02d120a46fcc8dee
src/Jass/jassvmbatch4_thunks.cpp	Jass	jass	vm,natives,handles,local-context	848bd6d1983f30944a51a76cf4990254651e119d
src/Jass/jassvmbin2_jmpthunks.cpp	Jass	jass	vm,natives,handles,local-context	4f8dffbff241df5bd1801c6f7ea9501e0e88e685
src/Jass/jassvmbin2_sehthunks.cpp	Jass	jass	vm,natives,handles,local-context	310abeafd673ee39cb710c27772f2b29eaf596ae
src/Jass/jasswaterheight.cpp	Jass	jass	vm,natives,handles,local-context	6e9f486cd7013f6a53269f758429b8ebfa47c4c6
src/Jass/jscriptbin3_natslottablethunks.cpp	Jass	jass	vm,natives,handles,local-context	59483b56666d260c95b1a0ec1e04bf59819f6937
src/Jass/jscriptbin3_scriptloaderlogic.cpp	Jass	jass	vm,natives,handles,local-context	a988ab86f35a2ed1da2d262a261a18a117b6e424
src/Jass/jscriptbin3_scriptloaderthunks.cpp	Jass	jass	vm,natives,handles,local-context	6cf10ed90c541d953bd7377910b85e3c0043071c
src/Jass/nodestring.cpp	Jass	jass	vm,natives,handles,local-context	4f2baf7bc5621ba51ac587fb7b4cf9f83077e182
src/Jass/nodevar.cpp	Jass	jass	vm,natives,handles,local-context	e37d067051474049762e34a86fc53efa5a048123
src/Jass/recttypedassign.cpp	Jass	jass	vm,natives,handles,local-context	e2c6cdc8ab4434d8b18f807f012a146921a108aa
src/Jass/regiontypedassign.cpp	Jass	jass	vm,natives,handles,local-context	5a861096117b444d35f78ddc4cd4a9d3fce95abf
src/Jass/scripteventdatatypedassign.cpp	Jass	jass	vm,natives,handles,local-context	8fa2e8e414f4ab3db41b1f3591f596a5c972e151
src/Jass/scripteventorder.cpp	Jass	jass	vm,natives,handles,local-context	f01dff5c60d3f57de47ff94365ea25885f57b3ba
src/Jass/scripteventpoint.cpp	Jass	jass	vm,natives,handles,local-context	eebd88fb60e092275302aaf06c165e254632029f
src/Jass/spellabilitytypedassign.cpp	Jass	jass	vm,natives,handles,local-context	6a4159b3eff132cd2ba6c2104537bb94b5a61acb
src/Jass/textagenttypedassign.cpp	Jass	jass	vm,natives,handles,local-context	a02a34edebf4998010300df83640273823ffe916
src/Jass/timertypedassign.cpp	Jass	jass	vm,natives,handles,local-context	27243d18aea631bd66a5630c1ec99fd0e676f28f
src/Jass/triggertypedassign.cpp	Jass	jass	vm,natives,handles,local-context	95018cdc49be212bf5dedc93673e80738b782521
src/Math/CFloat.h	Math	simulation	softfloat,geometry,shared-math	5b96d7c248f0a00207792fb308c364c941c4e264
src/Math/boxmath.cpp	Math	simulation	softfloat,geometry,shared-math	e951ad32924be6c29c338af78e254ea7aa5bcc7f
src/Math/boxmath.h	Math	simulation	softfloat,geometry,shared-math	94177249a7894e521af35ba942512188dd6779c6
src/Math/cfloatfrac.cpp	Math	simulation	softfloat,geometry,shared-math	47ddc070c97a2b92e54ca578cb969206c6124b04
src/Math/cfloatinvsqrt.cpp	Math	simulation	softfloat,geometry,shared-math	372d734294a27d6e08811954e362fd2479d0f3b2
src/Math/cfloatnearlyequal.cpp	Math	simulation	softfloat,geometry,shared-math	9c4570cfb05977ab03ff75b31afa6181281f303a
src/Math/cfloatreciprocallength3.cpp	Math	simulation	softfloat,geometry,shared-math	7e52fa7c662cf2997f8daad076299f0b99efa44f
src/Math/cfloatround.cpp	Math	simulation	softfloat,geometry,shared-math	7ea74a6f31fe2e20ed5e81a55566f7a1b6bb74c6
src/Math/cfloatsincos.cpp	Math	simulation	softfloat,geometry,shared-math	2001cd0e735e125fc7dd146c6be791491fcc9961
src/Math/cfloatvec2angle.cpp	Math	simulation	softfloat,geometry,shared-math	386be1b5834d5a60d24685e59d947099a4b032f0
src/Math/cfloatwrappeddelta.cpp	Math	simulation	softfloat,geometry,shared-math	45a4a9b0c2d83333b3d56cea19042a06e219f527
src/Math/cmatrix3.h	Math	simulation	softfloat,geometry,shared-math	8db9088871804adfe64033621a621b8cd0341542
src/Math/cmatrix3_axisrot.cpp	Math	simulation	softfloat,geometry,shared-math	cb8bd52464e3cd4798821db20e672a20a0e0df54
src/Math/cmatrix3_mul.cpp	Math	simulation	softfloat,geometry,shared-math	35d90c679841cf69e6b2381f333caa2577d4c250
src/Math/cmatrix3_rotate.cpp	Math	simulation	softfloat,geometry,shared-math	829d0da71004d50fdcee26f583310b65db9c49a7
src/Math/cmatrix3_tofloat.cpp	Math	simulation	softfloat,geometry,shared-math	50ed6b5be3feff526109828d83d1c2ea74132d09
src/Math/colormodulate.cpp	Math	simulation	softfloat,geometry,shared-math	0dd90accb32575fda3594e34d05dc76c37c248d2
src/Math/costrigfallback.cpp	Math	simulation	softfloat,geometry,shared-math	4708a6f6d092091ac09ea8106ba6c4f34d006eec
src/Math/cunit_agent3_scaledroundedfloat.cpp	Math	simulation	softfloat,geometry,shared-math	941adff6389a6a428fd6dcd626dc1ae03a9c20ea
src/Math/cworldvec3normalize.cpp	Math	simulation	softfloat,geometry,shared-math	5588a0d435ec619583da3c1a9605d46a11cca97f
src/Math/dividebyconst.cpp	Math	simulation	softfloat,geometry,shared-math	5ebe1c9ce83136318a6e21c13a0e8a4f01320790
src/Math/fabsfallback.cpp	Math	simulation	softfloat,geometry,shared-math	efe84bb5734cd72f8bf2cc52fe2e447342e5df0b
src/Math/floatcompare.cpp	Math	simulation	softfloat,geometry,shared-math	5cacfb581318663469e96dc3d55dd8ea6db2a406
src/Math/floatfloorsplit.cpp	Math	simulation	softfloat,geometry,shared-math	bf1b9a211b9d87f7d4a7d6004b225e76616ea4ff
src/Math/floatmini.h	Math	simulation	softfloat,geometry,shared-math	69c59b181a1e4dee56db364b2e3b72215509da2b
src/Math/floatmini_compare.cpp	Math	simulation	softfloat,geometry,shared-math	22651ffadb6104715533fd1e6117ac5219f050d6
src/Math/floatmini_dump.cpp	Math	simulation	softfloat,geometry,shared-math	ed5ff8354311372c5e781ab531b5a07340eebc15
src/Math/floatmodstep.cpp	Math	simulation	softfloat,geometry,shared-math	d4d0155128181221ecb7b92bbd3ffd21a452f959
src/Math/floatmodstepassign.cpp	Math	simulation	softfloat,geometry,shared-math	650d978197e257e5509a2cf980d426a3838f5cce
src/Math/floatmodstepget.cpp	Math	simulation	softfloat,geometry,shared-math	75dd3dbe143660df6f0cc3529bbedcc0ab801035
src/Math/floatmodstepset.cpp	Math	simulation	softfloat,geometry,shared-math	7a9521ff1bfb1d29f45c89286d0b7cf8d00d5259
src/Math/floatmodstepvalue.cpp	Math	simulation	softfloat,geometry,shared-math	795f30e70082c188f5bad5eda17d319db405b413
src/Math/floatnearlyequal.cpp	Math	simulation	softfloat,geometry,shared-math	40a870270087b3877a8a0510cdefd9b216b994cb
src/Math/floatparse.cpp	Math	simulation	softfloat,geometry,shared-math	49db0e8ee5057691755d181222353c429a15e871
src/Math/floatptrcompare.cpp	Math	simulation	softfloat,geometry,shared-math	39f7e1c182016cf6b52768b484df2df0ef5a1d3f
src/Math/floatsetters_4F1.cpp	Math	simulation	softfloat,geometry,shared-math	c8e193e6ef12464de2761b8620f8fa459a50c837
src/Math/floatsetters_4F4.cpp	Math	simulation	softfloat,geometry,shared-math	0f68ab236393c561651d3e134860d15ff2e3c11a
src/Math/floatsetters_7E5.cpp	Math	simulation	softfloat,geometry,shared-math	17b54f39743187a3d0fc849256444055f00db08c
src/Math/floattruncfrac.cpp	Math	simulation	softfloat,geometry,shared-math	ed76d79bda8305bec433e1bebf17e0af3a7c5987
src/Math/floatvaluesdiffer.cpp	Math	simulation	softfloat,geometry,shared-math	204803a88391d4dacf897497b9059223fe0a41c1
src/Math/floorsplitvec.cpp	Math	simulation	softfloat,geometry,shared-math	12e8a2f18def15814454abe9580e8245ae7537c5
src/Math/fmatrix.h	Math	simulation	softfloat,geometry,shared-math	2bf486929ec19594cbfaf1d23aa45a57d130a838
src/Math/fplane.h	Math	simulation	softfloat,geometry,shared-math	7bb46842060b493696d1aade4c8140cb76427962
src/Math/fplanefromthreepoints.cpp	Math	simulation	softfloat,geometry,shared-math	49d8e3d802774a2c2d9d98131cf62cb06cca5a45
src/Math/fvec3.h	Math	simulation	softfloat,geometry,shared-math	da989e710f7404572e92f9979e099440f404c53e
src/Math/fvec3normalize.cpp	Math	simulation	softfloat,geometry,shared-math	ac789de27d7df307db6b5bd718fed4ae12cd026d
src/Math/gridvec2scaletolength.cpp	Math	simulation	softfloat,geometry,shared-math	52e5463397678b2eaf71580e78a8f0ec5cb576f7
src/Math/hashfind.cpp	Math	simulation	softfloat,geometry,shared-math	4dd03fbb8cdc5d01c8c3cca55da1b74ac08ba7b6
src/Math/hashstate.cpp	Math	simulation	softfloat,geometry,shared-math	8994d35b8ca0d88143c300caa2489242b42a132e
src/Math/hashstate.h	Math	simulation	softfloat,geometry,shared-math	516372d81dbb38555fe1ef3f820827122696f4b1
src/Math/indexedfreelist.h	Math	simulation	softfloat,geometry,shared-math	11b75b19dba83e2fb10a62a8bdacd37f047342fb
src/Math/indexedfreelistallocate.cpp	Math	simulation	softfloat,geometry,shared-math	3cc5174c03fe09691d78b46d49439d87cff1acf0
src/Math/indexedfreelistallocatedispatch.cpp	Math	simulation	softfloat,geometry,shared-math	3007c45193e85f1ab4e9d2a5db73074ec97bf5be
src/Math/indexedfreelistentry.cpp	Math	simulation	softfloat,geometry,shared-math	fd7e7ecc2d7babad2238997144dac4b93733fac4
src/Math/indexedfreelistpush.cpp	Math	simulation	softfloat,geometry,shared-math	0f9018a3b471e3427be7327d1b981a40ea8ed5bc
src/Math/matrix3.h	Math	simulation	softfloat,geometry,shared-math	fcccdc25137ea4bda3372a9ba6756d81b75c3583
src/Math/matrix3_axisrot.cpp	Math	simulation	softfloat,geometry,shared-math	28b180c3153b4fe76971b5e44228af4604e9d0fb
src/Math/matrix3_eulerbuild.cpp	Math	simulation	softfloat,geometry,shared-math	0c0459bf2e0d05a7aebd7490a1f0bfaff60686f8
src/Math/matrix3_mul.cpp	Math	simulation	softfloat,geometry,shared-math	31eb1e639e4a9ac00b2813470c29309562d420b2
src/Math/matrix3_rotate.cpp	Math	simulation	softfloat,geometry,shared-math	c8fed2438dd7016bfc594cc213066b4f713c5b08
src/Math/matrix43transform.cpp	Math	simulation	softfloat,geometry,shared-math	229ff6e461bf4cf5b50255c66ae26a166a5e9e6b
src/Math/matrix44mul.cpp	Math	simulation	softfloat,geometry,shared-math	1f82bccd0802ccad985ce21510713ad77888097d
src/Math/matrix44transform.cpp	Math	simulation	softfloat,geometry,shared-math	cb28c0be76b2bbafd4f4f48f5d936d68a05ff616
src/Math/packedcolor.h	Math	simulation	softfloat,geometry,shared-math	0bc2e362d4c40576bfd23fa1ff7a5f5958d52227
src/Math/randomcfloat.cpp	Math	simulation	softfloat,geometry,shared-math	7851e430bd4425c12b3ee3f627e5229bb8fad67e
src/Math/randomint.cpp	Math	simulation	softfloat,geometry,shared-math	8e94fa2c20eff2159d468248178c43f6f688640a
src/Math/softfloat.cpp	Math	simulation	softfloat,geometry,shared-math	a874779f819f25f47a384acf8cfa8edf07b274dd
src/Math/softfloat_acos.cpp	Math	simulation	softfloat,geometry,shared-math	2125da97dcf41fbec1b597ed9969b3361036f817
src/Math/splitintfloatpair.cpp	Math	simulation	softfloat,geometry,shared-math	95d46c97b361bad7c2faa359a2af41180c6f4747
src/Math/sqrtfallback.cpp	Math	simulation	softfloat,geometry,shared-math	85d7b7fde150f66a9bab84a8187d545992e74980
src/Math/tmanaged_vtables.cpp	Math	simulation	softfloat,geometry,shared-math	2a934a7b862cc6a2f0f06765b8f7c11a866c9b30
src/Math/uispan.cpp	Math	simulation	softfloat,geometry,shared-math	18290cc6671e7842fc637c2f05c43966997f3230
src/Math/uispan.h	Math	simulation	softfloat,geometry,shared-math	1390c798384e6c6fab8a995aafc66c87f146063c
src/Math/versiongate.h	Math	simulation	softfloat,geometry,shared-math	6f914d916307285bc6c40d91168e43d7135ddc7f
src/Math/worldvec3ops.cpp	Math	simulation	softfloat,geometry,shared-math	ffffc5441377a087daa7de83330e54aeccb4f099
src/Misc/abilitytablesound.cpp	Misc	cross-cutting	accessors,thunks,unclassified	8ba7ed20f7ac1534fbc372a5a5c5fd65d57a5a9b
src/Misc/abilitytablesound.h	Misc	cross-cutting	accessors,thunks,unclassified	67f3a3111525735e4159859f47e22bc0977b9717
src/Misc/cachefirstfieldglobal.cpp	Misc	cross-cutting	accessors,thunks,unclassified	1e45c0f7d92a500be81118daaf322de0538a0559
src/Misc/cameraangle.cpp	Misc	cross-cutting	accessors,thunks,unclassified	2cd0aefaa927db10986e8fecde90c8f23dbc5c00
src/Misc/cameraangle.h	Misc	cross-cutting	accessors,thunks,unclassified	4e91b9a53a482477251683c95a9a8f59beb369f1
src/Misc/ccamera.cpp	Misc	cross-cutting	accessors,thunks,unclassified	9d28e13f63b8d9311a92b27c43d5d0ac7489619a
src/Misc/cheatdata.cpp	Misc	cross-cutting	accessors,thunks,unclassified	0cce4ac776f5132554df220f8e6ae08c3c097fea
src/Misc/cheatdata.h	Misc	cross-cutting	accessors,thunks,unclassified	141035892486b4f12840bc0148dfad4171885fc5
src/Misc/chkstk.cpp	Misc	cross-cutting	accessors,thunks,unclassified	b9d7d811221af83687dde1514cabe485d491fa5b
src/Misc/citemclosure_assign_c2vector.cpp	Misc	cross-cutting	accessors,thunks,unclassified	34e202957117ea985d2ac6079ce7828997e5debf
src/Misc/citemclosure_assign_c3vector.cpp	Misc	cross-cutting	accessors,thunks,unclassified	d47e9985f2258cd6ba826298788e8015f49d9bdc
src/Misc/citemclosure_assign_field2.cpp	Misc	cross-cutting	accessors,thunks,unclassified	26839fe73f2b3581dc052ac0b6d2e3047fe1b78c
src/Misc/citemclosure_batch8_gridleaves.cpp	Misc	cross-cutting	accessors,thunks,unclassified	2649ed75cd50ca18f67eb30c2a7f5531fbce87e8
src/Misc/citemclosure_batch8_logreport.cpp	Misc	cross-cutting	accessors,thunks,unclassified	6a930952554f18477cb505c49f4d4eec863753de
src/Misc/citemclosure_batch8_ringbuffer.cpp	Misc	cross-cutting	accessors,thunks,unclassified	409d33cbd2412488ad7c344287307a36cb816f3d
src/Misc/citemclosure_batchL_thunks.cpp	Misc	cross-cutting	accessors,thunks,unclassified	6c108657e2b81044f5d032c1d2799e22b532aea0
src/Misc/citemclosure_batch_m_framelayer.cpp	Misc	cross-cutting	accessors,thunks,unclassified	e95527a9de30cef5c85ad348430f220e77fe7220
src/Misc/citemclosure_batch_m_misc.cpp	Misc	cross-cutting	accessors,thunks,unclassified	36ad4b56630868cf324f00df04ed8212d49d0e30
src/Misc/citemclosure_batch_m_terrainarrays.cpp	Misc	cross-cutting	accessors,thunks,unclassified	0b1820f05771c59bc4e8aec36601da254cb61c33
src/Misc/citemclosure_batch_m_wedbslk.cpp	Misc	cross-cutting	accessors,thunks,unclassified	2cadbf10061ed99b830e41992598b64a48a26bc1
src/Misc/citemclosure_boundsmerge.cpp	Misc	cross-cutting	accessors,thunks,unclassified	7eae44d61a7510f28673111b85ac9e275fe15e9a
src/Misc/citemclosure_database_thunks.cpp	Misc	cross-cutting	accessors,thunks,unclassified	2519be49d39666aab63942024d437225dc282066
src/Misc/citemclosure_dbfieldhash.cpp	Misc	cross-cutting	accessors,thunks,unclassified	12cdbbda02d531028d6a0a51c1fba2e62da23639
src/Misc/citemclosure_depth10_gates.cpp	Misc	cross-cutting	accessors,thunks,unclassified	bfbd00176a269f8e2bde0dd2ba66bdba4c31e95c
src/Misc/citemclosure_depth11_thunks.cpp	Misc	cross-cutting	accessors,thunks,unclassified	09f3b70128bb2b2efe58dbf9933f82d6bf630fcf
src/Misc/citemclosure_depth9_leaves.cpp	Misc	cross-cutting	accessors,thunks,unclassified	7753940306f13a56ec860abb6bdf49ea704fdf42
src/Misc/citemclosure_depth9_thunks.cpp	Misc	cross-cutting	accessors,thunks,unclassified	d14fb676ddaec71e23715adbf5ee196497ed713c
src/Misc/citemclosure_facedata_autotexcache.cpp	Misc	cross-cutting	accessors,thunks,unclassified	51a3c62282de4ce68cd9eb2ec3f295b4f0a557ba
src/Misc/citemclosure_facedata_bucketremove.cpp	Misc	cross-cutting	accessors,thunks,unclassified	942908c72d17bcca58895b341cbc74df653772bf
src/Misc/citemclosure_facedata_clamprect.cpp	Misc	cross-cutting	accessors,thunks,unclassified	329d0949e45f31f05f2a5e80d8ff4e765f1a0625
src/Misc/citemclosure_facedata_createglyph.cpp	Misc	cross-cutting	accessors,thunks,unclassified	75892c1b23e24d6dc12436019399312669d5c2b6
src/Misc/citemclosure_facedata_fileload.cpp	Misc	cross-cutting	accessors,thunks,unclassified	eb9999475179f5d93cfd182edc23d8ae3174241b
src/Misc/citemclosure_facedata_fixed64.cpp	Misc	cross-cutting	accessors,thunks,unclassified	7c70eb1c4c790cfbafed7705ce7d743894e6e071
src/Misc/citemclosure_facedata_hashtable.cpp	Misc	cross-cutting	accessors,thunks,unclassified	c9b76b9cd31d12932168a1f3cbb8c430a1eb4f91
src/Misc/citemclosure_facedata_insertglyph.cpp	Misc	cross-cutting	accessors,thunks,unclassified	25e8538deecbc539b51379d7fd1dfdd7cf5b4d8f
src/Misc/citemclosure_facedata_insertplain.cpp	Misc	cross-cutting	accessors,thunks,unclassified	7c19606c0b6c2e3e182ccd03274e83168cf66470
src/Misc/citemclosure_facedata_installhook.cpp	Misc	cross-cutting	accessors,thunks,unclassified	e94de3245af4874252dd157b5df212b2d9333db1
src/Misc/citemclosure_facedata_loadentry.cpp	Misc	cross-cutting	accessors,thunks,unclassified	302a42ec1c6e0517aa8845f3031c60b222efe77e
src/Misc/citemclosure_facedata_metrics.cpp	Misc	cross-cutting	accessors,thunks,unclassified	feb084406bbec0ba7904d2fa80f642c40b86e9ca
src/Misc/citemclosure_facedata_ownerbinding.cpp	Misc	cross-cutting	accessors,thunks,unclassified	2d772f0c71ef5d4cf1ce7d6a7228e9e40f3a780a
src/Misc/citemclosure_facedata_ownerhook.cpp	Misc	cross-cutting	accessors,thunks,unclassified	6cd7494ef5436bcc06190030c4fbc5d91e62d37c
src/Misc/citemclosure_facedata_release.cpp	Misc	cross-cutting	accessors,thunks,unclassified	b33509627df850099c98c30ff8f31254ff5a3968
src/Misc/citemclosure_facedata_scaleglyph.cpp	Misc	cross-cutting	accessors,thunks,unclassified	536bc0f6f2ff12915355bae3d4a2afec2753f2bc
src/Misc/citemclosure_facedata_search.cpp	Misc	cross-cutting	accessors,thunks,unclassified	34a6ae0918d7934c90cde2f0be51994ac60f070b
src/Misc/citemclosure_facedata_teardown_thunk.cpp	Misc	cross-cutting	accessors,thunks,unclassified	04354a326de178d8655aba6f20f3086fb2eee2f4
src/Misc/citemclosure_sound_gates.cpp	Misc	cross-cutting	accessors,thunks,unclassified	11db11ecfacb8a2dd58fcaed594d4405e9a50484
src/Misc/citemclosure_terrain_gates.cpp	Misc	cross-cutting	accessors,thunks,unclassified	3a63fe7b39b2e0d614ff7d3c264015822b277242
src/Misc/citemclosure_terrain_gates2.cpp	Misc	cross-cutting	accessors,thunks,unclassified	d4388b60ca95e1cfb7cdc6e5e9605d001e4df8ad
src/Misc/citemclosure_terrain_gates3.cpp	Misc	cross-cutting	accessors,thunks,unclassified	c142110776c6e7a7c00199ab92d9a80e99db72a8
src/Misc/citemclosure_terrain_hashtable2.cpp	Misc	cross-cutting	accessors,thunks,unclassified	1781af302bfa97cb1c3438d290d20610133696fe
src/Misc/citemclosure_terrain_hashtrio.cpp	Misc	cross-cutting	accessors,thunks,unclassified	26510ea06d39998e290e9620dc47fe0640ab8ce0
src/Misc/citemclosure_terrain_leaves.cpp	Misc	cross-cutting	accessors,thunks,unclassified	d6073587385e51c292aa38ed63beb42d11de5fdf
src/Misc/citemclosure_terrain_misc.cpp	Misc	cross-cutting	accessors,thunks,unclassified	06a2a375b55cefc503e7759ca7eaf4eb42930151
src/Misc/citemclosure_terrain_thunks2.cpp	Misc	cross-cutting	accessors,thunks,unclassified	f4af5866dff0e40447e680e708ab325a98ba4df8
src/Misc/citemclosure_terrainhash4.cpp	Misc	cross-cutting	accessors,thunks,unclassified	f9c237a839b393c828aca3fd88d5fce7ddf87691
src/Misc/citemclosure_terrainhash5.cpp	Misc	cross-cutting	accessors,thunks,unclassified	cfb823c465c2143b2c99d0fc9854fcab4f6a6e55
src/Misc/citemclosure_wedb_depth7.cpp	Misc	cross-cutting	accessors,thunks,unclassified	92224b1378b8538b443c32d44538c7999c3ab9b3
src/Misc/citemclosure_wedbentryhash.cpp	Misc	cross-cutting	accessors,thunks,unclassified	ae2631acba43b921f2ece3045c94b9f512b34ed8
src/Misc/configprofiletypetagteardown.cpp	Misc	cross-cutting	accessors,thunks,unclassified	e7dd77d357bf5e12201b0f15cdac5043e54fed9b
src/Misc/copydefaulttriple.cpp	Misc	cross-cutting	accessors,thunks,unclassified	8c13b85b78474bfa8b45e5ffc7981364a616d2ff
src/Misc/countedarrayreleaseloops.cpp	Misc	cross-cutting	accessors,thunks,unclassified	14030946ff302353fb3b22a19b267009ef5dfa9b
src/Misc/countedslotset.cpp	Misc	cross-cutting	accessors,thunks,unclassified	27d46129ae601934d7376ac105410c9917502486
src/Misc/crt64math.cpp	Misc	cross-cutting	accessors,thunks,unclassified	582259d008a46b184bf435197eed86b73be0d3dd
src/Misc/crtsec.cpp	Misc	cross-cutting	accessors,thunks,unclassified	cf38d22e1765e712cad083162bd2be1bb8afaf2f
src/Misc/crtsec.h	Misc	cross-cutting	accessors,thunks,unclassified	638ef6ac20c79ad6cbeb1eb445d5321c154ead5b
src/Misc/crtseh.h	Misc	cross-cutting	accessors,thunks,unclassified	ec23b1e8d5978998a39403c423f636d199a8d073
src/Misc/crtseh4.cpp	Misc	cross-cutting	accessors,thunks,unclassified	0379981d4a27e2c8faff2e1441ceefe5e12b4c23
src/Misc/csoundlistener.cpp	Misc	cross-cutting	accessors,thunks,unclassified	207208a70629d5076e535655774a26bddcfbc162
src/Misc/cstringmanager.cpp	Misc	cross-cutting	accessors,thunks,unclassified	d22af479c1e45b5268851e93c7698adf5ec3f787
src/Misc/cstringmanagerintern.cpp	Misc	cross-cutting	accessors,thunks,unclassified	39ffe2eb6a99882fd3f02a5ea8768323f71afc68
src/Misc/cstringmanagershutdown.cpp	Misc	cross-cutting	accessors,thunks,unclassified	15c29a8ba365a9488597523be70a8ce0fa85517a
src/Misc/cstringrep.h	Misc	cross-cutting	accessors,thunks,unclassified	ad8a74c3c447b82c32f751e1dc2ef9bf2ee3e8bb
src/Misc/cstringrepbucketarray.cpp	Misc	cross-cutting	accessors,thunks,unclassified	02a206b60aacf00ce15f038fe822488b835871d2
src/Misc/cstringrepglobals.cpp	Misc	cross-cutting	accessors,thunks,unclassified	8840d3066b6f2a86ff59c22672246618a05d38c1
src/Misc/cstringreplist.cpp	Misc	cross-cutting	accessors,thunks,unclassified	3a936f52dc1f23a5a346b86601800d0e6c988d31
src/Misc/cstringreptable.cpp	Misc	cross-cutting	accessors,thunks,unclassified	bd87a1aad70431a13ac2cbbb1a1a666df6bcd7aa
src/Misc/cstringreptablector.cpp	Misc	cross-cutting	accessors,thunks,unclassified	b0aec8e940db706eb29a7a37f9745418d1484d9c
src/Misc/cunit_agent1_fourcc_getters.cpp	Misc	cross-cutting	accessors,thunks,unclassified	e85aa2da50054a6275d5f3e50cc8029254be2cd4
src/Misc/cunit_agent1_leaf_getters.cpp	Misc	cross-cutting	accessors,thunks,unclassified	5490106505d4426d512bfc7eab6547e8a2ab7e6b
src/Misc/cunit_agent1_lookup5800.cpp	Misc	cross-cutting	accessors,thunks,unclassified	51c9194cd02b88a320c3e58062063c7a52f71883
src/Misc/cunit_agent3_fiveslotfind.cpp	Misc	cross-cutting	accessors,thunks,unclassified	c78e0bfe771db26b0165276cb44c8e5030a785e5
src/Misc/cunit_agent3_portraitdetailapply.cpp	Misc	cross-cutting	accessors,thunks,unclassified	1cf082afd536350dcf5020978599a1221dff1584
src/Misc/cunit_agent5_thunk_6f332780.cpp	Misc	cross-cutting	accessors,thunks,unclassified	02ba7a57e496dcda1ac77348c5674ee8e045e194
src/Misc/cunit_agent5_wrapper_6f26fe50.cpp	Misc	cross-cutting	accessors,thunks,unclassified	946f3632f6375a71b44aa0773481c39ac03240a5
src/Misc/cunit_agent6_leaves.cpp	Misc	cross-cutting	accessors,thunks,unclassified	bc9c4820fbb2e2b16d88d362676e1cff92f5d5d9
src/Misc/cunit_agent6_naked.cpp	Misc	cross-cutting	accessors,thunks,unclassified	34481238ed61ce954aa25397f5194774ea3ce252
src/Misc/cunit_agent6_queryfields.cpp	Misc	cross-cutting	accessors,thunks,unclassified	fdd48ce7d5760708cb9cc8326b04ab489b5440cc
src/Misc/cunit_agent7_releasestaletaggedrefs.cpp	Misc	cross-cutting	accessors,thunks,unclassified	e2e41966eef09d24127f9606f6ada6b905329875
src/Misc/cunit_agent8_abilityfactories.cpp	Misc	cross-cutting	accessors,thunks,unclassified	074935fe4c5ca46cd9b06c1d6fe2bd9d8ed01512
src/Misc/cunit_agent8_batch1.cpp	Misc	cross-cutting	accessors,thunks,unclassified	a9b624e1f4a0d6b8d9bac51208b24835d2a6f99e
src/Misc/cunit_agent8_batch2.cpp	Misc	cross-cutting	accessors,thunks,unclassified	a7d9429de622e34baee54507c2f5061968454017
src/Misc/cunit_agent8_batch3.cpp	Misc	cross-cutting	accessors,thunks,unclassified	e6789487ee8f063c189f0c1a0b67fdf940645314
src/Misc/cunit_agent_seh_abilityfactories.cpp	Misc	cross-cutting	accessors,thunks,unclassified	31893db220b9557a72ebe7942522308a88a7c00a
src/Misc/cunit_agent_seh_abilityfactories2.cpp	Misc	cross-cutting	accessors,thunks,unclassified	6c0d9ac4e3ab5f1b47e21a8afe136d56a78120f3
src/Misc/cunit_toolipregistrylookup.cpp	Misc	cross-cutting	accessors,thunks,unclassified	62d6bda7c1f2df3ca28cd6be29fcae420bf8b3e3
src/Misc/customdatachecksumcache.h	Misc	cross-cutting	accessors,thunks,unclassified	c5ba6833852d636d804a07341da54af896805a94
src/Misc/databasetypetagteardown.cpp	Misc	cross-cutting	accessors,thunks,unclassified	72fc56359fc907118d6aa16616cec16285283658
src/Misc/eventannouncer.cpp	Misc	cross-cutting	accessors,thunks,unclassified	f2c2ce51ed4061bb157ecd7410b41c551c82e4a1
src/Misc/eventannouncer.h	Misc	cross-cutting	accessors,thunks,unclassified	41c33028a1a823e13f5994bf7928f30c45c6a5fa
src/Misc/fielddispatch_wrappers.cpp	Misc	cross-cutting	accessors,thunks,unclassified	83bc9ab5f17959a80eed72e2cf01441dbdfad8ca
src/Misc/fieldrecordcompareref.cpp	Misc	cross-cutting	accessors,thunks,unclassified	4f6d93aae99a00838cdaabdb770d76e94a47cff9
src/Misc/fixedagiletypeid_42707276.cpp	Misc	cross-cutting	accessors,thunks,unclassified	0c7c030f7b67ba07a1453d44d1675282967ae346
src/Misc/fixedstringrelease.cpp	Misc	cross-cutting	accessors,thunks,unclassified	eeddf16ba5b0c30c5e3363ba5a3f9f809aae7ddf
src/Misc/flagbit2cc_setbitbylookup.cpp	Misc	cross-cutting	accessors,thunks,unclassified	17f7e7aab7f7e73f3516d8b21f23a8ef66d45d54
src/Misc/gamemain_deferred_engine_thunks.cpp	Misc	cross-cutting	accessors,thunks,unclassified	38b595758338f82e20926a0d36ea4c503641264d
src/Misc/gamemain_small_wrappers.cpp	Misc	cross-cutting	accessors,thunks,unclassified	496485dc963e984710b62a6306358644d3ce74b2
src/Misc/gamemain_trivial_leaves.cpp	Misc	cross-cutting	accessors,thunks,unclassified	ce4448f18170acc36d60e9e695f61a614a0cb92c
src/Misc/gamemainenginethunks.cpp	Misc	cross-cutting	accessors,thunks,unclassified	651407b1288d0a20c0c1f5562553220780ba0380
src/Misc/gamemainmoduletag.cpp	Misc	cross-cutting	accessors,thunks,unclassified	a490cf15b54a90c9a877c74df7b6181095d2ce64
src/Misc/gamemainnoop.cpp	Misc	cross-cutting	accessors,thunks,unclassified	49840b46f9e300ac246e3b4f24dab73576d11fb4
src/Misc/gamemainslottable.cpp	Misc	cross-cutting	accessors,thunks,unclassified	5df2576e31b57d2a6bf6710b813f256cab227eea
src/Misc/gamemainstartupstubs.cpp	Misc	cross-cutting	accessors,thunks,unclassified	608e3ed4574341d48090e0a55932227c38cf1c7c
src/Misc/gamemainthunks.cpp	Misc	cross-cutting	accessors,thunks,unclassified	2f95b91cee21cb61d6d25e2121d4609e2646abb0
src/Misc/gameuidispatchnotify_6f2f88b0.cpp	Misc	cross-cutting	accessors,thunks,unclassified	7f0b463206465ad7315e263da63ae09969961bee
src/Misc/gameuidispatchnotify_wrapper_6f332790.cpp	Misc	cross-cutting	accessors,thunks,unclassified	ad4d839e6915cfb3bd764fbfa6a5dd528cee6025
src/Misc/genericfieldrecordhash.cpp	Misc	cross-cutting	accessors,thunks,unclassified	b3e8face2540756ac82d2754f9aa70670be67c58
src/Misc/granularityclamp.cpp	Misc	cross-cutting	accessors,thunks,unclassified	c53fd49f2ac36811a77bb781cd34eb009312e874
src/Misc/growrecordappend.cpp	Misc	cross-cutting	accessors,thunks,unclassified	08416c49cbb468d4e9269920fc20d0e41db5ba53
src/Misc/handlefieldnotify.cpp	Misc	cross-cutting	accessors,thunks,unclassified	c77f1155db048b865fe6bcee2502d4f7615f8aca
src/Misc/handlelookupreleaseonempty.cpp	Misc	cross-cutting	accessors,thunks,unclassified	9909c500101354f243bc1137ae6b530dc1f4f43b
src/Misc/hashtablehashonly.h	Misc	cross-cutting	accessors,thunks,unclassified	ba2a4da3dfc1917c05d70ea9261b0b498f5b2dec
src/Misc/hashtablehashonlylookup.cpp	Misc	cross-cutting	accessors,thunks,unclassified	da1e2b929a137e55eb0fef8b2d9d25e047e11405
src/Misc/indexedslotprepare.cpp	Misc	cross-cutting	accessors,thunks,unclassified	7c7dda5c70c9f3ffc79685fc69898820cf8e8490
src/Misc/intminidump.cpp	Misc	cross-cutting	accessors,thunks,unclassified	ed4b956e5e92cd2f91b35e25ea5d0dbe621af24a
src/Misc/jassvmbin2_miscthunks.cpp	Misc	cross-cutting	accessors,thunks,unclassified	fc4fae81e8562a70634309d4f1de95ceacc9a467
src/Misc/jscriptbin3_miscthunks.cpp	Misc	cross-cutting	accessors,thunks,unclassified	9c5c1555daab26aa2813a8ccbb1ab709e63843ec
src/Misc/jscriptbin3_sehframethunks.cpp	Misc	cross-cutting	accessors,thunks,unclassified	d74aefa7338bbd58b58892251fa20c96ce6240b7
src/Misc/jscriptbin4_thunks.cpp	Misc	cross-cutting	accessors,thunks,unclassified	94a825207ae61c0239dba9c658262210d4f867a7
src/Misc/lastflagcache.cpp	Misc	cross-cutting	accessors,thunks,unclassified	5dcaa1ce505be93661109368a588b699351cc8a0
src/Misc/linkedfieldwalker.cpp	Misc	cross-cutting	accessors,thunks,unclassified	686a57c2d5c6d11a6cf89b942556fc5b283325d3
src/Misc/lockedkeylist.cpp	Misc	cross-cutting	accessors,thunks,unclassified	c2c6252a934ad4b9ca92f4c8f2211adaba51bd3c
src/Misc/misc_accessors.cpp	Misc	cross-cutting	accessors,thunks,unclassified	b4d57c6cf342df5247e090edea763815dfc07a14
src/Misc/misc_adjuster_thunks.cpp	Misc	cross-cutting	accessors,thunks,unclassified	1bf8c64351a5d20ae738f5d53fd6b7ba90abc949
src/Misc/misc_agentslot_release.cpp	Misc	cross-cutting	accessors,thunks,unclassified	69ba671039d2f828f6068238447f09d93e919b6a
src/Misc/misc_field_getters.cpp	Misc	cross-cutting	accessors,thunks,unclassified	c74cfe813cb7eddadcf6c4fefe1dfe65ace75789
src/Misc/misc_handle_lookups.cpp	Misc	cross-cutting	accessors,thunks,unclassified	42bb41c3cc77b1ec95bbfadafc18bf018d886792
src/Misc/misc_handle_resolvers.cpp	Misc	cross-cutting	accessors,thunks,unclassified	03a2f32c3d55110363764b082eac395dc6f0c469
src/Misc/misc_heroagiletype.cpp	Misc	cross-cutting	accessors,thunks,unclassified	42c82a7ffd023f7d303adcb024d17505175397eb
src/Misc/misc_leaves_batch3.cpp	Misc	cross-cutting	accessors,thunks,unclassified	8aaeeea0c51d703ee65f476a5acb84fde0907a4c
src/Misc/misc_leaves_batch4.cpp	Misc	cross-cutting	accessors,thunks,unclassified	578b03f0114cef60d5ed3acc37c707b451050874
src/Misc/misc_leaves_batch5.cpp	Misc	cross-cutting	accessors,thunks,unclassified	fb2d028b92ce3548b6dfa8f5caa51d78463bc5ed
src/Misc/misc_notifyorforward_event.cpp	Misc	cross-cutting	accessors,thunks,unclassified	7c04308e7ee61f7e0fed6433ff89b0c41f7d0c23
src/Misc/misc_rawcode_getters.cpp	Misc	cross-cutting	accessors,thunks,unclassified	3628efd72968fd0678104dbec3531c8146e6f87b
src/Misc/misc_tailjmp_thunks.cpp	Misc	cross-cutting	accessors,thunks,unclassified	c576c5a2bcc1ce9d30fd85e4f1ddb5a61f23c37c
src/Misc/misc_trivial_getters.cpp	Misc	cross-cutting	accessors,thunks,unclassified	2b6fcd0aa1b159e8a42b8bd9276251ff024bf28b
src/Misc/misc_unittracking_toggle.cpp	Misc	cross-cutting	accessors,thunks,unclassified	04570394bed41355f2bed37a4894a9de812e0e80
src/Misc/nameddoublelinkedreleases.cpp	Misc	cross-cutting	accessors,thunks,unclassified	daa96a7ce6bbcf96215b0687a2e08ebd70d393bb
src/Misc/ntempest_cpmquery_scalardtors.cpp	Misc	cross-cutting	accessors,thunks,unclassified	d182911cddc70a97eabea1a71a237e397d986001
src/Misc/ntempest_csidispatch_scalardtors.cpp	Misc	cross-cutting	accessors,thunks,unclassified	eccd081df38c1d564fc75cb7fdde502fc1222165
src/Misc/ntempest_dyntable_scalardtors.cpp	Misc	cross-cutting	accessors,thunks,unclassified	39dd50341d7d76110a763972ca2f8f124edd364c
src/Misc/ntempest_memblockt_scalardtors.cpp	Misc	cross-cutting	accessors,thunks,unclassified	3c513eb3808c47b95e5ee389401b58c80d53aafc
src/Misc/ntempest_priorityq_scalardtors.cpp	Misc	cross-cutting	accessors,thunks,unclassified	0f70f16e62554dfe5560278e7a7aa825a4c703ff
src/Misc/nullstub.cpp	Misc	cross-cutting	accessors,thunks,unclassified	44a7eb6e4690f901877b992bcc63ad2c987932cc
src/Misc/nullsub.cpp	Misc	cross-cutting	accessors,thunks,unclassified	51aaf32440dc03c4d498b779e6991e1103dd3c25
src/Misc/nullsub1.cpp	Misc	cross-cutting	accessors,thunks,unclassified	b136c4050eeb68e3c04a40bd00f94b0aef94da52
src/Misc/opdelete.cpp	Misc	cross-cutting	accessors,thunks,unclassified	2a5aaee196db1abeeb773d49099e7de73055f29d
src/Misc/ownedrefchecksumcachefoldgroup.cpp	Misc	cross-cutting	accessors,thunks,unclassified	fdab267e524ea4bbda2dadcc23e153206ce1b5b2
src/Misc/ownedrefchecksumcachefoldrecord.cpp	Misc	cross-cutting	accessors,thunks,unclassified	b8cb235a45d99cd50e5d004574d771df80f742ac
src/Misc/ownedrefchecksumcachehash.cpp	Misc	cross-cutting	accessors,thunks,unclassified	3cf1a4ee9446bddb7d7e8ee3cc50cae5a1d29d94
src/Misc/pathfieldset.cpp	Misc	cross-cutting	accessors,thunks,unclassified	5ae81ba2243d306e970abb0fd46446c581688eed
src/Misc/pausegamecalleethunks.cpp	Misc	cross-cutting	accessors,thunks,unclassified	459f54fe5b2242ab702cab0db495dd9245991e93
src/Misc/poolchecksumcachehash.cpp	Misc	cross-cutting	accessors,thunks,unclassified	cea60c50005d074b1f141a0a9332269ebe15f8a8
src/Misc/powerof2capclamp.cpp	Misc	cross-cutting	accessors,thunks,unclassified	de8cb91314304e418ce8ad01056fca0134591b48
src/Misc/publishedfieldbroadcast.cpp	Misc	cross-cutting	accessors,thunks,unclassified	93ddc79292c165bab68d36b22a70f3fcd66f352d
src/Misc/randintinrange.cpp	Misc	cross-cutting	accessors,thunks,unclassified	ef864e991e69e7cc5a48e25093a4456354983bd0
src/Misc/rcstring.h	Misc	cross-cutting	accessors,thunks,unclassified	542274d4dd7c2afab5cea2642db6d84177cc9689
src/Misc/rcstringappend.cpp	Misc	cross-cutting	accessors,thunks,unclassified	3df192f173e056c631ba29a429f39a007175dea4
src/Misc/rcstringassign.cpp	Misc	cross-cutting	accessors,thunks,unclassified	e0952cd8b8a87cf7886c0d730c2b2528c46fc43e
src/Misc/rcstringassigncstr.cpp	Misc	cross-cutting	accessors,thunks,unclassified	6850d2b6a3896622a1d3db52a828d91171ada59f
src/Misc/rcstringcompare.cpp	Misc	cross-cutting	accessors,thunks,unclassified	4f3cef542adf3b6423a458642f80415cb28d01f8
src/Misc/rcstringdtor.cpp	Misc	cross-cutting	accessors,thunks,unclassified	62f62062d7c39466544a473a3ff954d6386592b4
src/Misc/rcstringdtorforward.cpp	Misc	cross-cutting	accessors,thunks,unclassified	8939cce5a7e32f002f2fb675e2778af3b077d8da
src/Misc/rcstringglobals.cpp	Misc	cross-cutting	accessors,thunks,unclassified	a7c02b4c1e98ec290200d2757a316e7f2e35c7f8
src/Misc/rcstringreset.cpp	Misc	cross-cutting	accessors,thunks,unclassified	fff1ac64143ca9c5b100ab534230e61b50fd6fe2
src/Misc/refminidump.cpp	Misc	cross-cutting	accessors,thunks,unclassified	b805fdd9e9b29f90bab4d9cbc7b0f49c1f3fa39c
src/Misc/releaseandclearfield1c.cpp	Misc	cross-cutting	accessors,thunks,unclassified	60a7f1a042c8e454efbca213c8c92df45ee52df2
src/Misc/releaseglobalsingleton.cpp	Misc	cross-cutting	accessors,thunks,unclassified	e147444b398accc74ecc963ce0593b4a786c6964
src/Misc/residuekey.cpp	Misc	cross-cutting	accessors,thunks,unclassified	899bc88a74f369d553e42f79b447fad9c5d4675f
src/Misc/residuekey.h	Misc	cross-cutting	accessors,thunks,unclassified	e3eaa2aa344bc93e3a878ac613d970bc1338ec25
src/Misc/settertarget.h	Misc	cross-cutting	accessors,thunks,unclassified	95655f4be60904d2f41e1c3d5e587eb502c2b9bc
src/Misc/settertarget_forwards.cpp	Misc	cross-cutting	accessors,thunks,unclassified	5abb21be78e0aaa5a491198d6af85b5a70ebe6e8
src/Misc/settertarget_pack.cpp	Misc	cross-cutting	accessors,thunks,unclassified	4aa469dfde2530368bf1c1eb7887e9206f663658
src/Misc/settertarget_pack_helper.cpp	Misc	cross-cutting	accessors,thunks,unclassified	97d0b6aeaad4066a395cb2056c2876a779d75477
src/Misc/settertarget_queries.cpp	Misc	cross-cutting	accessors,thunks,unclassified	6df1d566f2ba421c1f5fc2cbd55f7eb0baadf3a3
src/Misc/slklineparser.cpp	Misc	cross-cutting	accessors,thunks,unclassified	952e5957bc6e1f162b96434d7bbbec86697057ca
src/Misc/spritehandlethunks.cpp	Misc	cross-cutting	accessors,thunks,unclassified	5bb5f4f0d0518cd528207864d4d5ddd5dd876409
src/Misc/spritetypetagteardown.cpp	Misc	cross-cutting	accessors,thunks,unclassified	70dfac4335eccbf9f633fceda71c87fa407c4392
src/Misc/statetable.h	Misc	cross-cutting	accessors,thunks,unclassified	d25fae63be6586f517191689d14bf18f1cc48b1e
src/Misc/statetableapply.cpp	Misc	cross-cutting	accessors,thunks,unclassified	aa31ca49269add1dde177de11bc63508031c2609
src/Misc/statetableindexed.cpp	Misc	cross-cutting	accessors,thunks,unclassified	f0a22377272310b508626406601dfea554abdfec
src/Misc/statetablethunks.cpp	Misc	cross-cutting	accessors,thunks,unclassified	ea64541030908d2f485b15cce21ef2ad5ea908be
src/Misc/storm252handlerelease.cpp	Misc	cross-cutting	accessors,thunks,unclassified	dc6bd26129005f11b6396bfa2283897c77cf0744
src/Misc/storm578reorderedformat.cpp	Misc	cross-cutting	accessors,thunks,unclassified	9eadaedca7eadf0b83d6c5a73be9859e5b9eb41a
src/Misc/stormsingletonadispatch.cpp	Misc	cross-cutting	accessors,thunks,unclassified	6a7cc16311d32522ffaf53d69f994865e35cf62e
src/Misc/stringsequalcaseflag.cpp	Misc	cross-cutting	accessors,thunks,unclassified	6a3f003028c83ac99e8ad7c13763e7d316af50cc
src/Misc/sweep_field_setters.cpp	Misc	cross-cutting	accessors,thunks,unclassified	0d5cc0934d5ac8e51b5daee73f73c8031e549c52
src/Misc/sweep_predicates.cpp	Misc	cross-cutting	accessors,thunks,unclassified	d811bd6b4dac7e61458e696d6e8c79558ef74b21
src/Misc/sysmessage.cpp	Misc	cross-cutting	accessors,thunks,unclassified	e008c4f8920afe2602be9b6939f882f4c51a2ead
src/Misc/sysmessage.h	Misc	cross-cutting	accessors,thunks,unclassified	18bae41ae42a96ddd09da025ac53ae4e446750da
src/Misc/sysmessagepost.cpp	Misc	cross-cutting	accessors,thunks,unclassified	524e18c0484380b4dc450009226d41a0c4a501b0
src/Misc/trivialaccessors_02_03.cpp	Misc	cross-cutting	accessors,thunks,unclassified	29b39b4fba96af64181d56342d51c776c5decffd
src/Misc/trivialaccessors_04.cpp	Misc	cross-cutting	accessors,thunks,unclassified	d489813f118cc1426ce925c6ab03271b41833ebb
src/Misc/trivialaccessors_05.cpp	Misc	cross-cutting	accessors,thunks,unclassified	82dbbf4a4cfa98430773db61be0fe43a6cc38976
src/Misc/trivialaccessors_06.cpp	Misc	cross-cutting	accessors,thunks,unclassified	bef7e705de8c5bd5f6207d56fdadbd6a658b2f21
src/Misc/trivialaccessors_07.cpp	Misc	cross-cutting	accessors,thunks,unclassified	8141ac36f8ec3cb9db39ff920bd87c247717097e
src/Misc/trivialaccessors_08.cpp	Misc	cross-cutting	accessors,thunks,unclassified	3d51fd3129db0c48976f28e9f3c152b0dba75553
src/Misc/trivialpredicates.cpp	Misc	cross-cutting	accessors,thunks,unclassified	ce1ca039bf6850208bde9525c337d5cb7420f010
src/Misc/typecheckedrefholder_42707276.cpp	Misc	cross-cutting	accessors,thunks,unclassified	248da911cf3fc5026dc1ef2e230ce88cf264384c
src/Misc/unittypecacheexpiry.cpp	Misc	cross-cutting	accessors,thunks,unclassified	735170439bea400345981a37fed7b0c3c0c1e354
src/Misc/unpackfourccbuffer.cpp	Misc	cross-cutting	accessors,thunks,unclassified	372753dc6d63f8cfe3e7482c80d9bb1d456f6069
src/Misc/unreconstructed_thunks.cpp	Misc	cross-cutting	accessors,thunks,unclassified	60539e63160423addb3fb275ccde88844296cc7b
src/Misc/wedatabase.h	Misc	cross-cutting	accessors,thunks,unclassified	62e9888e47d94507606766904dc4b026dec4eda4
src/Misc/wedatabaserecordat.cpp	Misc	cross-cutting	accessors,thunks,unclassified	6d8bcf852b4294e6e0dabaea85eaa55d34eff7d4
src/Misc/wedbentrylookup.cpp	Misc	cross-cutting	accessors,thunks,unclassified	8e86530f659bfc8b4703831258ff2cee083db20a
src/Misc/zeronineafterfirst.cpp	Misc	cross-cutting	accessors,thunks,unclassified	25e90eadbe6584745242b60886f11d93e3106709
src/Missile/bhpobehavior.h	Missile	simulation	projectiles,effects	838093780ebcff186683c1b47a9c612f389ffa18
src/Missile/bhpobehavior_typename_dtor.cpp	Missile	simulation	projectiles,effects	0da88722f8344087686ec2c4b0b999476391182e
src/Missile/bhpoprojectile.h	Missile	simulation	projectiles,effects	2e5fbd9b4f568581ddda378157ac774d8b748024
src/Missile/bhpoprojectile_attach.cpp	Missile	simulation	projectiles,effects	1b35830e5d895cb2aad7644bdfba36cfb206f291
src/Missile/bhpoprojectile_checksum_dump.cpp	Missile	simulation	projectiles,effects	461ab03e606d95ac3be2e90ab62ab8cac569b223
src/Missile/bhpoprojectile_ctor.cpp	Missile	simulation	projectiles,effects	b8d0a396c735037af3a3d6c3c0a9edd4e8544673
src/Missile/bhpoprojectile_notify.cpp	Missile	simulation	projectiles,effects	f50d9a8e834fda5bc728d458c2621f8a611c0af1
src/Missile/bhpoprojectile_notifycore.cpp	Missile	simulation	projectiles,effects	9b8a29077c519008df2e6790d4e008fe99e78ba8
src/Missile/bhpoprojectile_reset.cpp	Missile	simulation	projectiles,effects	cd920ef82acc11f1b817a2193f628db839c05630
src/Missile/bhpoprojectile_slots.cpp	Missile	simulation	projectiles,effects	3cfeac3237b4df28035b24590da11e2588c9262d
src/Missile/bhpoprojectile_syncio.cpp	Missile	simulation	projectiles,effects	a4336cae5b8564a3e127140d1fd57bb43efb0a43
src/Missile/bhpoprojectile_typename_dtor.cpp	Missile	simulation	projectiles,effects	6cd03f59bea9436d89841038a9d8b2f7fc360742
src/Missile/boolquery.cpp	Missile	simulation	projectiles,effects	58dc8285301915a37633bd44a61aa04acc2cb3bc
src/Missile/boolqueryowner.h	Missile	simulation	projectiles,effects	a3e2be1c23c141dfb63d8fe3d76baa1024a6360b
src/Missile/boolqueryresolve.cpp	Missile	simulation	projectiles,effects	241b4eff889e55640560cebaa1e8f58783fb0891
src/Missile/bullet.h	Missile	simulation	projectiles,effects	dca09570e4666e74d38f33acd2082ebfc1c437e3
src/Missile/bullet_core.cpp	Missile	simulation	projectiles,effects	5e4aa11b3b724a66729ebe41de770b42bbaec20d
src/Missile/bullet_ctordtor.cpp	Missile	simulation	projectiles,effects	09e19d3f7a31dc127ed08aad6bd774f53377ca84
src/Missile/bullet_dumpflags.cpp	Missile	simulation	projectiles,effects	1fc1c7f8490ef393c743d32fe687e67f6426671f
src/Missile/bullet_impact.cpp	Missile	simulation	projectiles,effects	6f9931ab66856185268bdb45dbf877fde88a5d23
src/Missile/bullet_position.cpp	Missile	simulation	projectiles,effects	a6fdd9070d368eceedbfba04615574788adc1a10
src/Missile/bulletbase.h	Missile	simulation	projectiles,effects	7c64649186347a2d033d0afc805cc532b736e319
src/Missile/bulletbase_core.cpp	Missile	simulation	projectiles,effects	7f9f66c31c30060c039797669481a4645776839b
src/Missile/bulletbase_createsprite.cpp	Missile	simulation	projectiles,effects	0feca50f989358dfd7061d3a0204948a2352a9fb
src/Missile/bulletbase_ctordtor.cpp	Missile	simulation	projectiles,effects	41a05ab9e14fc659facd18284bba03f8fc937a5e
src/Missile/bulletbase_deactivate.cpp	Missile	simulation	projectiles,effects	515385e3dfcb7901f1f1ceed20fc65445f8f7367
src/Missile/bulletbase_deleteself.cpp	Missile	simulation	projectiles,effects	50792c3c1a2bfe50a50590cff38910ef9c6df025
src/Missile/bulletbase_dispatch.cpp	Missile	simulation	projectiles,effects	0eb2006b2a8d7f42454eda53b8e96b99bb30108b
src/Missile/bulletbase_ondispose.cpp	Missile	simulation	projectiles,effects	15579d1893ec19a1e663cdf6ffdb193e5a7d7b01
src/Missile/bulletbase_slot42.cpp	Missile	simulation	projectiles,effects	bcaf73b4ca9a19e3c6c95361cb49b21ddeb7b0e2
src/Missile/bulletpath.h	Missile	simulation	projectiles,effects	0232689bf80f12f3bea79a2fcebf416333d34679
src/Missile/bulletpath_core.cpp	Missile	simulation	projectiles,effects	5dfb415b005cde61ecfc9a5c80d48d7d6aedfd50
src/Missile/impactcontext.h	Missile	simulation	projectiles,effects	a2788b17a9fd51f9567aa203a99a0a86a0d55789
src/Missile/impactcontext_ctor.cpp	Missile	simulation	projectiles,effects	7a37ff86ef30ab85e1b1995cd23031909d420ee9
src/Missile/missile.h	Missile	simulation	projectiles,effects	5dbded04f3c72b6b48fc212dd058e42da007b8d1
src/Missile/missile_apply.cpp	Missile	simulation	projectiles,effects	3e9addaf83866ac7c860249ac20e89f0751ff89e
src/Missile/missile_arrival.cpp	Missile	simulation	projectiles,effects	28a86ef7a4958905cc08888e3051643053b4288e
src/Missile/missile_core.cpp	Missile	simulation	projectiles,effects	d08c5876bd197319dda2d98b3f9190e56f6e69b9
src/Missile/missile_ctordtor.cpp	Missile	simulation	projectiles,effects	b881222f11be5d0158a38935099d99a090d7585a
src/Missile/missile_dealdamage.cpp	Missile	simulation	projectiles,effects	7662adf1d05f6f499a472f4ead99009de4f480d1
src/Missile/missile_dispatch.cpp	Missile	simulation	projectiles,effects	f03455c004777581d3507550bd46826babb7c3af
src/Missile/missile_dumpflags.cpp	Missile	simulation	projectiles,effects	e160267085b8abd409c55ef419229ea62bbeaf82
src/Missile/missile_targetrefnotify.cpp	Missile	simulation	projectiles,effects	46c0b8ab2df983188f06f1aa9a177bb196b07af1
src/Missile/missile_thunderbolt.cpp	Missile	simulation	projectiles,effects	bae87e085d262d1d274b33c6df6a125c7ddde165
src/Missile/missile_thunderbolt.h	Missile	simulation	projectiles,effects	fb74cec493a2f1ec0dc9f53cd93690da1ea54c8d
src/Missile/missile_thunderbolt_clear.cpp	Missile	simulation	projectiles,effects	4cd8fbe1d4a8db3dc40acb9a55496804a394398d
src/Missile/missile_thunderbolt_register.cpp	Missile	simulation	projectiles,effects	089c85c088e4d626a8e2e74dfe579a7768850355
src/Missile/missilefire.h	Missile	simulation	projectiles,effects	b0c1cb438e580b0c15b10f893bcc1184de1aa8cc
src/Missile/missilefire_bc.cpp	Missile	simulation	projectiles,effects	a90fda1b3740bce940993d27ffe289834ef814fe
src/Missile/missilefire_core.cpp	Missile	simulation	projectiles,effects	efa1c8912e0cdf6a4ca863005232c67766f5326c
src/Missile/missilefire_ctordtor.cpp	Missile	simulation	projectiles,effects	5d4c7740f45a17cbc01a3dea473e71db9073ea64
src/Missile/missilefire_dumpflags.cpp	Missile	simulation	projectiles,effects	a495740bd439abd8ea6ced118e718959772c7840
src/Missile/missilepath.h	Missile	simulation	projectiles,effects	1ed9265139db9df47368a919f2a9ec3a8f745f48
src/Missile/missilepath_core.cpp	Missile	simulation	projectiles,effects	8727f73779f5dca354fe7bee9b6a29200dd62476
src/Missile/missilespiderattack.h	Missile	simulation	projectiles,effects	14fc6465b5d4aa6260f59241cec063d40db00458
src/Missile/missilespiderattack_core.cpp	Missile	simulation	projectiles,effects	07c4499bd6aab9ac8772bee3da6a77daeeece117
src/Missile/ponotifyeventgetter.cpp	Missile	simulation	projectiles,effects	029b98ae3dc819d602ccb4d4dc61002dd56b959f
src/Missile/refcountedagent_queries.cpp	Missile	simulation	projectiles,effects	6430a25b914d7fed9d520603ac6aeb4c96cdf9e7
src/Net/actionqueuerecord_arrays.cpp	Net	network	lockstep,commands,session,serialization	854b3d5d6816253f4c4d369984b30fb76df263cb
src/Net/actionqueuerecord_arrays_find.cpp	Net	network	lockstep,commands,session,serialization	4cad2f9acf17beede2093e5716cd6a53c946b691
src/Net/actionqueuerecord_freelist.cpp	Net	network	lockstep,commands,session,serialization	79899fc4e081f9933fe1fa3c954ace356f66fa74
src/Net/actionqueuerecord_list.cpp	Net	network	lockstep,commands,session,serialization	c972c6ebcdc1f22060d63612d434c7763aabc3de
src/Net/actionqueuerecord_notify.cpp	Net	network	lockstep,commands,session,serialization	ef2edf53ec8642c7a18beef3b572991dc6e03eb6
src/Net/actionqueuerecord_refcount.cpp	Net	network	lockstep,commands,session,serialization	de1103693664056595f8e0d5b4fd80f62c8fe8b6
src/Net/actionqueuerecord_resize.cpp	Net	network	lockstep,commands,session,serialization	ed749a4dbdb1f3f4df1b7b58d353436cf2a66643
src/Net/actionqueuerecord_timer.cpp	Net	network	lockstep,commands,session,serialization	e272694b5134d09d26715e0bc29ce28eceede27d
src/Net/actionqueuetable.cpp	Net	network	lockstep,commands,session,serialization	5c4c1a2a7281d69235db2691d3b74708b00aa4b2
src/Net/battlenetevent_dispatch.cpp	Net	network	lockstep,commands,session,serialization	e53404871f18d11c26cb3b45e30812e6fcd11d5a
src/Net/cachedtimerrefreset.cpp	Net	network	lockstep,commands,session,serialization	08c0b5af2819215ec11b0c14b0931e05e5b44069
src/Net/cdatarecycler.h	Net	network	lockstep,commands,session,serialization	007fa4e13ac210e730325d8c0cbb38bd151a6c33
src/Net/cdatarecycler_setupnodechain.cpp	Net	network	lockstep,commands,session,serialization	8a19db20864b1ec52ac47f244077da3a00e39938
src/Net/cdatarecycler_slots.cpp	Net	network	lockstep,commands,session,serialization	0c4925637ea14479ca89e619203fb793f39637f1
src/Net/cdatarecycler_stackprims.cpp	Net	network	lockstep,commands,session,serialization	f63aa1386eba78419b84515c55007f0ff4d13348
src/Net/cdatarecyclerctor.cpp	Net	network	lockstep,commands,session,serialization	939dd221365a51d2db6674d64cabbd3aa57505ef
src/Net/cdatarecyclerglobals.cpp	Net	network	lockstep,commands,session,serialization	001d339d2d63beac57322a460436f56f79063931
src/Net/cdatastore.cpp	Net	network	lockstep,commands,session,serialization	d1b4fec507458d561dd83638187a951c2755a041
src/Net/cdatastore.h	Net	network	lockstep,commands,session,serialization	4c1cdb4eca69db19228a8f0a6a7fb490af6312cb
src/Net/cdatastore_readcfloat.cpp	Net	network	lockstep,commands,session,serialization	dcb54df738afbbd1f7bc8ea0ae62477ae2b9b72e
src/Net/cdatastore_readdwordalt.cpp	Net	network	lockstep,commands,session,serialization	e7b98339678f205bda8e69bda20f0aa9c358d74b
src/Net/cdatastore_readdwordalt2.cpp	Net	network	lockstep,commands,session,serialization	62f48e5de87a8894eb555b7416fc135b6a0faf05
src/Net/cdatastore_readdwordarray.cpp	Net	network	lockstep,commands,session,serialization	bc0142ec7edc62ae8acd31d6ae85d600dbd3afa0
src/Net/cdatastore_readraw.cpp	Net	network	lockstep,commands,session,serialization	80033638696e3ce8efbddfdd05d0d8eaa121446d
src/Net/cdatastore_readrawat18.cpp	Net	network	lockstep,commands,session,serialization	a7d64b175e18cc23c58cdca1ea5373ed6ddbaac4
src/Net/cdatastore_readstring.cpp	Net	network	lockstep,commands,session,serialization	e5781484ae5241d686a1169260321fd168d26716
src/Net/cdatastore_readwordalt.cpp	Net	network	lockstep,commands,session,serialization	e96b308edb6b89b48ded62e5993f0a0580732bdf
src/Net/cdatastore_writecfloat.cpp	Net	network	lockstep,commands,session,serialization	58ea86769b3bd3cb48bd6f845bfbdba1b935665a
src/Net/cdatastore_writerefhandlepair.cpp	Net	network	lockstep,commands,session,serialization	8402be0f959a5dd3c082f5e8d9b7b25ca2fca7fd
src/Net/cdatastorecache.cpp	Net	network	lockstep,commands,session,serialization	c68bcd1448c7db5578d93e1aea294a0086723ace
src/Net/cdatastorecache128.cpp	Net	network	lockstep,commands,session,serialization	b0fc85c9904063445f0f287d99bcae5c038d727b
src/Net/cdatastorecache128.h	Net	network	lockstep,commands,session,serialization	beab11836dcc81f9ed37f399c3632ec9d12c6c6c
src/Net/cdatastorecachedrain.cpp	Net	network	lockstep,commands,session,serialization	408c5164fa872a37d94b4e4432a58a5ed3a379c5
src/Net/cdatastorecacheseal.cpp	Net	network	lockstep,commands,session,serialization	b5e63748c247f0c5cb7e6f40259a5f02085ed386
src/Net/cdatastorescratch.cpp	Net	network	lockstep,commands,session,serialization	cc35075319e88e3f1670d35817f04ee61ba1ad0c
src/Net/cdatastorescratch.h	Net	network	lockstep,commands,session,serialization	3c6d3277437df371851c796b4589b613831f1f2e
src/Net/cdatastorescratch_deleteself.cpp	Net	network	lockstep,commands,session,serialization	3ade8271162777444c7b35db2c5423fc50c1b993
src/Net/cdatastorescratch_writedwordalt.cpp	Net	network	lockstep,commands,session,serialization	c92a5e6032279fdb30f371bd06f22231bc322fc2
src/Net/cdatastorescratch_writedwordalt2.cpp	Net	network	lockstep,commands,session,serialization	419b2030559524fc4be9da8c92f13bd5b60eddb8
src/Net/cdatastorescratch_writedwordalt3.cpp	Net	network	lockstep,commands,session,serialization	eb8820978d9895dc408f3f3391d45eebd8529938
src/Net/cdatastorescratch_writeheader_wrapper.cpp	Net	network	lockstep,commands,session,serialization	7162a1ca0fd8b24cfe1817f637f6fd2516812e9b
src/Net/cdatastorescratch_writers.cpp	Net	network	lockstep,commands,session,serialization	794490d99d30c06eab92f54f6c5499c161f257df
src/Net/cdatastorescratch_writestring.cpp	Net	network	lockstep,commands,session,serialization	331d49aa7393a514c70e8f26755d4796caf1f731
src/Net/cdatastorescratch_writewordalt.cpp	Net	network	lockstep,commands,session,serialization	a13429f186d58dac6ce8125f3fab2581fcd18b89
src/Net/cgamedescstore.cpp	Net	network	lockstep,commands,session,serialization	cbdced12b64c55cd35c8552d5bff47917884a999
src/Net/cgamedescstore.h	Net	network	lockstep,commands,session,serialization	5eef74786177de64d24e47a12466277b17652adc
src/Net/cgamedescstore_scratch_methods.cpp	Net	network	lockstep,commands,session,serialization	b8bfa0430826ca659e46dcbf8759688b3b8d1f55
src/Net/cgamedescstore_stubs.cpp	Net	network	lockstep,commands,session,serialization	15c83c0ee01a0ac29db73695461cb5c20e238451
src/Net/checksumproviderdebugprint.cpp	Net	network	lockstep,commands,session,serialization	9432048dd6820a7403c32026161a026f388edee4
src/Net/cunit_agent6_netselectionevent.cpp	Net	network	lockstep,commands,session,serialization	f5590b7762cca447d8ada965daa8ab899ae14877
src/Net/dataallocator.cpp	Net	network	lockstep,commands,session,serialization	8539f74e729d00b8a629d09504e1ba65c4ec3c2b
src/Net/dataallocator.h	Net	network	lockstep,commands,session,serialization	f7fae92535d35def3230d1a77f03553278b243b1
src/Net/datastorereadfixedname.cpp	Net	network	lockstep,commands,session,serialization	9ca38502c529ff2ec117d6139b77b5e92ec5f144
src/Net/datastorereadrecord.cpp	Net	network	lockstep,commands,session,serialization	7b8c7cf552cb41b6c2797b0f8ea1b16bce5613e7
src/Net/datastorereadstringfield.cpp	Net	network	lockstep,commands,session,serialization	77419b64d52624e7621fd9faccbd6a0870b41a26
src/Net/datastoreversion.cpp	Net	network	lockstep,commands,session,serialization	bc113b11c87d7ea2aae8290410c8d4b58d1478de
src/Net/fileconn_base.cpp	Net	network	lockstep,commands,session,serialization	f4d009f8760b88880b3773bf42d9d8469abb996b
src/Net/fileconn_deleteself.cpp	Net	network	lockstep,commands,session,serialization	4743f0973288dd0bd9b037837071f32e48bcf4e8
src/Net/fileconnect.cpp	Net	network	lockstep,commands,session,serialization	f0e3095a9a096e2bb2a7f5b85b1bf0208b58b425
src/Net/gameaction0x26_crc32.cpp	Net	network	lockstep,commands,session,serialization	6b430f0c64608c2ac92e68eb8701fd9a9a41ec20
src/Net/gameaction0x26_handler.cpp	Net	network	lockstep,commands,session,serialization	7341528d870ae8ef32d780364e6e98bb2a36a85c
src/Net/gameaction0x26_notify.cpp	Net	network	lockstep,commands,session,serialization	e8dafb9b18b1a35fc5ae29b6f2ada9fd017a2732
src/Net/gameaction0x26_readheaderdword.cpp	Net	network	lockstep,commands,session,serialization	cad9e7685463bffb5dfb4728163b22ce79402ce9
src/Net/gamedataclose.cpp	Net	network	lockstep,commands,session,serialization	2162eee0ad1daa3e3e5b3214e1abdf310bfeb18e
src/Net/gamedataflush.cpp	Net	network	lockstep,commands,session,serialization	b23e2ada392671fb38844eea483cd0ed0ac10a48
src/Net/gamedataloadfile.cpp	Net	network	lockstep,commands,session,serialization	14a25178d253433213e1e14f50e01219e16ad0f5
src/Net/gamedataloadheader.cpp	Net	network	lockstep,commands,session,serialization	2ab5a9825b5428ff7674a6d1e7d7f86a42f39f29
src/Net/gamedatamagic.cpp	Net	network	lockstep,commands,session,serialization	26690344b6dc193c10ace44b7457fc42f49886f2
src/Net/gamedatapeekheader.cpp	Net	network	lockstep,commands,session,serialization	67d6880bc51309ac5af5a90876bb29ff12d93b7b
src/Net/gamedatasmalls.cpp	Net	network	lockstep,commands,session,serialization	c38d57d44a5412ca6bed668c01b5129d9062a528
src/Net/gamedatatempfiledelete.cpp	Net	network	lockstep,commands,session,serialization	679d21a4dcf75d2d5a4bcc367d8523a491148387
src/Net/gamedatawriter.h	Net	network	lockstep,commands,session,serialization	0c4aa94539e06e948f33b2fdcbbe939ed43050e2
src/Net/gamesetupslotio.cpp	Net	network	lockstep,commands,session,serialization	3df005a6859f0010c274f60271c7470fffa88292
src/Net/generator.h	Net	network	lockstep,commands,session,serialization	281f7778a121388a9cfd5fb20286b0549d46317a
src/Net/iofileconn_ext.cpp	Net	network	lockstep,commands,session,serialization	88ee0a3fbb0e4233fd5515a09cdee16a9c9143ea
src/Net/iotcpconn_addpending.cpp	Net	network	lockstep,commands,session,serialization	8d26247af8bd3aabfb1aa98074b826ab5926746b
src/Net/iotcpconn_deleteself.cpp	Net	network	lockstep,commands,session,serialization	4540ec0a312b7572b9db5c2c6fef70f492c21dce
src/Net/iotcpconn_onqueued.cpp	Net	network	lockstep,commands,session,serialization	6f6754dcbbfced4731d5cd83966b1d0b70f1fe8b
src/Net/loopconn_lifecycle.cpp	Net	network	lockstep,commands,session,serialization	c7aacc29d4839b8f76031c4590f9b68cc31eca62
src/Net/loopconn_queue.cpp	Net	network	lockstep,commands,session,serialization	01db176e019e93ac30d6ca5075772c6ed9d6180d
src/Net/loopconnect.cpp	Net	network	lockstep,commands,session,serialization	be404d02abcd226aceef4b50bceda45220943cde
src/Net/netclient.h	Net	network	lockstep,commands,session,serialization	fda8a6292a15d0a842d0834f25364003a2475572
src/Net/netclient_buildarelay.cpp	Net	network	lockstep,commands,session,serialization	22984fe93b97b900177fe99ebfc76f97d1250103
src/Net/netclient_chunkpool.cpp	Net	network	lockstep,commands,session,serialization	8c583010e3edf502722c7a6ae7c83c84d5d18974
src/Net/netclient_getxy_0x25f0.cpp	Net	network	lockstep,commands,session,serialization	ee9d0b12be84465e40eedcfe961a9a1a9a3bb4b7
src/Net/netclient_hasfield4.cpp	Net	network	lockstep,commands,session,serialization	56188a8383e316b78003ac4f5c7a813259fd8888
src/Net/netclient_installsession.cpp	Net	network	lockstep,commands,session,serialization	303c3ea4d312e39c7bc550cd0517dbfdcfa88229
src/Net/netclient_notifyevent_0x1f.cpp	Net	network	lockstep,commands,session,serialization	da15ec3eaba5e2a0e98eafa90fe8b062c30248c3
src/Net/netclient_notifyevent_0x20.cpp	Net	network	lockstep,commands,session,serialization	e2f732ec6400b85f5f9b022f54ad1ff32a3b18cb
src/Net/netclient_notifyevent_0x22.cpp	Net	network	lockstep,commands,session,serialization	7cfc99ed5876f447583ef85d019ae5d5dd926326
src/Net/netclient_notifyevent_0x23.cpp	Net	network	lockstep,commands,session,serialization	0b6add9a8920cd5a490ba0fbd067dff54e12ef7a
src/Net/netclient_notifyevent_0x24.cpp	Net	network	lockstep,commands,session,serialization	e40af706ab91ad37db975e815e959ec688ec95e7
src/Net/netclient_notifyevent_0x25.cpp	Net	network	lockstep,commands,session,serialization	1664f66b4b3fb0748cc74ebc3b0d6939bae89a4e
src/Net/netclient_notifyevent_0x29.cpp	Net	network	lockstep,commands,session,serialization	170bbd9d493df9421635c329f51abd7a3683ce4d
src/Net/netclient_pendingflush.cpp	Net	network	lockstep,commands,session,serialization	182cbf6d509cac674c1660e7477c34570601e42c
src/Net/netclient_recvappend.cpp	Net	network	lockstep,commands,session,serialization	59aab176d5acbe50f9d8b49d517099f26d1504bb
src/Net/netclient_ringbuffer.cpp	Net	network	lockstep,commands,session,serialization	6c7fefb35b01247a0b6ae47dc52efbf64f8a0ed8
src/Net/netclient_slot17_send.cpp	Net	network	lockstep,commands,session,serialization	249ad80e7f592aaac20a4a4f5976b8f8b9bcbe61
src/Net/netclient_slot1_helpers.cpp	Net	network	lockstep,commands,session,serialization	83d989e23289bd80180d49df04d2ebaac7347da4
src/Net/netclient_slot1_send.cpp	Net	network	lockstep,commands,session,serialization	0aeb371dcd9281b3b7939c54a99b9dad9e09750b
src/Net/netclient_slots_final.cpp	Net	network	lockstep,commands,session,serialization	aac01db508faa0a9d111fae0555e62bf47477ea8
src/Net/netclientevent.cpp	Net	network	lockstep,commands,session,serialization	8ee2ac950e0f5d910c27b8e2b3df6b39ac94021c
src/Net/netclientgame0_deleteselfadjustor.cpp	Net	network	lockstep,commands,session,serialization	b8f81fa7b4e0cd0bc1f3e3cf1d518f3bc6fb31b6
src/Net/netclientgame0_thunk.cpp	Net	network	lockstep,commands,session,serialization	2e201cc9980784872457c6887d2f03eeb8d50193
src/Net/netclientgame_dtor.cpp	Net	network	lockstep,commands,session,serialization	16de079905f463b974d4bd07073cede2ef7120d5
src/Net/netclientsend.cpp	Net	network	lockstep,commands,session,serialization	96cfa1aefaf30ad6195eb8cceb605950e3ccac5e
src/Net/netcommand.h	Net	network	lockstep,commands,session,serialization	aff713fa27dc26c69343af1b6971a147eb7bdbd5
src/Net/netcommand_action_builders.cpp	Net	network	lockstep,commands,session,serialization	b966e1c7c8ef51714916bb88268c4d25e843ea8b
src/Net/netcommand_action_builders_1field.cpp	Net	network	lockstep,commands,session,serialization	6b4934cac8e1d9a9e3888ed059d8a52e0d28837b
src/Net/netcommand_action_builders_multifield.cpp	Net	network	lockstep,commands,session,serialization	1af1f3e1784e01dfea5652cbe28aab1234b8f525
src/Net/netcommand_attach_all.cpp	Net	network	lockstep,commands,session,serialization	a66a5bf53d8e2e05c7a27c33fab1fbb9e081ba4a
src/Net/netcommand_attach_multifield.cpp	Net	network	lockstep,commands,session,serialization	d0fe4a14dc223c4a42f3e5849953a015d3966bf6
src/Net/netcommand_classes_1field.h	Net	network	lockstep,commands,session,serialization	bfbe18510bbe6563046a8d2fa7c7af8c0c716dcc
src/Net/netcommand_classes_multifield.h	Net	network	lockstep,commands,session,serialization	c9ecfe853d7d8c892d5e2edeb5432508798c0022
src/Net/netcommand_dispatch.cpp	Net	network	lockstep,commands,session,serialization	5a230b9d97da24b616eb99b7f7014bf2c5bd0d59
src/Net/netcommand_fire.cpp	Net	network	lockstep,commands,session,serialization	d668155961c68aa489a0aced4e500868e24edc23
src/Net/netcommand_observers.cpp	Net	network	lockstep,commands,session,serialization	d9963fae040039d678fddaee38004439596be243
src/Net/netcommand_pause.cpp	Net	network	lockstep,commands,session,serialization	2004be6d2f93064d84049b42d1838e6107a5a5be
src/Net/netcommand_pause_attach.cpp	Net	network	lockstep,commands,session,serialization	8e0009a78d7b026cd02a977847bab88314d613d3
src/Net/netcommand_readlengthprefixed.cpp	Net	network	lockstep,commands,session,serialization	541eba0e05eb8e9876d4d5d1cbfcf802231cc53e
src/Net/netcommand_readreplaypayloadheader.cpp	Net	network	lockstep,commands,session,serialization	d671f8c55fae0c13f52d290a32104d0f25b433ba
src/Net/netcommand_unitorder.h	Net	network	lockstep,commands,session,serialization	2cd55c77ff223afc8fd8eb71d31fe66fbe53c9c7
src/Net/netcommand_unitorder_attach_basic.cpp	Net	network	lockstep,commands,session,serialization	b8148fb9675dfff120b9a07a529185eacc3d50a1
src/Net/netcommand_unitorder_attach_targetimage.cpp	Net	network	lockstep,commands,session,serialization	b7f316f0205ed6b5e291051ef4cb1c3e15943748
src/Net/netcommand_unitorder_attach_targetimage2.cpp	Net	network	lockstep,commands,session,serialization	d1f389ddcd14c3e1a941ed0b7e84df786600ca50
src/Net/netcommand_unitorder_attach_targetimagefogged.cpp	Net	network	lockstep,commands,session,serialization	90011cb0d0eca3803ea8c1bc724931456f85ce2a
src/Net/netcommand_unitorder_attach_targetimagefogged2.cpp	Net	network	lockstep,commands,session,serialization	6da151c13757cc3a20102b94252005b0258c40a5
src/Net/netcommand_unitorder_attach_targetpoint.cpp	Net	network	lockstep,commands,session,serialization	125a3f7f8bdfeb6959291de0dd070c93f788ee16
src/Net/netcommand_unitorder_builders.cpp	Net	network	lockstep,commands,session,serialization	7bbe8ae27fdda34ffc53a0c26d6e6af5af13bacc
src/Net/netconn.cpp	Net	network	lockstep,commands,session,serialization	1f9f8b5eb55d2ce13ffc5d13feb536e9926245ca
src/Net/netconn.h	Net	network	lockstep,commands,session,serialization	331c7c49f20b233e667fa15a306237279f489750
src/Net/netconn_close.cpp	Net	network	lockstep,commands,session,serialization	8c1ba68cdf5be54c02a46aa6e0f4d171dbdf7a42
src/Net/netconn_issocketclosed.cpp	Net	network	lockstep,commands,session,serialization	0de759c026292081234f97e54d67fd6694be1028
src/Net/netconnfull_trivials.cpp	Net	network	lockstep,commands,session,serialization	5a4b89d6d7723803aa357dd6e355177cc5373221
src/Net/netconnless_full_deleteself.cpp	Net	network	lockstep,commands,session,serialization	4b5eada03e1ea226951e6e2df9888ae74d4e31b1
src/Net/netconnref.cpp	Net	network	lockstep,commands,session,serialization	f2ae6c0c3fc06a39d508f6d64d3574a2078f543e
src/Net/netconnrefraw.cpp	Net	network	lockstep,commands,session,serialization	e39897b907804030b41724521b69f215753093b9
src/Net/netdata.h	Net	network	lockstep,commands,session,serialization	1ca15d530875711989b69f19262fd69e0fefa130
src/Net/netdata_acquire.cpp	Net	network	lockstep,commands,session,serialization	d947637d953489355a6705875687ee1d54aa1f6f
src/Net/netdata_appendplayerdata.cpp	Net	network	lockstep,commands,session,serialization	07648166fb6c3f1dd59079abb97c660c70a78f0b
src/Net/netdata_appendplayerdata.h	Net	network	lockstep,commands,session,serialization	858b0186c4947266224d1682e24080bbe6a41226
src/Net/netdata_clearsessiontag.cpp	Net	network	lockstep,commands,session,serialization	835769a773e045692b118bcaafa4dde5511361ac
src/Net/netdata_initconfig.cpp	Net	network	lockstep,commands,session,serialization	b2e6cdb9136098da477a68f89962ca661e64e8d1
src/Net/netdata_loadreplayheader.cpp	Net	network	lockstep,commands,session,serialization	ea32f04b6b417b6164e19cb62202f50f4ffe5acc
src/Net/netdata_recordview_ctor.cpp	Net	network	lockstep,commands,session,serialization	e7cbab5a04b9bb5dbd285014c182ee769a56e3c3
src/Net/netdata_replayfilenamemunge.cpp	Net	network	lockstep,commands,session,serialization	34f544e3d3e36fadfb37817b52cb9a1d145787b2
src/Net/netdata_replayrecordreaders.cpp	Net	network	lockstep,commands,session,serialization	7ac909746f8d5e3758c8524644909f3f56544b31
src/Net/netdata_replayrecords.h	Net	network	lockstep,commands,session,serialization	3cfe58936a53da165af4e59aca65f2cc41f6e916
src/Net/netdata_sessionteardown.cpp	Net	network	lockstep,commands,session,serialization	aeebf3372f07436a3b474c5622ce400b46d9b736
src/Net/netdata_teardowndataslot.cpp	Net	network	lockstep,commands,session,serialization	c29afa3dfcd22f187b8041199e8a74ba48bce795
src/Net/netdata_tickratehandlers.cpp	Net	network	lockstep,commands,session,serialization	b2f7f96f91126e382093bcbae48e5b45d892c494
src/Net/netdata_versionfields.cpp	Net	network	lockstep,commands,session,serialization	b447b55beb054f3274fc8148b3152c114d664f17
src/Net/netdatactor.cpp	Net	network	lockstep,commands,session,serialization	b3d85b3db9335473445cf491a94cd3327a5d33e6
src/Net/netdatadiscardtemp.cpp	Net	network	lockstep,commands,session,serialization	65bd0d203c731dd525fdcffc49588a3cb1dc4dd2
src/Net/netdataeventdestroy.cpp	Net	network	lockstep,commands,session,serialization	85e6358ab018813173da59a73d758a2419f97064
src/Net/netdataeventqueue.h	Net	network	lockstep,commands,session,serialization	28cb8d1f29e4b9b5a62ad93c42050e02930df995
src/Net/netdataeventqueuealloc.cpp	Net	network	lockstep,commands,session,serialization	262d24f44d8d4589d320a8b90bc91152c65db5a6
src/Net/netdataeventqueuedrain.cpp	Net	network	lockstep,commands,session,serialization	8139ef631ea84cdae739a540f9b5277cc19085a1
src/Net/netdataeventqueueheader.cpp	Net	network	lockstep,commands,session,serialization	a19ac19c823a753c7012f7f5cb8fccfa58b39b89
src/Net/netdataeventqueuemove.cpp	Net	network	lockstep,commands,session,serialization	be48b7f501214925cb6904eccd62de4092e2d7ef
src/Net/netdataeventqueuepop.cpp	Net	network	lockstep,commands,session,serialization	f157c0f75391d95310ba55a4ca9ea48d43bdd998
src/Net/netdataeventqueueunlinkcount.cpp	Net	network	lockstep,commands,session,serialization	1487c55588319403ca6a275b9b4d7e0419eb6ac3
src/Net/netdataeventrelease.cpp	Net	network	lockstep,commands,session,serialization	c4263dfbd9e9ecaffbf5e4165efc1a61f401a19f
src/Net/netdatapause.cpp	Net	network	lockstep,commands,session,serialization	1e7b1d67d7673f4a6a1ae5f76d6439a3ce2a3795
src/Net/netdatareplaystate.cpp	Net	network	lockstep,commands,session,serialization	41c155e6818add12450c4acf1f0080778ae7db24
src/Net/netdatasetgamestate.cpp	Net	network	lockstep,commands,session,serialization	853bacb4ecb4cf8f00fe141a5a462addb62bb43a
src/Net/netdataslotfind.cpp	Net	network	lockstep,commands,session,serialization	acd8a0981ef1c0fb2c6bcd0d7882cbf94de85333
src/Net/netdataslotparticipating.cpp	Net	network	lockstep,commands,session,serialization	9fa41084ffe88bc088851aba00162c82970334b1
src/Net/netdataslotpausecount.cpp	Net	network	lockstep,commands,session,serialization	18d4af599d6d9defcff652239c3c14efb716a5b7
src/Net/netdataslots.cpp	Net	network	lockstep,commands,session,serialization	145ff0f80fb82a6da71fcce1f0482f2aaefaf549
src/Net/netdataslottable_ctor.cpp	Net	network	lockstep,commands,session,serialization	ad0c082de5fafa054dd9ff6cca8ff8b6235af203
src/Net/netevent_dispatch.cpp	Net	network	lockstep,commands,session,serialization	4aba04b8c2e3f4cef6fa63118679cf2c02293582
src/Net/netevent_multipayloadreaders.cpp	Net	network	lockstep,commands,session,serialization	fcfd33a8ba0877dcc93c9bfb6ba52309170aeffd
src/Net/netevent_replaystream.cpp	Net	network	lockstep,commands,session,serialization	556cea649a9e9c635b3ce8b20ef6c3183f8b2715
src/Net/netevent_replaystream_records.cpp	Net	network	lockstep,commands,session,serialization	07165574aea377f8e957d6d649234aed73ca158f
src/Net/netevent_routecandidaterecord.cpp	Net	network	lockstep,commands,session,serialization	3185996246924951bc001d5f01924e15a497144c
src/Net/netevent_serializeextraheader.cpp	Net	network	lockstep,commands,session,serialization	275c945a18e606cd8439ccd6bca2e652bc0371df
src/Net/netgameload.h	Net	network	lockstep,commands,session,serialization	b21a7bef0c3b6615492a36e54c4370b7e610857e
src/Net/netgameloadfilector.cpp	Net	network	lockstep,commands,session,serialization	bc94f41e9a521deafea5c0ad4740dfe546ab8e34
src/Net/netgameloadfiledtor.cpp	Net	network	lockstep,commands,session,serialization	c64aee9be2f4e71223119c4d194d7bacf65202a9
src/Net/netgameloadglobals.cpp	Net	network	lockstep,commands,session,serialization	ffa87452820d4fa01ba28262d93f893fc7bc0d3e
src/Net/netgameresultblob.cpp	Net	network	lockstep,commands,session,serialization	82c136f2a62870608f92bd3e4fa0c470f8a1b748
src/Net/netgameresultsubmit.cpp	Net	network	lockstep,commands,session,serialization	8a8b14ffe4728042fd93f26534462ab2ec943690
src/Net/netgamestatename.cpp	Net	network	lockstep,commands,session,serialization	23519aa49a9d681cf36e095dd393f11b06d54b7c
src/Net/nethandlepairarray.cpp	Net	network	lockstep,commands,session,serialization	f17cfe80f9d02c91dffd512f387c83e7357e4aa5
src/Net/nethandlepairarray.h	Net	network	lockstep,commands,session,serialization	a27dd1e2616e2dcf06bafe9b3e0524e157205122
src/Net/netmsgio_537.cpp	Net	network	lockstep,commands,session,serialization	6641b41d27d82798dfc450d13855b468ec3ff28c
src/Net/netmsgio_554.cpp	Net	network	lockstep,commands,session,serialization	ab0b8d7ad7aad7594c5f85531f63e51f7ff9210b
src/Net/netmsgio_650.cpp	Net	network	lockstep,commands,session,serialization	9f1c51b1d41ac63ce94e0b343b4337608cc5d0eb
src/Net/netmsgio_6508c0.cpp	Net	network	lockstep,commands,session,serialization	d31a822cfa9a58c8d28fe2f2b3c27e8feb463e40
src/Net/netmsgio_650_readblock.cpp	Net	network	lockstep,commands,session,serialization	24be207c96239ee21adfd47413bec60315814ae7
src/Net/netmsgio_651.cpp	Net	network	lockstep,commands,session,serialization	1a0f447974db8f10ab7a76549fc82fef9dddee0f
src/Net/netmsgio_652_readheader.cpp	Net	network	lockstep,commands,session,serialization	f07a61be97cf290b02c00b32d3771c33763a3720
src/Net/netmsgio_653_base.cpp	Net	network	lockstep,commands,session,serialization	f3ea8ae5f433611be55fad18c2403bd5ab56a240
src/Net/netmsgio_653_writepair.cpp	Net	network	lockstep,commands,session,serialization	bd0fd5ce4d4e8001ac1b5ce4cac6cb0b1fd69ccd
src/Net/netmsgio_653_writepair8.cpp	Net	network	lockstep,commands,session,serialization	1f1d3b3fe69ae935d32cff09d485eac26a69e704
src/Net/netmsgio_683.cpp	Net	network	lockstep,commands,session,serialization	47e12f272b26411c4d0b02ec750989a2175ed7b4
src/Net/netmsgio_683_empty.cpp	Net	network	lockstep,commands,session,serialization	86c111b29ab5f20a846305a7c0f49a0225615b6d
src/Net/netmsgio_684.cpp	Net	network	lockstep,commands,session,serialization	5a6be6a90f2c5c6ced767e6d1886284fd488a6a5
src/Net/netobserver.cpp	Net	network	lockstep,commands,session,serialization	a76ba697ccfe1c89cb325f61cfca14ee7721e4c9
src/Net/netobserver.h	Net	network	lockstep,commands,session,serialization	759365ff11a3e15a1cd0686b3b2a6138d305f918
src/Net/netobservercallback.cpp	Net	network	lockstep,commands,session,serialization	67d5575b09301b8c152cc7c0228c6ba15ef2ed1b
src/Net/netobservercallback_deleteself.cpp	Net	network	lockstep,commands,session,serialization	0d0aeafc0e9d2f276db3cb520d29cba6dc7065ce
src/Net/netobserverdeleteself.cpp	Net	network	lockstep,commands,session,serialization	b07b38fd395f3bb618e46f714e57d7bb39d48b84
src/Net/netplayer_dtor.cpp	Net	network	lockstep,commands,session,serialization	58e45778a0704a4d16664b18f96132f84684856c
src/Net/netplayerrecord_uidispatch.cpp	Net	network	lockstep,commands,session,serialization	a7fc756d129618e4196d0bd51a44dfa5a432a793
src/Net/netplayerrecordctor.cpp	Net	network	lockstep,commands,session,serialization	23e7d14b63e0a52dabfddb70cb0ca2f5c6783bf4
src/Net/netprovider_assert.cpp	Net	network	lockstep,commands,session,serialization	93ff2fe78056f7dbf44ecee39950c1bd73434197
src/Net/netprovider_copyconfig.cpp	Net	network	lockstep,commands,session,serialization	2269b156aa805c9208b441f24652432bdc81506d
src/Net/netprovider_deleteself.cpp	Net	network	lockstep,commands,session,serialization	c98a5879b44cd002e54f105a74ddb104e3da64d3
src/Net/netprovider_forward.cpp	Net	network	lockstep,commands,session,serialization	fd996ce96a394cb34665ffa09084c363172bc54b
src/Net/netprovider_freepool_helpers.cpp	Net	network	lockstep,commands,session,serialization	6a9254bb23669bb134fc696d6a8174de8efb55b9
src/Net/netprovider_keypattern.cpp	Net	network	lockstep,commands,session,serialization	6f39e85b9b048c799637029f0db75f1977a9a3b5
src/Net/netprovider_method0x90.cpp	Net	network	lockstep,commands,session,serialization	744f83efb5baef45ada34b829b652ae76bf7e03d
src/Net/netprovider_pendinglist.cpp	Net	network	lockstep,commands,session,serialization	4324d579432c64751acf872cc524407b4100645f
src/Net/netprovider_register.cpp	Net	network	lockstep,commands,session,serialization	fa22db3f795cf71a39f839270f0c8010c16a20c0
src/Net/netprovider_slot2.cpp	Net	network	lockstep,commands,session,serialization	8d469961bc22958f1c9453ce140b14cd261b4c94
src/Net/netprovider_slot25.cpp	Net	network	lockstep,commands,session,serialization	441ba44b95accb472f0f7010ac6af15cb2b6934f
src/Net/netprovider_slot27.cpp	Net	network	lockstep,commands,session,serialization	bfd64371eed139454dc3f4d33f26a318a5ea6bd9
src/Net/netprovider_slot31.cpp	Net	network	lockstep,commands,session,serialization	be444061a52390a6f345df1f648b9d345c692af0
src/Net/netprovider_slot6.cpp	Net	network	lockstep,commands,session,serialization	849b6ee01495687528c1acb1f472651eee3d1b53
src/Net/netprovider_slot6_helper.cpp	Net	network	lockstep,commands,session,serialization	0b9b9e248d1a38e3860d351f4cdd1a7ec6f9e26c
src/Net/netprovider_slot9.cpp	Net	network	lockstep,commands,session,serialization	548b7a8bdb82d833f351f0124d7031ee3d1b4622
src/Net/netprovider_stubs.cpp	Net	network	lockstep,commands,session,serialization	9778a7dd1b3766e327325b1be452202ea6ff40be
src/Net/netprovider_waitqueuering.cpp	Net	network	lockstep,commands,session,serialization	07baaab4fd0e79a5dc571c5026ccdd8556ece0a6
src/Net/netproviderbnet_addrslots.cpp	Net	network	lockstep,commands,session,serialization	f2d7a2f0879386b6e4ebec1fd51965cfa1e0a827
src/Net/netproviderbnet_cleanup.cpp	Net	network	lockstep,commands,session,serialization	a50a618983c2e96b8995bdf210a7a2509c399c40
src/Net/netproviderbnet_descriptorforward.cpp	Net	network	lockstep,commands,session,serialization	61e18d4bae0d782784caa128b554ccf25bfe975b
src/Net/netproviderbnet_dispatch.cpp	Net	network	lockstep,commands,session,serialization	acfbb23c53c8e861d2c3a9c49876c9008a6a2d87
src/Net/netproviderbnet_lifecycle.cpp	Net	network	lockstep,commands,session,serialization	87d6e5b7cb446cdba8697b3abf25a1548b4bea55
src/Net/netproviderbnet_locks.cpp	Net	network	lockstep,commands,session,serialization	dc6ddf38bb174f69bc1beb680bf29863b73e1d5f
src/Net/netproviderbnet_recv.cpp	Net	network	lockstep,commands,session,serialization	7474f916a80c5ab94a486d1ff83eb97c2fc03d1a
src/Net/netproviderbnet_route.cpp	Net	network	lockstep,commands,session,serialization	bb1918f367fc12f2da702b9e1faa1a5506f439c5
src/Net/netproviderbnet_seh.cpp	Net	network	lockstep,commands,session,serialization	11366b8e90148feae6c53f288a8edbad92aff8b3
src/Net/netproviderbnet_session.cpp	Net	network	lockstep,commands,session,serialization	2b6eb6bc6fd59c8eef19ce9462c62fbf69684e97
src/Net/netproviderbnet_timer.cpp	Net	network	lockstep,commands,session,serialization	dfd75ebdb362e434de04882a14c72b8c6351f774
src/Net/netproviderloop.h	Net	network	lockstep,commands,session,serialization	aa408260943203522d2fa9ee01ecb8ec6bd1d180
src/Net/netproviderloop_addrslots.cpp	Net	network	lockstep,commands,session,serialization	f621d499bbc5143665e3daae9b0cbb8b08bd508f
src/Net/netproviderloop_bindport.cpp	Net	network	lockstep,commands,session,serialization	ad20e4d81ec1c62409b06e2235dedf0947a99aaf
src/Net/netproviderloop_clearshutdownpending.cpp	Net	network	lockstep,commands,session,serialization	b697751e9bea40663f89754b8636645d8ce8bf51
src/Net/netproviderloop_deleteself.cpp	Net	network	lockstep,commands,session,serialization	f56c9d16ac9452adbcb4afc373b6bf15bd77fee3
src/Net/netproviderloop_freeport.cpp	Net	network	lockstep,commands,session,serialization	5c17b182a0f4b538efe9cfd7713993230db99d90
src/Net/netproviderloop_initialize.cpp	Net	network	lockstep,commands,session,serialization	f1ef65e05061b95733843cd2d34c92a98fcb705d
src/Net/netproviderloop_lifecycle.cpp	Net	network	lockstep,commands,session,serialization	9b68e189c1d2b0d9617817dc324c08366647901c
src/Net/netproviderloop_route.cpp	Net	network	lockstep,commands,session,serialization	2c959016acd65ab7f7700ddcd53a4ce596c27f2a
src/Net/netproviderltcp.cpp	Net	network	lockstep,commands,session,serialization	7410f33218e65a94be6c2808d516af0d358f6da1
src/Net/netproviderltcp.h	Net	network	lockstep,commands,session,serialization	fdf1bb461090a7fef036f11570bd084177c5d721
src/Net/netproviderltcp_addrslots.cpp	Net	network	lockstep,commands,session,serialization	a0a7982cd203973432880124436074abbb980c94
src/Net/netproviderltcp_bindport.cpp	Net	network	lockstep,commands,session,serialization	e9c851e51f7cf9f31821d2edceeaea022064521f
src/Net/netproviderltcp_deleteself.cpp	Net	network	lockstep,commands,session,serialization	b8b08ddcf53cf7d5bde93665a815258bc213b946
src/Net/netproviderltcp_freeport.cpp	Net	network	lockstep,commands,session,serialization	3a721f0a604c5b25453e32a93362987593db5530
src/Net/netproviderltcp_initialize.cpp	Net	network	lockstep,commands,session,serialization	1734f44fdb24204da711e94b69b3c150efb45932
src/Net/netproviderltcp_lifecycle.cpp	Net	network	lockstep,commands,session,serialization	bc4d9d99b77216067771a738fffe5ec7ccf6bec7
src/Net/netproviderltcp_notify.cpp	Net	network	lockstep,commands,session,serialization	31cb6b0c532f838658ad6cb5c09d1b6f46a85fed
src/Net/netproviderltcp_route.cpp	Net	network	lockstep,commands,session,serialization	e3c94f5dcfdfb315a8527cf087736bc86ee86876
src/Net/netproviderltcp_send.cpp	Net	network	lockstep,commands,session,serialization	e088ee8a04e787d1f2312b4eaa4c45587aecede9
src/Net/netproviderltcp_sendstatus.cpp	Net	network	lockstep,commands,session,serialization	89c69282fdfd6104b39d1834488505aedfb3c485
src/Net/netproviderltcpstop.cpp	Net	network	lockstep,commands,session,serialization	e77fb9a1c3afc9a917c8848883d7b453186fed3f
src/Net/netproviderltcptimerforward.cpp	Net	network	lockstep,commands,session,serialization	5e2f8f9dd894a23c5ea68cd77a5333f4b15d0574
src/Net/netrouter_game_dtor.cpp	Net	network	lockstep,commands,session,serialization	c9e3e44aa6a8372bebe8b210c57677927dfa4a81
src/Net/netrouter_pregame_dtor.cpp	Net	network	lockstep,commands,session,serialization	3ca5a9f5066730bd4e62dd385b0bbc64c6c69b6f
src/Net/netrouter_ticksequence.cpp	Net	network	lockstep,commands,session,serialization	00601bc1b9b06e5496bed9ef531cd2d173335798
src/Net/netsessionclear.cpp	Net	network	lockstep,commands,session,serialization	4d85efe5e61e2f4d3af65c284d0d729af70495aa
src/Net/netsessionend.cpp	Net	network	lockstep,commands,session,serialization	bee00c50011a1f9f6e1167f62021f8d669fafcaa
src/Net/netsessionendrequest.cpp	Net	network	lockstep,commands,session,serialization	e8aca35d33c7773b8d736b645b0a031dfc3b85c8
src/Net/netsessionreset.cpp	Net	network	lockstep,commands,session,serialization	dfc20836c15918c70f30c5bb0da127528715efc0
src/Net/netsessionslotlist.cpp	Net	network	lockstep,commands,session,serialization	f5b1e8e99eee523d408d0bf9eab88a66c3349c55
src/Net/netsessionslottableclear.cpp	Net	network	lockstep,commands,session,serialization	efab88f580dc2d131ab6a0a2f59342ed435d2b30
src/Net/netsessiontag.cpp	Net	network	lockstep,commands,session,serialization	a8393a0dd74ea874eccb85af0a6b9b9303889500
src/Net/netsysmessagef.cpp	Net	network	lockstep,commands,session,serialization	d9a4975a744baf7c5eea24d4db99661f50e56cb9
src/Net/netturnsyncstore.cpp	Net	network	lockstep,commands,session,serialization	ee1e69ef4ac2a3d9a460ec9821b1500e616a098d
src/Net/netuidispatch.cpp	Net	network	lockstep,commands,session,serialization	dac0fb22b28dad4dbb985b6b57484351d4f862c4
src/Net/netuidispatchclass.cpp	Net	network	lockstep,commands,session,serialization	0613859aff9b157bdac1db46277d1fe4db837d40
src/Net/osnetfamily.h	Net	network	lockstep,commands,session,serialization	478af8e8026144c6553b26e580689eb7c874dad8
src/Net/ostcp.h	Net	network	lockstep,commands,session,serialization	904ce74677ca16ce12437318ea4e07fd93179dcb
src/Net/ostcp_accept.cpp	Net	network	lockstep,commands,session,serialization	3ef40c4fdeefe503be20ad68266b5d5b1c0699ac
src/Net/ostcp_bucket.cpp	Net	network	lockstep,commands,session,serialization	0270205d4fd02afdd52c792389f07abf383984e5
src/Net/ostcp_conn.cpp	Net	network	lockstep,commands,session,serialization	3b46fd8bd67836360de4c3c3c25cc030329e4a14
src/Net/ostcp_conndtor.cpp	Net	network	lockstep,commands,session,serialization	5920d9ef2562bbac98311103fd3ec3441b6f40a2
src/Net/ostcp_connlist.cpp	Net	network	lockstep,commands,session,serialization	d5ca557be2444e9c3fa9d0b80f5a13fb43a86e89
src/Net/ostcp_connstatefreeall.cpp	Net	network	lockstep,commands,session,serialization	8e9fa93dd75b81b3dd2c7c78aae56eb51e21a11a
src/Net/ostcp_create.cpp	Net	network	lockstep,commands,session,serialization	bbed0121c7300bcb319a863a0331bd13a5efac6f
src/Net/ostcp_createiocp.cpp	Net	network	lockstep,commands,session,serialization	909c364c55c3c1bdad5178538af3dfda99406189
src/Net/ostcp_expandmask.cpp	Net	network	lockstep,commands,session,serialization	8f52f4ae4776baaf64fa692da7d972dfee549059
src/Net/ostcp_freeinputlist.cpp	Net	network	lockstep,commands,session,serialization	a78cde38a4f4cd7d676b4e4b3e38101153c528e5
src/Net/ostcp_freesendqueue.cpp	Net	network	lockstep,commands,session,serialization	289360e6f24c8d4aeb1e09bb3604170d002dd1d1
src/Net/ostcp_globals.cpp	Net	network	lockstep,commands,session,serialization	de7b4077e74500a4821d555bd2d21d5d546f3418
src/Net/ostcp_iocp.cpp	Net	network	lockstep,commands,session,serialization	77b6ae11b4251396bfcfb439c907ce2a979c5bea
src/Net/ostcp_iotcpconn.cpp	Net	network	lockstep,commands,session,serialization	56f7fa5f4aa07c51b4d0f6b41bcf0fb16dc6e416
src/Net/ostcp_joinpumpthreads.cpp	Net	network	lockstep,commands,session,serialization	b411b02ec63c204982842fb8f83a018b0d7f0e12
src/Net/ostcp_listenclosesocket.cpp	Net	network	lockstep,commands,session,serialization	6510a4481be5abfe8f8ec8591e6ff02b8244ecd2
src/Net/ostcp_listenslotsconstruct.cpp	Net	network	lockstep,commands,session,serialization	e08f4f73455a004fb9b1bf4c22bc452ee5b430c0
src/Net/ostcp_listenslotsreleaseall.cpp	Net	network	lockstep,commands,session,serialization	d16e61b2257d0e0855cbe93323f52752df7c8bab
src/Net/ostcp_mgrconstruct.cpp	Net	network	lockstep,commands,session,serialization	273049e680d1e8e1e501ab356acaa39a5638de77
src/Net/ostcp_mgrdestruct.cpp	Net	network	lockstep,commands,session,serialization	a55f68ad958f275612410f00251e8fecd5778c92
src/Net/ostcp_mgrpump.cpp	Net	network	lockstep,commands,session,serialization	c05c6707cbab800b07494d4f6208228bc5787930
src/Net/ostcp_mgrrelease.cpp	Net	network	lockstep,commands,session,serialization	fadfb12af22141deeb9ba5f852ff96a77cd79933
src/Net/ostcp_mgrstopiocp.cpp	Net	network	lockstep,commands,session,serialization	da0750e692c4088fb10b93b0759b01d7e677e06f
src/Net/ostcp_netglobals.cpp	Net	network	lockstep,commands,session,serialization	a13d9e430f13f068dd3ec41da05748825d6a8926
src/Net/ostcp_netinit.cpp	Net	network	lockstep,commands,session,serialization	eb8846b69cf0a6c51d1628dc5ad26265638f75fb
src/Net/ostcp_netshutdown.cpp	Net	network	lockstep,commands,session,serialization	fa71cc5a09492dd5a33b1aa55440da0e3b224794
src/Net/ostcp_notify.cpp	Net	network	lockstep,commands,session,serialization	e84ab367d5d8fc6b1a4d77d9e5ff88872ceb1fb7
src/Net/ostcp_notifydata.cpp	Net	network	lockstep,commands,session,serialization	bd4ecce18addbee63d45cbfb4cfcebaf639de46f
src/Net/ostcp_notifyread.cpp	Net	network	lockstep,commands,session,serialization	3e8fe86b2d0ffaccd4f90524d0834411b85dab54
src/Net/ostcp_onaccept.cpp	Net	network	lockstep,commands,session,serialization	0261f1ef6cd4e04d0906009600194bd53c425144
src/Net/ostcp_postread.cpp	Net	network	lockstep,commands,session,serialization	cfacfe36ecb5206ed3dd1a3046ebd270605bccaf
src/Net/ostcp_pump.cpp	Net	network	lockstep,commands,session,serialization	57fbac535c56ebf7dc829a93cdad6d0fa77b397e
src/Net/ostcp_queue.cpp	Net	network	lockstep,commands,session,serialization	ca3a33cf6639371ed89d1a83376149a3f3446528
src/Net/ostcp_rearm.cpp	Net	network	lockstep,commands,session,serialization	c655246f6f89a1125991570f0a85f9cf0f91b5c8
src/Net/ostcp_recvcomplete.cpp	Net	network	lockstep,commands,session,serialization	8f2e0813406b1b44171d0e95a8bb7e1516ce1554
src/Net/ostcp_release.cpp	Net	network	lockstep,commands,session,serialization	758998ef59c314ebb655ba0f14d980b53eefe675
src/Net/ostcp_send.cpp	Net	network	lockstep,commands,session,serialization	e4d25aec91f5c8ed614034a9d1ac956b7df20d01
src/Net/ostcp_sendcomplete.cpp	Net	network	lockstep,commands,session,serialization	77773ec71669d636f0232883fec3168b807f9905
src/Net/ostcp_sendqueue.cpp	Net	network	lockstep,commands,session,serialization	e2966bdaee2eff68e5a99bcaf04516b1430dcf21
src/Net/ostcp_setstate.cpp	Net	network	lockstep,commands,session,serialization	90680876c9acf7ca4921037253f4d43e3f8fa277
src/Net/ostcp_shutdown.cpp	Net	network	lockstep,commands,session,serialization	9ef4ae625b164d5e65f3af6d94094a838fce1974
src/Net/ostcp_slotiternext.cpp	Net	network	lockstep,commands,session,serialization	4c2327a5f10bfec3495bcc925cca9cd56ce6a607
src/Net/ostcp_sltcpconn.cpp	Net	network	lockstep,commands,session,serialization	2b485228e46b02168bbf6b3bea0fa6b34cfbf316
src/Net/ostcp_sltcpconn_ext.cpp	Net	network	lockstep,commands,session,serialization	066d711bc2e9915859605b6139698c45c3e8591c
src/Net/ostcp_startiocp.cpp	Net	network	lockstep,commands,session,serialization	a6ddafdd53f050c3a0a6722375674bce6ec6b2d8
src/Net/ostcp_startlistenthread.cpp	Net	network	lockstep,commands,session,serialization	6086c22768c9802d0f4376cf3cdd869a2de09a0b
src/Net/ostcp_startpumpthreads.cpp	Net	network	lockstep,commands,session,serialization	dfb72d547dd886d34f5f3ba282cb3b39d423bf10
src/Net/ostcp_startselectthreads.cpp	Net	network	lockstep,commands,session,serialization	42ad8ffd87eef87660f461d8d3a64fe131ad92c0
src/Net/ostcp_starttimerthread.cpp	Net	network	lockstep,commands,session,serialization	4679eceac35530e2ceb8426d015a5e2e46682b73
src/Net/ostcp_stoplistenthread.cpp	Net	network	lockstep,commands,session,serialization	f96c64e248d17ff047be992a84aeb81b55545d0c
src/Net/ostcp_stopselectthreads.cpp	Net	network	lockstep,commands,session,serialization	64cb119d118d3681ebcd4202cfeedce76d6c16a9
src/Net/ostcp_stoptimerthread.cpp	Net	network	lockstep,commands,session,serialization	f5623828a4d66ba07b77c375fe4e410e4c08cd90
src/Net/ostcp_threadrecdestruct.cpp	Net	network	lockstep,commands,session,serialization	bc1a257f43d24c41af1ba8a912ccd708deb06669
src/Net/ostcp_thunks.cpp	Net	network	lockstep,commands,session,serialization	3c87735cce6cccb0e198368518dc93e84fd94e2b
src/Net/ostcp_wakeiocp.cpp	Net	network	lockstep,commands,session,serialization	1a5e95f13fc95e2389830460787481fdf2dcfc7e
src/Net/ostcp_winsockshutdown.cpp	Net	network	lockstep,commands,session,serialization	a7ef67549efc37cf59a6e9bc5c6a5dd9ffc91547
src/Net/ostcp_winsockstartup.cpp	Net	network	lockstep,commands,session,serialization	019f644eafc242bec52013e4a1a498f2a1301121
src/Net/packfourcc.cpp	Net	network	lockstep,commands,session,serialization	951ee6cfe944e88928e4d89c7031b7392722623d
src/Net/pausecallchainthunks.cpp	Net	network	lockstep,commands,session,serialization	9f060c9815b08c30c949e6d224c8a8fb293d897a
src/Net/playertable.h	Net	network	lockstep,commands,session,serialization	847852e3f4992451a6097953333a5c3984996849
src/Net/playertable_armretrytimer.cpp	Net	network	lockstep,commands,session,serialization	1e35c880e9329e00c068b384b663b7017253500a
src/Net/playertable_clearrecordconnection.cpp	Net	network	lockstep,commands,session,serialization	df34fbc013c2d3dff7fdacbb00a44138d5993ec6
src/Net/playertable_deleteself.cpp	Net	network	lockstep,commands,session,serialization	f0a78bbbeeb9d4d4285646df241fd6d931574104
src/Net/playertable_installhandler.cpp	Net	network	lockstep,commands,session,serialization	ef4ad344b142cc9cbf872253487cda74ac5daf5b
src/Net/randdataprovider.cpp	Net	network	lockstep,commands,session,serialization	f6e293a82436e56ace0ed0adffe8c98f673c3623
src/Net/replaypayloadbuffer.cpp	Net	network	lockstep,commands,session,serialization	e8550fad15ef561e4db502e9779c5f6af6a40d40
src/Net/servertock_handler.cpp	Net	network	lockstep,commands,session,serialization	a4d0f0da7ce9a02a8cba661ce908025c1362ea03
src/Net/slfileconn_ext.cpp	Net	network	lockstep,commands,session,serialization	2222978b7272b05f87b7ae3f650a22263982927b
src/Net/sockaddrinet.cpp	Net	network	lockstep,commands,session,serialization	99ce9376635a987cde8281968ef406f7c27db3f8
src/Net/streamreaders_7E4.cpp	Net	network	lockstep,commands,session,serialization	5bc0ea7174a5182a3235f5be6210e7ae4f23f7b5
src/Net/syncdata.cpp	Net	network	lockstep,commands,session,serialization	b86ff4f79c8b47c2a4283850341700dbe77c42de
src/Net/syncdata.h	Net	network	lockstep,commands,session,serialization	7141c20c5b055918ad29e07208c4a791cc094147
src/Net/taskdescriptor_dispatch.cpp	Net	network	lockstep,commands,session,serialization	6b226e9d8e4cbe3bbd611b6f4aded7944328d59a
src/Net/tcpconn_canappendhead.cpp	Net	network	lockstep,commands,session,serialization	73864cf83ee801d17443944625ecad1d04a94c24
src/Net/tcpconn_deleteself.cpp	Net	network	lockstep,commands,session,serialization	13c7bb52fca07d6077663a3559ce737d06c427cc
src/Net/tcpconn_onpendingdrained.cpp	Net	network	lockstep,commands,session,serialization	09d5c95052200206d85a6c239543831740224f35
src/Net/tcpconn_sockopts.cpp	Net	network	lockstep,commands,session,serialization	e4f181c171551a08464701f9447beb51bcec3ca5
src/Net/tcpconnect.cpp	Net	network	lockstep,commands,session,serialization	89199e649ff4dd34ebbfac55b695fd10ab0516e4
src/Net/tcplisten.cpp	Net	network	lockstep,commands,session,serialization	45ff7dd2cbff444ca90441a76734ef92f5ff2ddb
src/Net/tempestpresencehost.h	Net	network	lockstep,commands,session,serialization	5480e7eb90e80e1e0fff8f8856323be737166f35
src/Net/tempestpresencehost_broadcast.cpp	Net	network	lockstep,commands,session,serialization	617cc383e1d756a98ae89cdebd7998300071e001
src/Net/tempestpresencehost_getters.cpp	Net	network	lockstep,commands,session,serialization	a41e6d6242e4344ed39f7a852fde07d68f1208f2
src/Net/tempestpresencehost_load.cpp	Net	network	lockstep,commands,session,serialization	a26f5a95f804f90857ceaf1ca322b446cccb7dde
src/Net/tempestpresencehost_save.cpp	Net	network	lockstep,commands,session,serialization	b66743db0399252ee181eab2301f10b6c7357180
src/Net/tempestpresencehost_teardown.cpp	Net	network	lockstep,commands,session,serialization	797a6d5a39f04a9852f954af93036786e9a16d4a
src/Net/tempestpresencehostctor.cpp	Net	network	lockstep,commands,session,serialization	9d2c368d76e51e5ed81ab6284cb0a0a2b401a712
src/Net/tempestproviderlisthash.cpp	Net	network	lockstep,commands,session,serialization	08ea2a8318f660281f67744235effe0ef5de1bdf
src/Net/tock_relay_builders.cpp	Net	network	lockstep,commands,session,serialization	d4984d354b760f44657371ab0d67aafa34d2b58f
src/Net/udpconn.cpp	Net	network	lockstep,commands,session,serialization	7ca47968ab8781bd7068607cb1ace1ace8e1d7e5
src/Net/versionedload.cpp	Net	network	lockstep,commands,session,serialization	e4310c92667af6e9a66e3197656e60a375ce5079
src/Net/w3gs_packetcheck.cpp	Net	network	lockstep,commands,session,serialization	8a3b50af27f9963a44d72ba317fe01742750a725
src/Net/w3gs_typedispatch.cpp	Net	network	lockstep,commands,session,serialization	7e81afaea1d8b3782b832d6aacfeb294aafbb447
src/Net/w3gsaction2_6f676da0.cpp	Net	network	lockstep,commands,session,serialization	22fd3ba546254761fba0151527b822cddbad89ab
src/Net/w3gsaction2_6f680f40.cpp	Net	network	lockstep,commands,session,serialization	1b05552ed061bd48b10257bb700c11864971f76d
src/Net/w3gsaction2_parsesingledword.cpp	Net	network	lockstep,commands,session,serialization	7ce2e8ee28e39780db38758b2a96658bdaaa7274
src/Net/w3gsaction2_readdword.cpp	Net	network	lockstep,commands,session,serialization	006cac513cae2e062e377aa6f02192c55a15fec5
src/Net/w3gsaction_6f667c10.cpp	Net	network	lockstep,commands,session,serialization	7f8fcc6bdb4ecb6cb203fe8f2ba32c2000975613
src/Net/w3gsaction_6f667f30.cpp	Net	network	lockstep,commands,session,serialization	3a3f24fdcc0438e99c78b847542699a4c60ddc59
src/Net/w3gsaction_6f66a460.cpp	Net	network	lockstep,commands,session,serialization	51b7f448b2138d8ed4988d72cd20def4cb9e8f6b
src/Net/w3gsaction_6f66c4b0.cpp	Net	network	lockstep,commands,session,serialization	29a2a85389b83197131c8017c9a4f83c3479993d
src/Net/w3gsaction_6f66c500.cpp	Net	network	lockstep,commands,session,serialization	ea90bee115bdd930e1e75932a189fb1dfa8ef404
src/Net/w3gsaction_parsers.cpp	Net	network	lockstep,commands,session,serialization	21fb54442d2e460fa9dd160f89ba3ddf9346f62a
src/Net/w3gsaction_stubs.cpp	Net	network	lockstep,commands,session,serialization	627220c679b69f1ead439e8c308b2289ac26ae79
src/Net/w3gsaction_thunks.cpp	Net	network	lockstep,commands,session,serialization	3e93a03813280aa7708f8d80bafcd11cd4356636
src/Net/w3gsaction_tier1.cpp	Net	network	lockstep,commands,session,serialization	f958541f07a48365724d968be84cabf6959692ab
src/Net/w3gsaction_tier10.cpp	Net	network	lockstep,commands,session,serialization	5c0f0cb3e8a20622547e87f3dca7d82e2c26ce08
src/Net/w3gsaction_tier11.cpp	Net	network	lockstep,commands,session,serialization	269a2d0097c3c2d98c9d5da29da7f3af53e6a906
src/Net/w3gsaction_tier12.cpp	Net	network	lockstep,commands,session,serialization	9fb093175cb839118c04bf83f2434574173ce3a1
src/Net/w3gsaction_tier13.cpp	Net	network	lockstep,commands,session,serialization	89261a590fccc99c1bb684c566a9f0f37bb67aa2
src/Net/w3gsaction_tier14.cpp	Net	network	lockstep,commands,session,serialization	54a951348d4298f91454dd51de274b9629571ec9
src/Net/w3gsaction_tier15.cpp	Net	network	lockstep,commands,session,serialization	14c9d30283c0b3dff07b6c0b8c3140b0fb00aa66
src/Net/w3gsaction_tier16.cpp	Net	network	lockstep,commands,session,serialization	2af47f26c66cbe5bef448c338f0474fc4978e49b
src/Net/w3gsaction_tier17.cpp	Net	network	lockstep,commands,session,serialization	1a6812f40d19a8e1ca7b5d5f58b8331e1858694a
src/Net/w3gsaction_tier18.cpp	Net	network	lockstep,commands,session,serialization	86e463c1482267b810af9706e61c2626433f6b0c
src/Net/w3gsaction_tier19.cpp	Net	network	lockstep,commands,session,serialization	0afd1a908a836d9654356db0d27e5a0fdf603d97
src/Net/w3gsaction_tier2.cpp	Net	network	lockstep,commands,session,serialization	e453e56c94fa40b4f370e70fa7c2f86fc0c3cdf9
src/Net/w3gsaction_tier20.cpp	Net	network	lockstep,commands,session,serialization	d7ae53f145258667b22a38880402dc75cb69b652
src/Net/w3gsaction_tier21.cpp	Net	network	lockstep,commands,session,serialization	0f7e9aea7d89b0d04f744ca009d5ff81f24494e1
src/Net/w3gsaction_tier22.cpp	Net	network	lockstep,commands,session,serialization	e6251f43af7581dff80d9bbc59d2ed5ce0d13808
src/Net/w3gsaction_tier23.cpp	Net	network	lockstep,commands,session,serialization	937f3933eb66fe371607c5aebeb43d880e5e5424
src/Net/w3gsaction_tier24.cpp	Net	network	lockstep,commands,session,serialization	406cddf07ba183aabc60ece0c8f5eb563181a3b8
src/Net/w3gsaction_tier25.cpp	Net	network	lockstep,commands,session,serialization	75944a05094e8c59726605d62ce87e94ce4f6da6
src/Net/w3gsaction_tier26.cpp	Net	network	lockstep,commands,session,serialization	ca380288776cace826e7ee6096ac073d742e0603
src/Net/w3gsaction_tier27.cpp	Net	network	lockstep,commands,session,serialization	b9ff5bd52569ee9f843d2e1df44d35378a96b89b
src/Net/w3gsaction_tier28.cpp	Net	network	lockstep,commands,session,serialization	d7d9e319ab6a00552f487420e8b2a8867c844308
src/Net/w3gsaction_tier29.cpp	Net	network	lockstep,commands,session,serialization	ff5bb4462b4c50e1df3d8dbea4831056c93c5b54
src/Net/w3gsaction_tier3.cpp	Net	network	lockstep,commands,session,serialization	28b97e11f9d159beb4c06160bc92bd0fe50801ae
src/Net/w3gsaction_tier30.cpp	Net	network	lockstep,commands,session,serialization	d3960df2d1b40f65f1979c3d91c98107f3942773
src/Net/w3gsaction_tier31.cpp	Net	network	lockstep,commands,session,serialization	e108e3ce2aa458a95619978d8273b186b5ef11ff
src/Net/w3gsaction_tier4.cpp	Net	network	lockstep,commands,session,serialization	e8149d7049b946f9bf19acca984aee18a56e8c7e
src/Net/w3gsaction_tier5.cpp	Net	network	lockstep,commands,session,serialization	6e7672613c1d670c96eb76ef6bc28c3402f63a47
src/Net/w3gsaction_tier6.cpp	Net	network	lockstep,commands,session,serialization	796b23738f6bd91d301e65798f69282deeae9f8b
src/Net/w3gsaction_tier7.cpp	Net	network	lockstep,commands,session,serialization	e5f1656fc64c23413f2dd8a22a0f3c73ae20c5c0
src/Net/w3gsaction_tier8.cpp	Net	network	lockstep,commands,session,serialization	84bd3a26af4c2fee731ab81d033bbf7b27dcc2d6
src/Net/w3gsaction_tier9.cpp	Net	network	lockstep,commands,session,serialization	ef4cc926cb087b15eb4429b47131302f1f0077c3
src/Net/w3gsactionhandler.cpp	Net	network	lockstep,commands,session,serialization	462d2830a77026bbc6e3edd54c2f74f4b655eb22
src/Net/w3gsactionhandler2.cpp	Net	network	lockstep,commands,session,serialization	8798e01eac87214d866603c1fd0be78cd10cf6ec
src/Net/w3gsactionhandler2_stubs.cpp	Net	network	lockstep,commands,session,serialization	dd890027c345bee223e376833240a2e29ee9c860
src/Net/writebyteplusdwordfromptr_0x22.cpp	Net	network	lockstep,commands,session,serialization	91cfd7090bb7b8dfa21b9a973a9586120b7b475e
src/Net/writelenprefixedfromptr_0x25.cpp	Net	network	lockstep,commands,session,serialization	277185f6f6897b1918009c664a3609dd7a010ab6
src/Os/ansicharscratch.cpp	Os	resources	platform,files,async-io	89dacea5d56bcb8053ac06b9227e8bd4668bab38
src/Os/asyncfile.h	Os	resources	platform,files,async-io	1adfba74acce53b87577a1481367020d6e5af27e
src/Os/asyncfilealiases.cpp	Os	resources	platform,files,async-io	a0f37b7fc0ad6f2d499c7252708acccae08f9471
src/Os/asyncfilecancellist.cpp	Os	resources	platform,files,async-io	36423d05a081ea4e2de739ed290c2f4c9d1ab0af
src/Os/asyncfilecancelop.cpp	Os	resources	platform,files,async-io	a1e5a512b88906d884b0c21985087bf3e1492571
src/Os/asyncfileclose.cpp	Os	resources	platform,files,async-io	d097c27f4ae49b75927a35cc292f26d843599bca
src/Os/asyncfiledroppending.cpp	Os	resources	platform,files,async-io	d52ed6bbff10ae62e07004445c553cb7426540bf
src/Os/asyncfilefind.h	Os	resources	platform,files,async-io	0c92b2f4500a98c4bfd507b545ff34a4b06541da
src/Os/asyncfileflush.cpp	Os	resources	platform,files,async-io	62bfd96b6046c82634957a2c0ef735e76fa028e5
src/Os/asyncfileopen.cpp	Os	resources	platform,files,async-io	c3347aac812208bd6a6762d37131bb092f89f72b
src/Os/asyncfilepending.cpp	Os	resources	platform,files,async-io	7e0cb811f6ac6b4fa5ed65d8117e7536b82183d1
src/Os/asyncfilequeue.cpp	Os	resources	platform,files,async-io	035d7eb0573d64e824167579fc709e09b7c4c14a
src/Os/asyncfilequeuealias.cpp	Os	resources	platform,files,async-io	1581294976e264d0e53262195bbe303c71c332fe
src/Os/asyncfilequeuealias2.cpp	Os	resources	platform,files,async-io	722dd18baaa64db6666be185807968afa01c6107
src/Os/asyncfilequeueop.cpp	Os	resources	platform,files,async-io	70991096cd2d7a3d85bc7784aca1f27b0be8a2e5
src/Os/asyncfilethunks.cpp	Os	resources	platform,files,async-io	86bb96fb46f785cad394a825fe65b06c15af72a2
src/Os/asyncfiletransportshutdown.cpp	Os	resources	platform,files,async-io	69e9e11aee4c3e12180c509affd73518310864b6
src/Os/buildmoviespath.cpp	Os	resources	platform,files,async-io	0b2b8010c3928a424d5ec892afaf0732c1849bda
src/Os/cpuidfeatures.cpp	Os	resources	platform,files,async-io	3d46895568596bffea186b1f8153470eba613d11
src/Os/gamemain_os_leaves.cpp	Os	resources	platform,files,async-io	ce451e067b8279d0c0f705a2dde5d60d5f07e1ff
src/Os/netconnsubmitasyncop.cpp	Os	resources	platform,files,async-io	5212b736bbdf0fa5fce381554f0ccd72e9882aa3
src/Os/os.h	Os	resources	platform,files,async-io	827977ba4fc6a6cacc513b7e210e60e40a51ca6f
src/Os/oscleanupprefetchfiles.cpp	Os	resources	platform,files,async-io	5fc0f2d9fb5ed5e82c54a39aa49e20f17d2cc88c
src/Os/osclosehandle.cpp	Os	resources	platform,files,async-io	b4dffbc282dd03768416d55455867ef525e28046
src/Os/oscrc32.cpp	Os	resources	platform,files,async-io	b07f1a9168aad63dd589fcbf02e5f9a1d64f0ec3
src/Os/oscreatedirectorytree.cpp	Os	resources	platform,files,async-io	c8b60d882e799794c38b129e133c4796f38b9a68
src/Os/oscreatefile.cpp	Os	resources	platform,files,async-io	b043cd7abc0d4e5a9af39cfd684b033b6c9066ed
src/Os/osdeletefile.cpp	Os	resources	platform,files,async-io	35fc232754760b39a64d9c79b8c6c3c825853b58
src/Os/osenumeratefiles.cpp	Os	resources	platform,files,async-io	aec5f9e56d18b956a44a47bce6f5a57627083a28
src/Os/osfileattributes.cpp	Os	resources	platform,files,async-io	6d4c96c65f97fa5280cbc6d8bc132339f88b43b5
src/Os/osfileexists.cpp	Os	resources	platform,files,async-io	026d000cbdcd54847cce637b8910f0ef9c41040c
src/Os/osinterlockedincrement.cpp	Os	resources	platform,files,async-io	0170775547a0d0e3d38ed43ded1474fadec57959
src/Os/osmoduledirectory.cpp	Os	resources	platform,files,async-io	29eef401f9172bef642dc6d8784bb67ee4ed2f01
src/Os/osmodulefilename.cpp	Os	resources	platform,files,async-io	5a074b34cb275c34c8d64f3837cac7b429cd58a0
src/Os/osnamedeventprobe.cpp	Os	resources	platform,files,async-io	3cb525f2ac323b29256208c1c74d4896c9bb8b16
src/Os/osnetaliases.cpp	Os	resources	platform,files,async-io	f86a021f9aee5a2b4f4688b1fbf75684e014e1ee
src/Os/osnetsubsystem.cpp	Os	resources	platform,files,async-io	3dadc8455c186d8c0d0d9e4c6f4bae9748104eda
src/Os/ospathisrelative.cpp	Os	resources	platform,files,async-io	c765f439491491b4ca7777aa07b39f87bf678722
src/Os/ospathrootlength.cpp	Os	resources	platform,files,async-io	e8369e23f32162f32222f1175f3e62917a0e0bc5
src/Os/ospathstripfilename.cpp	Os	resources	platform,files,async-io	371ab46172485a2bd43c620e6b50cdd7e1ed4062
src/Os/ospathstriptrailing.cpp	Os	resources	platform,files,async-io	ab1ed51858835e9e5e308a299e57335429e4cdc1
src/Os/osphysicalmemory.cpp	Os	resources	platform,files,async-io	557d4aab22fa46aa5ffce7394811906d7836d43e
src/Os/ossystemtime.cpp	Os	resources	platform,files,async-io	9c4cbfaa22afeaf9fba1e904eb16123ee9010203
src/Os/osversionclass.cpp	Os	resources	platform,files,async-io	b3a5bd448daa0cd2c7fc7b7dba114d9800b926ee
src/Os/pathtrimandappend.cpp	Os	resources	platform,files,async-io	00b5f0c273221ae290ea37469ba76703b1a769d4
src/Os/widecharscratch.cpp	Os	resources	platform,files,async-io	c545824d40bb4b98a1aae46918347a6c2a45ec1a
src/Pathfinding/CPathRef.cpp	Pathfinding	simulation	movement,pathing,collision	89ce16bac298d03d4272ec68478c699961b5597f
src/Pathfinding/CPathTrace.cpp	Pathfinding	simulation	movement,pathing,collision	e81b6e4686092f2131ea75788cd8071539c35c36
src/Pathfinding/CPathTrace2.cpp	Pathfinding	simulation	movement,pathing,collision	f5341bea1c72147755cbfcc78d32d7167a51fce9
src/Pathfinding/agentcantpathevent.h	Pathfinding	simulation	movement,pathing,collision	c69db3fde2fdb9936829be37b6e29f06f8f6860f
src/Pathfinding/agentcantpathevent_dtor.cpp	Pathfinding	simulation	movement,pathing,collision	24858dd84736923398ab18318f3da22b34d34976
src/Pathfinding/boxsubtract.cpp	Pathfinding	simulation	movement,pathing,collision	811ccd93885458a6991eb3286a1f3ab9c3e04a85
src/Pathfinding/buildingangle.cpp	Pathfinding	simulation	movement,pathing,collision	45cfb6ef39d43af6cad8e7127f4f4007ea19d1c0
src/Pathfinding/cellbuffer.cpp	Pathfinding	simulation	movement,pathing,collision	9621c19abfb295408dbca5254ded8f93c6d44981
src/Pathfinding/cellbuffer.h	Pathfinding	simulation	movement,pathing,collision	492973e0cd856556c1a54f9a851b8d63b5671060
src/Pathfinding/cellbuffer_debug.cpp	Pathfinding	simulation	movement,pathing,collision	ff94a71290842fad220919e6660fe73dcdb6da08
src/Pathfinding/cellbuffer_fill.cpp	Pathfinding	simulation	movement,pathing,collision	6a18fcfe76de42cea4304422d3d110712a63a2ab
src/Pathfinding/creepcampdistance.cpp	Pathfinding	simulation	movement,pathing,collision	5d7eea64b11168a6e14d0d7990d4582343f6fc18
src/Pathfinding/crlagent.h	Pathfinding	simulation	movement,pathing,collision	edbf24c7acb851353ac6e8388863cd7db15242d5
src/Pathfinding/crlagent_ctor.cpp	Pathfinding	simulation	movement,pathing,collision	7206bc58b31e357c4208168b855a56fad33d871c
src/Pathfinding/crlagent_dtor.cpp	Pathfinding	simulation	movement,pathing,collision	88a19c004962aa0d06b3e8108422de5f977752e7
src/Pathfinding/crlagent_gettypename.cpp	Pathfinding	simulation	movement,pathing,collision	f7a5236f0440f800b82e6b61405f4d3caaffa06b
src/Pathfinding/crlagent_linkedlist_scalardtor.cpp	Pathfinding	simulation	movement,pathing,collision	b8f09ee089adc250c883de6dfc2cd73665b4b9fa
src/Pathfinding/crlagent_returntopool.cpp	Pathfinding	simulation	movement,pathing,collision	3401c65306c755c755512f733b98e466dffe6794
src/Pathfinding/crlagent_scalardtor.cpp	Pathfinding	simulation	movement,pathing,collision	65b9aa014355ce893f11ea01f1eeab53e5e8de76
src/Pathfinding/footprintdependency.cpp	Pathfinding	simulation	movement,pathing,collision	d9bb6f799805d04e583b4b493036f5b3f70fd5ef
src/Pathfinding/footprintdir.cpp	Pathfinding	simulation	movement,pathing,collision	b02bca00dd2a29d8e04275eee0a3f8bb1185d037
src/Pathfinding/footprintelevation.cpp	Pathfinding	simulation	movement,pathing,collision	0d5ba68137fed0f65b47cd134b0de80f8a6499bf
src/Pathfinding/footprintisstructure.cpp	Pathfinding	simulation	movement,pathing,collision	d3a8c8ee2c684407e3000bef5dc0bc90503fa8eb
src/Pathfinding/footprintmaskdispatch.cpp	Pathfinding	simulation	movement,pathing,collision	8653f4b5c40737e525752182554068c4abbdca56
src/Pathfinding/footprintmodelpath.cpp	Pathfinding	simulation	movement,pathing,collision	d11633330b0771067cdb40b288629652a245af4d
src/Pathfinding/footprintmodelscale.cpp	Pathfinding	simulation	movement,pathing,collision	e36ea55c5d7e6e15b341bd581c7b92779b9355ff
src/Pathfinding/footprintpair.h	Pathfinding	simulation	movement,pathing,collision	d99b1bf33290d346a94f5cba7a8a459a7423fb21
src/Pathfinding/footprintselcircleonwater.cpp	Pathfinding	simulation	movement,pathing,collision	d9dcdcc22cd029a09f177959f856605654fab5b8
src/Pathfinding/footprintshadow.cpp	Pathfinding	simulation	movement,pathing,collision	69591c182700f8d6af559fed9847af60ede5554b
src/Pathfinding/footprintshadowoffset.cpp	Pathfinding	simulation	movement,pathing,collision	3046ced4e8a7a85116248f48bf99529e9a8d13d5
src/Pathfinding/footprintshape.cpp	Pathfinding	simulation	movement,pathing,collision	1dc813047acfe4d6bb36f7b7b30558a0c4e81f26
src/Pathfinding/footprintshapealt.cpp	Pathfinding	simulation	movement,pathing,collision	248d18a08c04816a20b65e89eff3f9827987b682
src/Pathfinding/footprinttype.cpp	Pathfinding	simulation	movement,pathing,collision	9134f9b577da82a061bb17f868085ce9356420f6
src/Pathfinding/footprinttype.h	Pathfinding	simulation	movement,pathing,collision	9d71e3db2aa6fb2d6cc3970cbc9ff5224a570bd8
src/Pathfinding/footprinttypearray.cpp	Pathfinding	simulation	movement,pathing,collision	36f0df511230dc5cfa7b8ff7edaa3f266a351a90
src/Pathfinding/footprinttypehash.cpp	Pathfinding	simulation	movement,pathing,collision	3456156c2af82d0677673ac04e75c4561b24d7c1
src/Pathfinding/footprinttypelist.cpp	Pathfinding	simulation	movement,pathing,collision	82011052e228cd609b0a29b261b41d30bdb6d8df
src/Pathfinding/footprinttypename.cpp	Pathfinding	simulation	movement,pathing,collision	d35cc5198f142417095121d17642cbb29ec6e614
src/Pathfinding/footprinttypespecialart.cpp	Pathfinding	simulation	movement,pathing,collision	6d9322f09c67606376bd4869aaecfac10623d87f
src/Pathfinding/footprintubersplat.cpp	Pathfinding	simulation	movement,pathing,collision	516968ae8ac319a66546d91653e42c44b02533c0
src/Pathfinding/footprintzoffset.cpp	Pathfinding	simulation	movement,pathing,collision	c55994acc9760e090a99b84f0977c4a723e5ae3c
src/Pathfinding/gridregistrationalloc.cpp	Pathfinding	simulation	movement,pathing,collision	0a06334176f1ee34b31919be985bee0bdf7bdee0
src/Pathfinding/gridregistrationclassbits.cpp	Pathfinding	simulation	movement,pathing,collision	9b84791b17c75f1e69dd8d711a0facb7fc07420c
src/Pathfinding/gridregistrationteardown.cpp	Pathfinding	simulation	movement,pathing,collision	02ebefb4ad5918f7a9fc097f22a53d1f81e96db0
src/Pathfinding/handletable.h	Pathfinding	simulation	movement,pathing,collision	695b860b79a7e69ee861610da98e11cdd7b96102
src/Pathfinding/handletableassignid.cpp	Pathfinding	simulation	movement,pathing,collision	932c1a6ad19e62705d60db8663864cce99612338
src/Pathfinding/handletableregister.cpp	Pathfinding	simulation	movement,pathing,collision	f7406bde5989f7cf78d2f309b004a08d8c9b709f
src/Pathfinding/lrpath_dtor.cpp	Pathfinding	simulation	movement,pathing,collision	414322346e379e866b4d24a56c0cfd2379cbf30f
src/Pathfinding/lrpath_staticpools.cpp	Pathfinding	simulation	movement,pathing,collision	4a22531a7d31cdcc84325ee7b43bcc2b0b32e2e9
src/Pathfinding/lrpath_staticpools.h	Pathfinding	simulation	movement,pathing,collision	adb0177722217b04bc3a11ac5a2fe89b94cc35f5
src/Pathfinding/notifypathdatachanged.cpp	Pathfinding	simulation	movement,pathing,collision	03efcc92e312c3d82ade5dfcb084811a8fcde8df
src/Pathfinding/pathadvance.cpp	Pathfinding	simulation	movement,pathing,collision	1c7b95bca8833d158b6f4ab169660913db4c8df8
src/Pathfinding/pathagentpost.cpp	Pathfinding	simulation	movement,pathing,collision	8507c723d691380a46da4f8ad020d4063531cea0
src/Pathfinding/pathastar.h	Pathfinding	simulation	movement,pathing,collision	6bbda1d6a95e8c1c983594dc6583d1c9a1259c6e
src/Pathfinding/pathastar_apply.cpp	Pathfinding	simulation	movement,pathing,collision	b5ee7d1fa8084ce97b1aa2133fc9bbe214854952
src/Pathfinding/pathastar_cancel.cpp	Pathfinding	simulation	movement,pathing,collision	ebd86b4d3663bcc3b2a87ccd5fce1641ed2663b9
src/Pathfinding/pathastar_dtor.cpp	Pathfinding	simulation	movement,pathing,collision	a1e3732678176eed0f4cddddf2424dee3bb2b754
src/Pathfinding/pathastar_gettypename.cpp	Pathfinding	simulation	movement,pathing,collision	321c1868ba9676e8adbbbb57f1e31137ba8b1289
src/Pathfinding/pathastar_linkarray.cpp	Pathfinding	simulation	movement,pathing,collision	1c08f3f20fde57586030368c676e026c4542838c
src/Pathfinding/pathastar_linkarray_load.cpp	Pathfinding	simulation	movement,pathing,collision	ff438d485a4dbecec085591db6d48dab291b24a3
src/Pathfinding/pathastar_linkarray_save.cpp	Pathfinding	simulation	movement,pathing,collision	6344c6149059f877096ca8723c1925fc32e89688
src/Pathfinding/pathastar_load.cpp	Pathfinding	simulation	movement,pathing,collision	2fcb11346441245ac969aa931777e435cd8437f4
src/Pathfinding/pathastar_returntopool.cpp	Pathfinding	simulation	movement,pathing,collision	12b936e636c8c7a021e9e949ebe1dfbd17e38b47
src/Pathfinding/pathastar_save.cpp	Pathfinding	simulation	movement,pathing,collision	e4d733d3d8c2134a4108a58a0f4f0392c859f92e
src/Pathfinding/pathastar_scalardtor.cpp	Pathfinding	simulation	movement,pathing,collision	61193a3fd1cf60cabd08a0eedc577be0509e7099
src/Pathfinding/pathastarcellopen.cpp	Pathfinding	simulation	movement,pathing,collision	606d3966119a9e34092a2c69c55744e1d1933291
src/Pathfinding/pathastarcellregister.cpp	Pathfinding	simulation	movement,pathing,collision	62bfc02ac82e3200091b23d6a1d8d2c7f87a4bbf
src/Pathfinding/pathastarexpand.cpp	Pathfinding	simulation	movement,pathing,collision	f2fd97845ce7d62b56af75eff99e9cfca3d8644e
src/Pathfinding/pathastarexpandportal.cpp	Pathfinding	simulation	movement,pathing,collision	521e5569306d8184c61b34ad270c0e0b31b9d1fb
src/Pathfinding/pathastargates.cpp	Pathfinding	simulation	movement,pathing,collision	44cd5651cb5de98631715738d7ef78bc3efb3214
src/Pathfinding/pathastarheap.cpp	Pathfinding	simulation	movement,pathing,collision	6c165b603c972a550aedb24ceab3ca43cf2f4d49
src/Pathfinding/pathastarheaparray.cpp	Pathfinding	simulation	movement,pathing,collision	530098e7f98a07299e8f1800c1e5ea0ccf603773
src/Pathfinding/pathastarlookup.cpp	Pathfinding	simulation	movement,pathing,collision	6137bd32ae83aa4614f5d97def307e5e4c0f4c23
src/Pathfinding/pathastarloop.cpp	Pathfinding	simulation	movement,pathing,collision	0212282996d8efad7ad3173bbf21c416fbf8a910
src/Pathfinding/pathastarneighbours.cpp	Pathfinding	simulation	movement,pathing,collision	e02259a4407290e088162c546eb396c956ee6a3f
src/Pathfinding/pathastarnode.cpp	Pathfinding	simulation	movement,pathing,collision	dde8fc2c9e16a1d4b9ab525e005af0ec6171c55b
src/Pathfinding/pathastarnodearray.cpp	Pathfinding	simulation	movement,pathing,collision	6d518e18c5e3f9497b2366e5e54bb1787f69abe3
src/Pathfinding/pathastarpush.cpp	Pathfinding	simulation	movement,pathing,collision	36061291b347120422857c733a47edab16a1be1d
src/Pathfinding/pathastarrelax.cpp	Pathfinding	simulation	movement,pathing,collision	d400621868a3c7bfa5e99405f860940b37cbd9cf
src/Pathfinding/pathastarreset.cpp	Pathfinding	simulation	movement,pathing,collision	0cd7b25002f152b79ec5f4a4f58403df368641ab
src/Pathfinding/pathastarrun.cpp	Pathfinding	simulation	movement,pathing,collision	52d33c46f0c7725d4fece7d47b1313f55de98dc8
src/Pathfinding/pathastarsetup.cpp	Pathfinding	simulation	movement,pathing,collision	2166a404cbdc7800e319bbb43461416522703951
src/Pathfinding/pathastarunlink.cpp	Pathfinding	simulation	movement,pathing,collision	44219a9c25c2c21f342d4a3c7cdac8a17adc57dc
src/Pathfinding/pathcachepoints.cpp	Pathfinding	simulation	movement,pathing,collision	35d0ec03a09ecd83ee472a8c80812e51157b3152
src/Pathfinding/pathcell.cpp	Pathfinding	simulation	movement,pathing,collision	4f6f1eaea138112efda44a9bbc64d15c9a41be1e
src/Pathfinding/pathcellcentre.cpp	Pathfinding	simulation	movement,pathing,collision	91546606dc0006b419bde5ca7bb7e88cf5aa2d30
src/Pathfinding/pathcellhasnode.cpp	Pathfinding	simulation	movement,pathing,collision	0f09b6e233935d75aeaaf9dab513a0010e3023f2
src/Pathfinding/pathcellreaches.cpp	Pathfinding	simulation	movement,pathing,collision	fc55aa511fc5af1f605d98b33c236af4514c0182
src/Pathfinding/pathclassify.cpp	Pathfinding	simulation	movement,pathing,collision	8f2780d48598f5f7529bd92571fecb359d3e4bb2
src/Pathfinding/pathclient_apply.cpp	Pathfinding	simulation	movement,pathing,collision	d773169abde073734910f68cd622060a21c16550
src/Pathfinding/pathclient_checksum_dump.cpp	Pathfinding	simulation	movement,pathing,collision	8599bff916e23d71f5cad75b90d148522ffe3e07
src/Pathfinding/pathclient_gettypename.cpp	Pathfinding	simulation	movement,pathing,collision	dce1ec59981422511c18d753b4c23f0b2af5751c
src/Pathfinding/pathclient_load.cpp	Pathfinding	simulation	movement,pathing,collision	6f8c666036b6bb17cdd50b13985b23093698ae4e
src/Pathfinding/pathclient_resetstampsfrom.cpp	Pathfinding	simulation	movement,pathing,collision	671d52f15718f55160034d564b93728f9a54f42c
src/Pathfinding/pathclient_returntopool.cpp	Pathfinding	simulation	movement,pathing,collision	54840e95511444093f10af270309bb8956f12776
src/Pathfinding/pathclient_save.cpp	Pathfinding	simulation	movement,pathing,collision	10de94472ec2cd42141ec4d074486b89a6a94eca
src/Pathfinding/pathclient_scalardtor.cpp	Pathfinding	simulation	movement,pathing,collision	bd8594ec949cd13e38ac10b3b92c017e8cd644ea
src/Pathfinding/pathclient_slot4.cpp	Pathfinding	simulation	movement,pathing,collision	227ef3a013da918966e6af80294a4b6608fdbaa9
src/Pathfinding/pathclientidlecancel.cpp	Pathfinding	simulation	movement,pathing,collision	adb0254cf326ffd21f85b657bd0bccea0bbba5d5
src/Pathfinding/pathclientstate.cpp	Pathfinding	simulation	movement,pathing,collision	96f697ba67f30971b0f628d52fa4234e7b0a20da
src/Pathfinding/pathclienttyperecord.cpp	Pathfinding	simulation	movement,pathing,collision	61c36cb682abccb430d96b3ca03a3b662afa367a
src/Pathfinding/pathcoarsesearch.cpp	Pathfinding	simulation	movement,pathing,collision	4e7e734b48e9a9a4945d3591874b75d0dd852cf4
src/Pathfinding/pathdirection.cpp	Pathfinding	simulation	movement,pathing,collision	a9fcf0afb398df27f10a29936ee65b9f42605e61
src/Pathfinding/pathfind.h	Pathfinding	simulation	movement,pathing,collision	a52d289e82579d690c1db04a79a7581b646e8d76
src/Pathfinding/pathfine_thunks.cpp	Pathfinding	simulation	movement,pathing,collision	2576b50028a660cdeccb7a181f817ce1a93e54d6
src/Pathfinding/pathfinebegin.cpp	Pathfinding	simulation	movement,pathing,collision	c4a525765748d6ad4a66c4efdbbba9f4fa465ccf
src/Pathfinding/pathfineexpand.cpp	Pathfinding	simulation	movement,pathing,collision	1151268cfb7aacd413593281e5f8d2cd02575721
src/Pathfinding/pathfinelookup.cpp	Pathfinding	simulation	movement,pathing,collision	2df9dd2e5119be31d847a9b016c07e4c9efb5ffa
src/Pathfinding/pathfineloop.cpp	Pathfinding	simulation	movement,pathing,collision	bb0327665766fe8643e3e9d503c75ce7917cd68b
src/Pathfinding/pathfineneighbours.cpp	Pathfinding	simulation	movement,pathing,collision	baeb9659b51e28cbe67348b548533df675c72719
src/Pathfinding/pathfinenode.cpp	Pathfinding	simulation	movement,pathing,collision	1daf95f7cf9468f3a67f62071c154fd73eeea6eb
src/Pathfinding/pathfinerelax.cpp	Pathfinding	simulation	movement,pathing,collision	866cfa0b47ba931074ae56479bcec75c63f7f34c
src/Pathfinding/pathfinereset.cpp	Pathfinding	simulation	movement,pathing,collision	7e42021a8c028a22ee0b642f7a58124666468d6b
src/Pathfinding/pathfineroute.cpp	Pathfinding	simulation	movement,pathing,collision	7b7d5e302eb1b04c49dc32b078e9675c82c16ef4
src/Pathfinding/pathfinerun.cpp	Pathfinding	simulation	movement,pathing,collision	2e66b68ea7c23023a53439344da1f44a7951af03
src/Pathfinding/pathfinesearch.h	Pathfinding	simulation	movement,pathing,collision	f327a525eefb17a6b12f4524d1c50c77215e0158
src/Pathfinding/pathfinesearch_apply.cpp	Pathfinding	simulation	movement,pathing,collision	28d19326c1dbb75295b3872e03056784e73ae92f
src/Pathfinding/pathfinesearch_gettypename.cpp	Pathfinding	simulation	movement,pathing,collision	afc0a25f2ef0e6e91a870bb335791f703e017e32
src/Pathfinding/pathfinesearch_load.cpp	Pathfinding	simulation	movement,pathing,collision	ac8efaad22b2af8b5d7750e9a9584b4afaefaf42
src/Pathfinding/pathfinesearch_returntopool.cpp	Pathfinding	simulation	movement,pathing,collision	e1f887242fe47da866e3c1aaae880e284ec6436f
src/Pathfinding/pathfinesearch_save.cpp	Pathfinding	simulation	movement,pathing,collision	08b9756b7be7c310da67c1573ab2d7bd424d925e
src/Pathfinding/pathfinesearch_slot4.cpp	Pathfinding	simulation	movement,pathing,collision	5d6550267ead6187848b07066e1706bb8dcc23ac
src/Pathfinding/pathfinesetup.cpp	Pathfinding	simulation	movement,pathing,collision	68ef449b9484a91d487b835c0e4864cc1c646177
src/Pathfinding/pathfinishsearch.cpp	Pathfinding	simulation	movement,pathing,collision	46744e44f3b6f4f423a4914efe9050bd62fd51f8
src/Pathfinding/pathfloortocell.cpp	Pathfinding	simulation	movement,pathing,collision	85f97042c24c25d5510cc728532283e0fc27eb14
src/Pathfinding/pathfootprint.cpp	Pathfinding	simulation	movement,pathing,collision	926d76577b09f3b229f3e1faa504c0f03dd842fa
src/Pathfinding/pathfootprintat.cpp	Pathfinding	simulation	movement,pathing,collision	eefead1b4ef5266775f8a65546502772ead4b1cb
src/Pathfinding/pathfootprintsize.cpp	Pathfinding	simulation	movement,pathing,collision	1e22fc534961ff72ebf30a04893c673a34254739
src/Pathfinding/pathfrontierarray.cpp	Pathfinding	simulation	movement,pathing,collision	be39041d48f2ae4a7acb0322eb0a9f3a6ccd79a1
src/Pathfinding/pathgridpoint.cpp	Pathfinding	simulation	movement,pathing,collision	30c38847083a595103e53b67a9984fe4c7580498
src/Pathfinding/pathingfootprint.h	Pathfinding	simulation	movement,pathing,collision	25c39204f1cf0eb008b488d908794e420ace35f1
src/Pathfinding/pathingfootprint_ctor.cpp	Pathfinding	simulation	movement,pathing,collision	ccb3a1548b0c429cc99d314b83f4bd3673c9273f
src/Pathfinding/pathingfootprint_dtor.cpp	Pathfinding	simulation	movement,pathing,collision	0a1a0b5e793ba4350b21d36c875185a3c2194e53
src/Pathfinding/pathingfootprintreg.cpp	Pathfinding	simulation	movement,pathing,collision	272e0a6a9e98dba819bf8e6010703e059c257a40
src/Pathfinding/pathingfootprintregtable_ctors.cpp	Pathfinding	simulation	movement,pathing,collision	63df2d3cee62db30b8da5e301bf8bbb21509d9e7
src/Pathfinding/pathingfootprintregtable_dtor.cpp	Pathfinding	simulation	movement,pathing,collision	cdd3de5d9ce6128645b96daec5e5b733fb92ce62
src/Pathfinding/pathingmapindicator.h	Pathfinding	simulation	movement,pathing,collision	54952e1d0850227dfa28e80f3afc7c407c39b5ff
src/Pathfinding/pathingmapindicator_ctor.cpp	Pathfinding	simulation	movement,pathing,collision	c5b946dea8df460684ef678535f93364b5ab6155
src/Pathfinding/pathingmapindicator_dtor.cpp	Pathfinding	simulation	movement,pathing,collision	384fe3556a56310f4f3de9795e66965479425655
src/Pathfinding/pathisqrt.cpp	Pathfinding	simulation	movement,pathing,collision	592319ce30cd17c9500a51312e64e676cc3ba1d6
src/Pathfinding/pathlanejoin.cpp	Pathfinding	simulation	movement,pathing,collision	25e4362803236e8319c3693b10a3ebab113eb78d
src/Pathfinding/pathlanelink.cpp	Pathfinding	simulation	movement,pathing,collision	33b636bda382d695d3cad1fa997e7bd87b95455a
src/Pathfinding/pathlanetableindex.cpp	Pathfinding	simulation	movement,pathing,collision	f8b306f07f884367af9eee7f3a56d2fd7efb1812
src/Pathfinding/pathlaneunlink.cpp	Pathfinding	simulation	movement,pathing,collision	9f3a792593d7f909f0ecdab63c7d7245e258c862
src/Pathfinding/pathmanager.cpp	Pathfinding	simulation	movement,pathing,collision	b786a072602599d52b27b2f0d286aea8fadcbf6a
src/Pathfinding/pathmove.h	Pathfinding	simulation	movement,pathing,collision	0b6c78aea528c2917f2403e7b476c3860a07bc58
src/Pathfinding/pathmove_thunks.cpp	Pathfinding	simulation	movement,pathing,collision	fd07447a785c2ec3492d4d2662206907e4e703cb
src/Pathfinding/pathnodelookup.cpp	Pathfinding	simulation	movement,pathing,collision	bc58fdb11ff1f0fa94bcbfdebf9030187cbe8631
src/Pathfinding/pathnormalize.cpp	Pathfinding	simulation	movement,pathing,collision	62685c9379792512292914b37641de028a8516e1
src/Pathfinding/pathorder.h	Pathfinding	simulation	movement,pathing,collision	120a52027e9bda4af572ec7edb594dee80db427f
src/Pathfinding/pathorderlink.cpp	Pathfinding	simulation	movement,pathing,collision	238e6befd31bd0ed9de156690b3fddd2a44671a7
src/Pathfinding/pathplacementfilter_thunk.cpp	Pathfinding	simulation	movement,pathing,collision	42ad8919a706ddb6236d12f46943922efb3fff36
src/Pathfinding/pathplacewaypoint.cpp	Pathfinding	simulation	movement,pathing,collision	9eaf1cbfaef9042be587bc97fc274a32aae07db5
src/Pathfinding/pathpointcachegrow.cpp	Pathfinding	simulation	movement,pathing,collision	4bbc3c555ce654a1ec19a9bfbb161cb5511c9d5e
src/Pathfinding/pathpointforslot.cpp	Pathfinding	simulation	movement,pathing,collision	f1b08807c50b839ba1a9e2e538b4fe898d4dfd08
src/Pathfinding/pathportalcorners.cpp	Pathfinding	simulation	movement,pathing,collision	8971be6ac00098d209d96ef18152177370ff6a8d
src/Pathfinding/pathportalgateeast.cpp	Pathfinding	simulation	movement,pathing,collision	21ee4bb3c745c98bb3f84a45469da230dea43eb1
src/Pathfinding/pathportalgates.cpp	Pathfinding	simulation	movement,pathing,collision	94ab4252157c444edef9fa51b9a94bb4fd9049b4
src/Pathfinding/pathportalspans.cpp	Pathfinding	simulation	movement,pathing,collision	5cb34425a7202a2d6c424b1b3aea039ae052695b
src/Pathfinding/pathqueuepoint.cpp	Pathfinding	simulation	movement,pathing,collision	e7b25f89fd4d71b78fd97e577bc1095edf635fa8
src/Pathfinding/pathratelimit.cpp	Pathfinding	simulation	movement,pathing,collision	1b661150b2bc274d1512543ea3b72272647c0db2
src/Pathfinding/pathref_dtor.cpp	Pathfinding	simulation	movement,pathing,collision	a912fa7cece7972578e1868666ea1657be646a36
src/Pathfinding/pathref_load.cpp	Pathfinding	simulation	movement,pathing,collision	2b60f99526a83b5b1fcf65f89b37cb5be5225466
src/Pathfinding/pathref_save.cpp	Pathfinding	simulation	movement,pathing,collision	dd37dbd59e4c8212b95a60b9c0053938fdadfd37
src/Pathfinding/pathref_write.cpp	Pathfinding	simulation	movement,pathing,collision	4813b9df41945853de88b44f10603a6ecd94dd62
src/Pathfinding/pathrefallocator.cpp	Pathfinding	simulation	movement,pathing,collision	168f1c86e07f421fa0a83a31ea57ad2c0f7fd655
src/Pathfinding/pathrefarraygrow.cpp	Pathfinding	simulation	movement,pathing,collision	639809909385b0b4c826148625fb3e208916ba4b
src/Pathfinding/pathrefarrayresize.cpp	Pathfinding	simulation	movement,pathing,collision	944a5878898b1fb46d5f9a58ca2fddf22abc2a00
src/Pathfinding/pathrefestimatetravelcost.cpp	Pathfinding	simulation	movement,pathing,collision	ad05fd009c5c44f21a4c3a2ca80f00598a89e2b1
src/Pathfinding/pathrefflags.cpp	Pathfinding	simulation	movement,pathing,collision	458ac990feb0560d288717b2811f52fbe4daa254
src/Pathfinding/pathregistrationbox.cpp	Pathfinding	simulation	movement,pathing,collision	e4805d7e94ed30533a8070224645ab6ec275af9e
src/Pathfinding/pathresetsearch.cpp	Pathfinding	simulation	movement,pathing,collision	834c6f6fd0292c32999622bfd3a68d7f57aa9955
src/Pathfinding/pathring.cpp	Pathfinding	simulation	movement,pathing,collision	a198d90c0fb44782d01c4664ca5703f285333f4f
src/Pathfinding/pathringscan.cpp	Pathfinding	simulation	movement,pathing,collision	44a3689973fb75e978edb557e519aef141221e3e
src/Pathfinding/pathroutepoints.cpp	Pathfinding	simulation	movement,pathing,collision	728b02df5d3a607e4dcdcabd9c735423363c259f
src/Pathfinding/pathrunquery.cpp	Pathfinding	simulation	movement,pathing,collision	bb26f2bc89bc530772177903b95534dd4e469d52
src/Pathfinding/pathrunsearch.cpp	Pathfinding	simulation	movement,pathing,collision	bd089973d0561db24c31923c8d8130ba0bdf06c3
src/Pathfinding/pathsamecellrecently.cpp	Pathfinding	simulation	movement,pathing,collision	99ddbc7bf5592a441e2946d2b88dd995fb2e6bc4
src/Pathfinding/pathscheduleretry.cpp	Pathfinding	simulation	movement,pathing,collision	de6e5645dc62c9b8d52516311df817c6fd353642
src/Pathfinding/pathsearch.cpp	Pathfinding	simulation	movement,pathing,collision	80fdd9e622843a846b9408a27f22e6bf882bcdea
src/Pathfinding/pathsearchjitter.cpp	Pathfinding	simulation	movement,pathing,collision	6afc20a086ddc925d601c299c61b5f101fae82cc
src/Pathfinding/pathsearchoriginprobe.cpp	Pathfinding	simulation	movement,pathing,collision	927ed08da92f0d5d6acae2b1b1c5985cfd6c4cdd
src/Pathfinding/pathsearchsave.cpp	Pathfinding	simulation	movement,pathing,collision	bb07ccc7bdae7ca9ceb16f6f96f2417b28f9dcc3
src/Pathfinding/pathsearchtyperecord.cpp	Pathfinding	simulation	movement,pathing,collision	77393a5cb3bd5b5fe1957fa537e37e060b44c482
src/Pathfinding/pathsegmentwalk.cpp	Pathfinding	simulation	movement,pathing,collision	6968d883633aaeff7568361947bb1cbb7b8ec16c
src/Pathfinding/pathsetroute.cpp	Pathfinding	simulation	movement,pathing,collision	fa394660d97dacc76e097f141782040554e1510c
src/Pathfinding/pathsingleton.cpp	Pathfinding	simulation	movement,pathing,collision	9b235bb6ad14320dbb15406f6f6e1289a81d52e8
src/Pathfinding/pathslotdistance.cpp	Pathfinding	simulation	movement,pathing,collision	c455f3f66c5437d7b2c64367053f7fcc020b1f62
src/Pathfinding/pathsnaptocell.cpp	Pathfinding	simulation	movement,pathing,collision	5a3e801112e1538828121f0f716f4bad1a9316d3
src/Pathfinding/pathspan.cpp	Pathfinding	simulation	movement,pathing,collision	97b39dbe379336c4279648416dac8dbc696cf331
src/Pathfinding/pathsqrt.cpp	Pathfinding	simulation	movement,pathing,collision	a1dad808b3017ab901e8208dbca86c03a02cbb90
src/Pathfinding/pathstagesearch.cpp	Pathfinding	simulation	movement,pathing,collision	1644818c2dc22c46755e0fe70648c473e29ab95f
src/Pathfinding/pathstraightline.cpp	Pathfinding	simulation	movement,pathing,collision	5f0f412e009072b045a595c886e0a2d200114cc1
src/Pathfinding/pathtraceaddvelocity.cpp	Pathfinding	simulation	movement,pathing,collision	d3e06bf70b5d10065cb59d00fc69b9fbebc8d21f
src/Pathfinding/pathtracegrid.cpp	Pathfinding	simulation	movement,pathing,collision	a9251fe0cc9d4677c8d9ca2747b1df809255f139
src/Pathfinding/pathtracepublishvelocity.cpp	Pathfinding	simulation	movement,pathing,collision	eda3034ee2d25e034f25345cb15cc95848466f1a
src/Pathfinding/pathtraceradius.cpp	Pathfinding	simulation	movement,pathing,collision	6b37ac1d772033c221cc560de853a0dc102456de
src/Pathfinding/pathtraceramp.cpp	Pathfinding	simulation	movement,pathing,collision	2edec336a121c5aa439f73970eaadbdcc745b3db
src/Pathfinding/pathtraceresolvetarget.cpp	Pathfinding	simulation	movement,pathing,collision	362ef5014fb6354e3c7c65d27bf98d7295c0632e
src/Pathfinding/pathtracesetfieldb4.cpp	Pathfinding	simulation	movement,pathing,collision	cd181135856b2e2d58f8992af759188700c5ef7a
src/Pathfinding/pathtracesetmaxspeed.cpp	Pathfinding	simulation	movement,pathing,collision	5b91f35d95668c3c11590b43160eec3a9af507d5
src/Pathfinding/pathtracesetvelocity.cpp	Pathfinding	simulation	movement,pathing,collision	40d3db662439129cb39990fbd4e2b9e9a36f54d9
src/Pathfinding/pathtrackbest.cpp	Pathfinding	simulation	movement,pathing,collision	354182f55be8cb8a6bff3d17718f2305c76ebb55
src/Pathfinding/pathtrimtail.cpp	Pathfinding	simulation	movement,pathing,collision	9594f98a8333ff1a0ed848b5573aa986ce057faf
src/Pathfinding/pathwavefrontenqueue.cpp	Pathfinding	simulation	movement,pathing,collision	b3ae815d7d5d09d337ee9f7edd9736696b04a353
src/Pathfinding/pathwavefrontmode1.cpp	Pathfinding	simulation	movement,pathing,collision	977b5020beed501fce5db2abcf5a73923d03a193
src/Pathfinding/pathwavefrontmode2.cpp	Pathfinding	simulation	movement,pathing,collision	cf1288eb29e7c0cdf618b4d96c3c62032989acb0
src/Pathfinding/pathwavefrontmode3.cpp	Pathfinding	simulation	movement,pathing,collision	62a653c93405bab101d0e1316254ffc304ebdb2a
src/Pathfinding/pathwavefrontmode4.cpp	Pathfinding	simulation	movement,pathing,collision	f7d388e3d4b65a48d9703f226ee752e2efcbe9f2
src/Pathfinding/pathwavefrontrect.cpp	Pathfinding	simulation	movement,pathing,collision	8f28e1e7cf302b39e84497336beffed7989a15d6
src/Pathfinding/pathwavefrontspan.cpp	Pathfinding	simulation	movement,pathing,collision	df94ebaaa205ed10298a699c1fbd35203a8b2281
src/Pathfinding/pathwavefrontvisit.cpp	Pathfinding	simulation	movement,pathing,collision	fa3c28c3da2e2374e997677d2b1804b62d94338f
src/Pathfinding/pathwaypointmisc.cpp	Pathfinding	simulation	movement,pathing,collision	9058124a69056c4a8b5cca89232b61da42115241
src/Pathfinding/pathwaypointpop.cpp	Pathfinding	simulation	movement,pathing,collision	46d95c431644c44173b899ca109dc05f2b6d5265
src/Pathfinding/pathworldpoint.cpp	Pathfinding	simulation	movement,pathing,collision	54177d6fa9684baa125845b07d2ea27edc41d915
src/Pathfinding/pmregionpoolalloc.cpp	Pathfinding	simulation	movement,pathing,collision	8fd246aaab2af842a0eead37a3da9ce7d529157b
src/Pathfinding/positiontrack.h	Pathfinding	simulation	movement,pathing,collision	2ed85bc6fb6039f84f4f99ee72d3bc8ed5967bbf
src/Pathfinding/positiontrackdeleteself.cpp	Pathfinding	simulation	movement,pathing,collision	b9859c4226ae6cd1bf4f83a82cb35a715c7cf1fb
src/Pathfinding/positiontrackfield8c.cpp	Pathfinding	simulation	movement,pathing,collision	e31b9684f179c34ecc57c727eac06b215f9064a4
src/Pathfinding/positiontrackflagbits3070.cpp	Pathfinding	simulation	movement,pathing,collision	288e85839f0db364487409adda7d87a522c68da7
src/Pathfinding/positiontrackflagbyte.cpp	Pathfinding	simulation	movement,pathing,collision	aff81ee11ea1627e7ade0da6b60832e5de1ffd46
src/Pathfinding/positiontrackflagbyte2.cpp	Pathfinding	simulation	movement,pathing,collision	9f37db55b0d83000b84c300165e5404ed1f7c83b
src/Pathfinding/positiontrackrecordbuild.cpp	Pathfinding	simulation	movement,pathing,collision	29ff971a003ee26dcd47f1be0de9267dddbdf8bb
src/Pathfinding/positiontrackspeed.cpp	Pathfinding	simulation	movement,pathing,collision	a4204a0755a395b316c74650c648ade7432d13bb
src/Pathfinding/projectilepositiontrack.h	Pathfinding	simulation	movement,pathing,collision	b0d807f117091dc4f7bf7bba7a52d8cb3541b775
src/Pathfinding/projectilepositiontrackattach.cpp	Pathfinding	simulation	movement,pathing,collision	75ef039bf72096d40fa97f9fdeee468a331a1e6a
src/Pathfinding/projectilepositiontrackdeleteself.cpp	Pathfinding	simulation	movement,pathing,collision	3904e0d20b874d09a5b0f3e7f84525d93f9bea3d
src/Pathfinding/projectilepositiontrackrecord.cpp	Pathfinding	simulation	movement,pathing,collision	a8428d023841f26b417189b9379efc13f48f28ae
src/Pathfinding/quadrant.cpp	Pathfinding	simulation	movement,pathing,collision	faa60e5e5acb61fbc0db4611503892a7fe9c3e59
src/Pathfinding/quadrant.h	Pathfinding	simulation	movement,pathing,collision	ddf6c80cf34fe1e94fc9e75e97d4e487eb539746
src/Pathfinding/rowmaxwithterraintype.cpp	Pathfinding	simulation	movement,pathing,collision	81e74137b6d56eae8f9b527c9623c9728ad0387b
src/Pathfinding/rowrangetable.cpp	Pathfinding	simulation	movement,pathing,collision	6e98adf3bc4991fef1db916cd87f16fe6a7fae9c
src/Pathfinding/rowrangetable.h	Pathfinding	simulation	movement,pathing,collision	4349371a53db64088f717842ca36bc6f534f7cc5
src/Pathfinding/rowtable.cpp	Pathfinding	simulation	movement,pathing,collision	bfe8ea86a0866a07bb7df56dd6d028c3da6d508a
src/Pathfinding/smartpositiontrackdeleteself.cpp	Pathfinding	simulation	movement,pathing,collision	0a38f4af6477770a302edaa60a68d49813a04248
src/Pathfinding/smartpositiontrackfieldc8.cpp	Pathfinding	simulation	movement,pathing,collision	b2760100b2b0c95899b7a63185e50434832bb436
src/Pathfinding/smartpositiontrackrecordslot8.cpp	Pathfinding	simulation	movement,pathing,collision	3d5198485c64be38c8c7a4060c7c06f0e633a44c
src/Pathfinding/smartpositiontrackspeed.cpp	Pathfinding	simulation	movement,pathing,collision	ab9213d197ee73272662306d78c71ef2abcfef81
src/Pathfinding/spatialgrid.cpp	Pathfinding	simulation	movement,pathing,collision	8c5c7b7da0605fe007e927abfcb2ebddfe94eb52
src/Pathfinding/spatialgrid.h	Pathfinding	simulation	movement,pathing,collision	98d596a7cc482016ad13bc112b91e86ee7a404fe
src/Pathfinding/terrainmiscreset.cpp	Pathfinding	simulation	movement,pathing,collision	ee2e119238697ef1f0e5cceff591b383f8f61356
src/Player/agentptrarraydtorjumpstub.cpp	Player	simulation	player-records,scores	372b64dc7dc6ff3d820b808d6158e86a5d1b66a5
src/Player/bestherodataarray.cpp	Player	simulation	player-records,scores	3f1dc00a749d240c4f7f337dd2bf986fd99a8699
src/Player/heroevalarray.cpp	Player	simulation	player-records,scores	268d976ae5b0984aad1e1679f2d46d116f56b4c5
src/Player/integerlistener.h	Player	simulation	player-records,scores	96c815cc4e2b79bee56081fdd67006b0a09dcadd
src/Player/integerlistenerbindthunk.cpp	Player	simulation	player-records,scores	f0d6bfaa0bab605eed58b8791b60f1009f716447
src/Player/playerabilityagenttracker.cpp	Player	simulation	player-records,scores	e71b75d7aac29e485486db8247117746cf5731a6
src/Player/playerherobest.cpp	Player	simulation	player-records,scores	31f961a220ff795aef75f556960e9977a9799156
src/Player/playerherocollect.cpp	Player	simulation	player-records,scores	7c20357c2a4f07294fad962c16e0fc0c40324807
src/Player/playerheroeval.h	Player	simulation	player-records,scores	40d3570d207eb763c05c305d7a871d67d02d4daf
src/Player/playerheroselect.cpp	Player	simulation	player-records,scores	7ac071096706b629c089cfcd72cf01843932b39d
src/Player/playerherovalue.cpp	Player	simulation	player-records,scores	b9585832fb1e52375e5cd8ebd2a507557bbb7f81
src/Player/playerrecordchecksumhash.cpp	Player	simulation	player-records,scores	bf00bd7711cc34bf1c35f770b48218b7aa422750
src/Player/playerroster.cpp	Player	simulation	player-records,scores	1705fc7aa7ddccba07147ba50e0481cd0c048873
src/Player/playerscore.h	Player	simulation	player-records,scores	6f5fef42932cc7d0081a7c792ea756ab9c9b21a2
src/Player/playerscore_fields.cpp	Player	simulation	player-records,scores	5a1eacb70bed1b86ee3b8d0249a60b269a0c091a
src/Player/playerscore_forward.cpp	Player	simulation	player-records,scores	6ced0ecf61a122cdfc49df75c4c26bd69b71a972
src/Player/playerscore_handlefields.cpp	Player	simulation	player-records,scores	eea181886a147517b15f050994a614c7e73ba835
src/Player/playerscore_rosterwalks.cpp	Player	simulation	player-records,scores	630760200b95c6efe73867b0ba9c57c0590f70cf
src/Player/playerscore_sum.cpp	Player	simulation	player-records,scores	d64dbbc8ca6cafb26c825e5b5accee423b8b3dd6
src/Player/playerscore_tallyapply.cpp	Player	simulation	player-records,scores	ff172f9c87dfb29ad737fad90cf953cfb6f4ef60
src/Player/playerscore_tallycounteradjust.cpp	Player	simulation	player-records,scores	07cbc07073ec51002f4f052b872d0b8b83436aea
src/Player/playertallyentryhash.cpp	Player	simulation	player-records,scores	6e1028d5413173cd814073f5df36b48cd259577b
src/Player/playerwar3.h	Player	simulation	player-records,scores	4a6e62ec39fa62ece028d4dd45daa8d0201f3223
src/Player/playerwar3_ability5integerlistener.cpp	Player	simulation	player-records,scores	6f5e2f97bb3f5941fb66e4db4228ecbe1848c8a3
src/Player/playerwar3_abilityentryctor.cpp	Player	simulation	player-records,scores	e36f9513d2e97518ceb247d4670023b842731380
src/Player/playerwar3_abilityentrydtor.cpp	Player	simulation	player-records,scores	b0cd54ab8e7457a50b4d3688ee6f98248e5ca243
src/Player/playerwar3_appendsummaryline.cpp	Player	simulation	player-records,scores	856b9b886b47cf03101c783ad4357c8be78f0f7d
src/Player/playerwar3_buildintegerlistenerlevel0.cpp	Player	simulation	player-records,scores	beb63c74950a440c961600458868dee15e6c51dd
src/Player/playerwar3_buildintegerlistenerlevel1.cpp	Player	simulation	player-records,scores	cfb0e65803e5d3dba0b26309853ab32bfe75ab8c
src/Player/playerwar3_ctor.cpp	Player	simulation	player-records,scores	73961eac57596a46839f95b205debb7a366a3f63
src/Player/playerwar3_ctorsubobjects.cpp	Player	simulation	player-records,scores	5faacb1c0fb0ba472cd749f626512f2bf1c939d7
src/Player/playerwar3_deactivate.cpp	Player	simulation	player-records,scores	6aec0c76449ae2d02734da5a9ed70b71a0aaee9a
src/Player/playerwar3_deleteself.cpp	Player	simulation	player-records,scores	800a14cd8a3a5f04c27e3814ab73d0d5148007c9
src/Player/playerwar3_dtor.cpp	Player	simulation	player-records,scores	1418bcc26409e281f6460c21e73885c605546c71
src/Player/playerwar3_dumpdeadherolist.cpp	Player	simulation	player-records,scores	cf42bc9a0e96d7e77ac3c193fc0fe08f11fee0c1
src/Player/playerwar3_dumpstate.cpp	Player	simulation	player-records,scores	a01bbe956a8eddd68fca6ac4d65fa46b58868e2e
src/Player/playerwar3_getagiletypeid.cpp	Player	simulation	player-records,scores	b3b1e0085b4932acc823ea9c6395d2b3cbd1eabe
src/Player/playerwar3_getclassname.cpp	Player	simulation	player-records,scores	18a9e5cfc27e397c92f73c1eb50c558393095212
src/Player/playerwar3_handleplayerleftnotify.cpp	Player	simulation	player-records,scores	1ef017fe6f3ea08299ec29da9988f5e78a8756c0
src/Player/playerwar3_load.cpp	Player	simulation	player-records,scores	8641fd6b514390349c65cc9c922f9d4ac14d2de2
src/Player/playerwar3_loadhelpers.cpp	Player	simulation	player-records,scores	faa6305822d4c27bde97185382850cb9c66d8c86
src/Player/playerwar3_method0x0c.cpp	Player	simulation	player-records,scores	fbcb1611c9aae370baac201d3cb4ef96d288bb5a
src/Player/playerwar3_method0x20.cpp	Player	simulation	player-records,scores	ed9a9c6df2f623e40302e9b5debda4f4e7d90e05
src/Player/playerwar3_method0x24.cpp	Player	simulation	player-records,scores	12c06b6bcdd8f0f614e7bb43d339f14a2c4b7853
src/Player/playerwar3_releasehelper.cpp	Player	simulation	player-records,scores	3f84d3e4a2ba7d0a782efd60a9f4cc7e72074e67
src/Player/playerwar3_releasehelper.h	Player	simulation	player-records,scores	02ab9de2c3d8b00978aadc6cfd1e3a4461f566b0
src/Player/playerwar3_save.cpp	Player	simulation	player-records,scores	2d415fb846a91f1fee13181b1451915fdba9e965
src/Player/playerwar3_savewritehandlepair.cpp	Player	simulation	player-records,scores	f171b6f45d2ff0ae1baf67da281df64fdd942400
src/Player/playerwar3_selectionwar3loadthunk.cpp	Player	simulation	player-records,scores	bc59d97e9e47e4a59a5d4b7bc568bc59299f1982
src/Player/playerwar3_slot30.cpp	Player	simulation	player-records,scores	bc6283c5edf2212b0c0124db95dcdf2688775832
src/Player/playerwar3_techtreeload.cpp	Player	simulation	player-records,scores	ef11f0b822a96de9093d3aaea648920bd8e174e1
src/Player/racenamelookup.cpp	Player	simulation	player-records,scores	2cdc1ab96b899b654c38a1df6e987b0aa57d2005
src/Player/racenamelookup.h	Player	simulation	player-records,scores	3b1f9f240a01501dfed0600def8d5f9ff0f0af85
src/Player/selectionwar3_save.cpp	Player	simulation	player-records,scores	56fb038489357eecef640a7b296da0c9bd84c063
src/Player/techtreesave.cpp	Player	simulation	player-records,scores	c588f871ad0cffbb8f8246b7c36af565fcfe45b6
src/README.md	(root)	documentation	source-navigation	c7aac9e9accc0f58c1fc935eb670d352a12b2ddd
src/Render/agentworldposition.cpp	Render	presentation	graphics,resources,picking	411c86b21b5fc31a6e149fefbf7f00a7097b4bb6
src/Render/aufixedstring.h	Render	presentation	graphics,resources,picking	e70523e2643225f6847026c59dc9e1f660f61514
src/Render/blpfilector.cpp	Render	presentation	graphics,resources,picking	669369085ba5b27cc9b0a5e7f1584f2f7481d243
src/Render/blpfileload.cpp	Render	presentation	graphics,resources,picking	3fc716747fad56912fecd6069ad9a317df07be13
src/Render/blpfilerelease.cpp	Render	presentation	graphics,resources,picking	09a67944e460adf444597ca95730e9121b7a1039
src/Render/blptexturecreate.cpp	Render	presentation	graphics,resources,picking	f1bec5481f02f97ebbd90ef86b48cdae5b93cdcd
src/Render/closestapproach.cpp	Render	presentation	graphics,resources,picking	767e2a32e58db38627235b1d75cc632ac77c7cae
src/Render/cmodelctor.cpp	Render	presentation	graphics,resources,picking	02a9a7252f8364491157e2fda5cdee35327c37db
src/Render/cstatus.h	Render	presentation	graphics,resources,picking	9895e9fbd5ecc5533bca342d46a105d556f68408
src/Render/devicecapsfetch.cpp	Render	presentation	graphics,resources,picking	b0773a8da5bce97b15ab22fcca718544151aaa24
src/Render/displaymodequery.cpp	Render	presentation	graphics,resources,picking	5fdc3e172e2c339f3a69cf4e58293e6fba50bbfb
src/Render/facecacheentry.cpp	Render	presentation	graphics,resources,picking	516d18815bbe70cfdc85735dc1e36a9dd02f3f91
src/Render/facecacheentry_thunks.cpp	Render	presentation	graphics,resources,picking	c690082e980aef7c266a7d828f3bd770beff4cd0
src/Render/facechartable.cpp	Render	presentation	graphics,resources,picking	7c66e998c72f8515e59fbf86a7ee5afc0ee54a03
src/Render/facedata.h	Render	presentation	graphics,resources,picking	a3b6b5cc6042beaafc7e3686216c1f80c8470b02
src/Render/facefloathelpers.cpp	Render	presentation	graphics,resources,picking	3fa5704a13229674b037162cc03faccb7ab041df
src/Render/faceglyphtable.cpp	Render	presentation	graphics,resources,picking	baf9b12e57d13cfc24d673f977fc3371625edf3b
src/Render/facekerntable.cpp	Render	presentation	graphics,resources,picking	57df972aaa0e40d9d75c765e16a06026a81dad6a
src/Render/faceunlinklist.cpp	Render	presentation	graphics,resources,picking	b550d076a946a7f1887993f2de565e40f93d754b
src/Render/filecache.h	Render	presentation	graphics,resources,picking	22498ca5889b41ec8380adb8d9fcc41662447cae
src/Render/filecacheacquire.cpp	Render	presentation	graphics,resources,picking	014471b26414989c61161c38816271d33eda3a19
src/Render/filecacheclear.cpp	Render	presentation	graphics,resources,picking	00ca1e46d9f09add08f729b6dfec2f43aca70c02
src/Render/filecachedirbuilder.cpp	Render	presentation	graphics,resources,picking	491cb45ee2f30f147ee129e3abb6eb5ebbe5f319
src/Render/filecachedrop.cpp	Render	presentation	graphics,resources,picking	c20f34362d0421b5700788263ddfb9ee7f992782
src/Render/filecachefind.cpp	Render	presentation	graphics,resources,picking	12c7536ee0a0b84d4cea40413e112cf1355b51b5
src/Render/filecacheglobals.cpp	Render	presentation	graphics,resources,picking	824dd333545db8f8777fa0fb32b6dc63005cd078
src/Render/filecacheload.cpp	Render	presentation	graphics,resources,picking	8f384bc70dc334a8915ce57088180799649478af
src/Render/filecacheprefetchlimit.cpp	Render	presentation	graphics,resources,picking	d59e88e1a9b2c84918f68b63c171dc4218c9658e
src/Render/filecacherelease.cpp	Render	presentation	graphics,resources,picking	23c48e1eb221a14d5149ee5571f2a150eb5f1ea9
src/Render/filecachetrim.cpp	Render	presentation	graphics,resources,picking	c4540a77ade692a72337f996d0c0e3405007e2b5
src/Render/filecacheuncachable.cpp	Render	presentation	graphics,resources,picking	8e01931def31a66166b9958c2467c02c20e2be20
src/Render/fontarray.cpp	Render	presentation	graphics,resources,picking	bbcf0283745889ac6efb40d8be605d872c7a0bbc
src/Render/fontcreate.cpp	Render	presentation	graphics,resources,picking	633f87cd8e1621bf56f7c0201139e73bb931536d
src/Render/fontfileversionarray.cpp	Render	presentation	graphics,resources,picking	2537ea3a9892e83edfb27f15a486b8111224ab4a
src/Render/fonthash.cpp	Render	presentation	graphics,resources,picking	a152d878d861037841ce7e9cb195f33e0c5ab986
src/Render/fontlist.cpp	Render	presentation	graphics,resources,picking	419c8e716de13250812b7a7dc7aa1c3ff9e6398d
src/Render/fontloadandhashthunks.cpp	Render	presentation	graphics,resources,picking	1ca54156e2767d68bb5c09d49ccee39c35fe894c
src/Render/fontunlink.cpp	Render	presentation	graphics,resources,picking	3b611da5fce1f4c02e9208c6b34ac22662c03a02
src/Render/hmodelptrarray.cpp	Render	presentation	graphics,resources,picking	c4de3551774dbab0af8d594510c0aa149f076c5e
src/Render/imagefile.h	Render	presentation	graphics,resources,picking	afb82398d39d0a4bfa3f26c60aed9c48e239c9c4
src/Render/loadtexturebypath.cpp	Render	presentation	graphics,resources,picking	d5509d2628c9b042a8248a7aff4baf9f69769dcb
src/Render/material.h	Render	presentation	graphics,resources,picking	77e34c3089a9555472e60d9d0b3df0219f2073d9
src/Render/materialclone.cpp	Render	presentation	graphics,resources,picking	caf28d424141fd6e7cca680628ce8e86b4e0282a
src/Render/materialreplacetexture.cpp	Render	presentation	graphics,resources,picking	1213249f454e221f1641678b68544e16197abbd0
src/Render/materialusestexture.cpp	Render	presentation	graphics,resources,picking	2ce7d2c199ca885c408d5cb530394c838ab3f22f
src/Render/matrix43to44.cpp	Render	presentation	graphics,resources,picking	88580f89d1009c283dfd717f7154198804b8b17c
src/Render/modelcomplextail.cpp	Render	presentation	graphics,resources,picking	1262695f5ed40dd28331f75828ec9381083b35fb
src/Render/modelhandleset.cpp	Render	presentation	graphics,resources,picking	1c87030098932bf4ddc4f7963b549886347b1074
src/Render/modelpick.h	Render	presentation	graphics,resources,picking	66d101f2dc0fce8a2366ea4614ce9dbc94fbeeb6
src/Render/modelpicksegment.cpp	Render	presentation	graphics,resources,picking	e9ab335c07d7df78b26452cb8116cd261dec7d78
src/Render/modelreplacedeep.cpp	Render	presentation	graphics,resources,picking	10c2aaf9614dbf4ccec2f74975e4e3a1e1eab682
src/Render/modelreplaceparticle.cpp	Render	presentation	graphics,resources,picking	5598a7aa21df81aef7445af05a4c37dd36c3cd82
src/Render/modelreplaceribbon.cpp	Render	presentation	graphics,resources,picking	3975d06ccc51f43f63005ab183efe0300fa4ca6c
src/Render/modelreplacetexture.cpp	Render	presentation	graphics,resources,picking	9aa9f392d980b51d4d774a090f9c4dd4da891362
src/Render/objectpick.cpp	Render	presentation	graphics,resources,picking	7f019187268fb5e7cee4f8d1935dbe8da6fbd750
src/Render/optionalslot98dispatch.cpp	Render	presentation	graphics,resources,picking	a2857f19c66c5f344c52d8285d3692b7b744896b
src/Render/pathbasenamehash.cpp	Render	presentation	graphics,resources,picking	3637050d1a09fa9c06c688d67fb660080fe7cfa7
src/Render/pickbounds.cpp	Render	presentation	graphics,resources,picking	0cc48747ca0b581a3811d76a2ef6778dd5a964ef
src/Render/picknodelist.cpp	Render	presentation	graphics,resources,picking	7711c398641d2ea71585bc3599fe0ec853ef3aa2
src/Render/pickrecordat.cpp	Render	presentation	graphics,resources,picking	b9ca06afe82ee77f88bdb53000ce27483b0a5dd6
src/Render/pickshapelist.cpp	Render	presentation	graphics,resources,picking	ea11fbdfbe8db16aa758f009e3f8a5733be9e6c6
src/Render/pickvariant.cpp	Render	presentation	graphics,resources,picking	b8bbe82c7b2123df4530303007fdd4f8ede91a35
src/Render/pickvariantvec4.cpp	Render	presentation	graphics,resources,picking	f0b95ad680411a8ef037174549745e21908d635d
src/Render/prefetcharray.cpp	Render	presentation	graphics,resources,picking	b2cd39c9dd29290d78b99c68a595071832d7e33c
src/Render/prefetchdelete.cpp	Render	presentation	graphics,resources,picking	8dfd0a3528c4b8aa2b9d9f059743a111e70e74ab
src/Render/prefetchhash.cpp	Render	presentation	graphics,resources,picking	32cfffe7a5c9bd9bcc39be1c5d0653244d45fdab
src/Render/prefetchlinknode.cpp	Render	presentation	graphics,resources,picking	4c39d2b7a7247788bc9905b13417d51676f3770f
src/Render/prefetchlist.cpp	Render	presentation	graphics,resources,picking	1b8af974c36fb59b0683100180aa7d5b1cbc1204
src/Render/prefetchlistarray.cpp	Render	presentation	graphics,resources,picking	54fb1dfcdf4d317ec666a0112bc5213437dd1b49
src/Render/prefetchlisthash.cpp	Render	presentation	graphics,resources,picking	691ee2cc701e1e8a1dfa6b4c685beb1efa20a42b
src/Render/prefetchlistlist.cpp	Render	presentation	graphics,resources,picking	920c0fa550bcbcc97392f2b048e32f80d3a846e4
src/Render/prefetchlistnew.cpp	Render	presentation	graphics,resources,picking	54b7eeb6bc7530bd4fc074e4a9aeeb64b96d7fb4
src/Render/prefetchlistpool.cpp	Render	presentation	graphics,resources,picking	fd3779bc0e34b1d201dae8a58f47d95d54483223
src/Render/prefetchsetkey.cpp	Render	presentation	graphics,resources,picking	afaf82d4aa8c7b485a342cbd590db3f8aaf237ca
src/Render/prefetchunlink.cpp	Render	presentation	graphics,resources,picking	82d0dedd942739126b1fc05248bd03f86cc6db0a
src/Render/prefetchwait.cpp	Render	presentation	graphics,resources,picking	87724b0fe8b2146c91bb0aea7a136a7542bbdd24
src/Render/renderdevice.h	Render	presentation	graphics,resources,picking	b7964b3fa4ef3454eee06297832a1bea1591a53e
src/Render/renderdevicecaps.cpp	Render	presentation	graphics,resources,picking	7222939f41bfdc0655bb845cc35565b1f88aeda8
src/Render/renderdevicematrix.cpp	Render	presentation	graphics,resources,picking	389c21c8082607ad2255bcac6ecd77754c4a0edc
src/Render/renderdeviceshutdown.cpp	Render	presentation	graphics,resources,picking	33ba35e3163df42ea799b2eab23950efa5df7de9
src/Render/renderdeviceslot18_1c_20_dc.cpp	Render	presentation	graphics,resources,picking	23ad20638afff56eaf86938300b08b19b3208c34
src/Render/renderdeviceslot24thunk.cpp	Render	presentation	graphics,resources,picking	e2e7c96d025fc6293274f1046dab207a48fa422e
src/Render/renderdeviceslot3c44.cpp	Render	presentation	graphics,resources,picking	57e88edf0a377240bf2c68bfbb373508cc6f6773
src/Render/renderdeviceslot8c.cpp	Render	presentation	graphics,resources,picking	a6ec5fed79e381b6480ec3843b8890c912c332fc
src/Render/renderdevicesubmit.cpp	Render	presentation	graphics,resources,picking	1bd71c29f809e9b56a9de2b35e51bb756f741f02
src/Render/renderdeviceswitch.cpp	Render	presentation	graphics,resources,picking	43ba2e1a9ae7342bcad70595b34d8c3ed12ea161
src/Render/renderdeviceviewport.cpp	Render	presentation	graphics,resources,picking	aa0a81015020e7ed6a18f3e9125a77c40772eeb0
src/Render/renderthunks.cpp	Render	presentation	graphics,resources,picking	f25728df8d6ebaf77c9d41cd35c57f45c19e497d
src/Render/renderthunks.h	Render	presentation	graphics,resources,picking	19676ecedc100b3190ec436931426608b4563ffc
src/Render/ribbonsettexture.cpp	Render	presentation	graphics,resources,picking	0b62b5e9bfa87874088c1875f92294682b0c67f8
src/Render/solidtextureadd.cpp	Render	presentation	graphics,resources,picking	54ebcaf0949a35e9012ae6d6d8f6804298514545
src/Render/solidtexturearray.cpp	Render	presentation	graphics,resources,picking	6a62d1ca204ca43a43328a2265db6d0c668441e7
src/Render/solidtexturefind.cpp	Render	presentation	graphics,resources,picking	540306ae31da2d998d76b74e3ec3d6e460c555cc
src/Render/solidtexturehash.cpp	Render	presentation	graphics,resources,picking	328b312763340b13a686e30970c314785f4ef3a3
src/Render/solidtexturelist.cpp	Render	presentation	graphics,resources,picking	d604c5f38e7bd5799c679f5fd4ce6879b062f51b
src/Render/solidtexturemake.cpp	Render	presentation	graphics,resources,picking	5580f88a8abf11503520a4f99618460d374b1acc
src/Render/spriteattach.h	Render	presentation	graphics,resources,picking	88a28ac9e5c007229f4d62454cfbddebf3945c8c
src/Render/spriteintersect.cpp	Render	presentation	graphics,resources,picking	e1d5e63e045483db58c243e923c6fdbcf6814633
src/Render/spritemodelpick.cpp	Render	presentation	graphics,resources,picking	23b211b9c4ccee854150b22d654363f756f13ee0
src/Render/spritesetchannelcolor.cpp	Render	presentation	graphics,resources,picking	cc0fc65980dc32a9a76dc4f3ca2101b5465c6137
src/Render/spritesettexture.cpp	Render	presentation	graphics,resources,picking	9cf8681a8c3435f99d3d57fe2781d2103f869f65
src/Render/statusclear.cpp	Render	presentation	graphics,resources,picking	4927e02a9a9d2aa4160cb1d44912610d8c38eb81
src/Render/statuscopytext.cpp	Render	presentation	graphics,resources,picking	4c23543727474bcf15b9fcb83cf4db5ff033565b
src/Render/statusdtor.cpp	Render	presentation	graphics,resources,picking	ce6bfd4b7d6c496f4efcebb3f98c9d9192ebdd78
src/Render/statusdtoralias.cpp	Render	presentation	graphics,resources,picking	a4ab223528204ff5e785fa9d026d76f294dcfe44
src/Render/statusfreeall.cpp	Render	presentation	graphics,resources,picking	5a70a76dc275443cd95946411d253fb38027eeb3
src/Render/statusisempty.cpp	Render	presentation	graphics,resources,picking	cdb612f7cdf5f1d6a153c7f9eec3dbb346d8b6d1
src/Render/statusmeasuretext.cpp	Render	presentation	graphics,resources,picking	c07b2d880e723fe76d0b3b95c7364772e76b95b3
src/Render/statustosysmessage.cpp	Render	presentation	graphics,resources,picking	d953e69ef9c968f84ccf7b67cf5c5ab08e730f24
src/Render/stormsingletonpick.cpp	Render	presentation	graphics,resources,picking	e56f14324a4b24314f421af784e18fd7f8e02142
src/Render/texlayeralloc.cpp	Render	presentation	graphics,resources,picking	75e68e8bd0434af51296aad5cc681357676d94bc
src/Render/texlayerassign.cpp	Render	presentation	graphics,resources,picking	1607accc3262442d570dcb9008edd079d5af55e4
src/Render/texlayercopy.cpp	Render	presentation	graphics,resources,picking	73338d417c944031f4a14681580bcb2c38f440b8
src/Render/text.h	Render	presentation	graphics,resources,picking	88bc955b6ea0bb8ac4ae05ad2307fba5b77fb9fc
src/Render/textblockbuild.cpp	Render	presentation	graphics,resources,picking	b663a4e75ca4736e0b71565e512fdd28e6e75b07
src/Render/textblocktint.cpp	Render	presentation	graphics,resources,picking	22ea270dfdc30a741f20c8939444cf2e0b3fdccf
src/Render/textflags.cpp	Render	presentation	graphics,resources,picking	9de99ac239ccd46a25de45ef9df966f4ab956850
src/Render/texture.h	Render	presentation	graphics,resources,picking	da6f7b2e996094d582814b05055fc3c3b58a7e81
src/Render/texturecacheadd.cpp	Render	presentation	graphics,resources,picking	058b8983c0d085ce3053b5d909f50064c49a175e
src/Render/texturecachefind.cpp	Render	presentation	graphics,resources,picking	7a7db698c5a75ae3dc4a5226a3cf4929982a1b4c
src/Render/textureerror.cpp	Render	presentation	graphics,resources,picking	f4d904bebeac24b5a8904b2961a3c86b6173424c
src/Render/textureextension.cpp	Render	presentation	graphics,resources,picking	93c6b3af84cdc88209624260c76556bf25f826b3
src/Render/textureglobals.cpp	Render	presentation	graphics,resources,picking	e7b63d90a5755aa26668d19152226e17d64bd03d
src/Render/texturehash.cpp	Render	presentation	graphics,resources,picking	da21aa1b2f464c1670813450fc04362cf2735298
src/Render/texturehasharray.cpp	Render	presentation	graphics,resources,picking	f8eeef5d79c5009db9489a5efd6949de2d1f55f0
src/Render/texturehashlist.cpp	Render	presentation	graphics,resources,picking	207fb86fdbbd1ccf32a647a05f6428239a5c419a
src/Render/textureimagector.cpp	Render	presentation	graphics,resources,picking	70d86fa4082a0193f097c34ba13e8c2309738812
src/Render/texturekeycompare.cpp	Render	presentation	graphics,resources,picking	40d562cf45f30c7bbeb0c00f0aa03c65b11c3db4
src/Render/textureload.cpp	Render	presentation	graphics,resources,picking	8efc0be309f9a59de2747e40f9ab2c530491a61e
src/Render/textureshrink.cpp	Render	presentation	graphics,resources,picking	575a4de89ae8141579cb11649cae09369231f4d3
src/Render/tgatexturecreate.cpp	Render	presentation	graphics,resources,picking	07ae583830712dd96c67c77ee4128a470b711033
src/Render/transformsphere.cpp	Render	presentation	graphics,resources,picking	8f0cb8e804ae310da6c13bcb1d1a0eb02030c9b6
src/Render/uncachablearray.cpp	Render	presentation	graphics,resources,picking	7e611ca06ba249fdeee9876c0c85142224f05c1f
src/Render/uncachablehash.cpp	Render	presentation	graphics,resources,picking	581d0899ba7914a12731a500e3475918f7cfcb7a
src/Render/uncachablelist.cpp	Render	presentation	graphics,resources,picking	980cf2dee53d058cc611d5e1e59cc670369e38f9
src/Render/viewportrect.cpp	Render	presentation	graphics,resources,picking	77db97b2faf8cf7beae7c23f46a96325984171c8
src/Render/viewprojectionmatrix.cpp	Render	presentation	graphics,resources,picking	9f7894c7dca9e192ae96e247db80830792c50eb4
src/Render/vtableslot0chelper.cpp	Render	presentation	graphics,resources,picking	7450ca7917cc4238c7dd5d96ad40224ca5aa9b86
src/Replay/replaystatenames.cpp	Replay	network	replay-diagnostics	9fc4baffa3a239f6a09cc1ae5be7f99626c30442
src/Replay/replaystatestrings.cpp	Replay	network	replay-diagnostics	24f98110a1a789d3cffd04f3ca28591807684c06
src/Storm/gridcellscalar.cpp	Storm	resources	shared-runtime,attachments	41f3f71c5a3ab5248171e75873c918e98e122a2f
src/Storm/scratchringfill.cpp	Storm	resources	shared-runtime,attachments	ed357d5c5c583368cf2b0d0f816e0065663c1137
src/Storm/storm.h	Storm	resources	shared-runtime,attachments	f9441fff0683b74e1f7d0535c34e687cb860a96e
src/Storm/stormattachmentgates.cpp	Storm	resources	shared-runtime,attachments	7457d5e6d132b8dedd18826db0f8d0c4ea8ce58a
src/Storm/stormattachments.cpp	Storm	resources	shared-runtime,attachments	0b3ab3cecdbb601258e4f0aa920df4d56fb324fb
src/Storm/stormattachmentslotrelease.cpp	Storm	resources	shared-runtime,attachments	33dc0f2d1f3186c187bf6c59a644fd1d486fdb3e
src/Storm/stormcellscalar.cpp	Storm	resources	shared-runtime,attachments	775f54e6f85f409b0f7b9bb89bd9a5f9f175300e
src/Storm/stormgroundheight.cpp	Storm	resources	shared-runtime,attachments	09cea837e52c9dc4cc081a65cf1d82d0f302c06c
src/Storm/stormnotifysingleton.cpp	Storm	resources	shared-runtime,attachments	47a1135b306aefa771c0bbdc92d7300e0da5285f
src/Storm/stormnotifysingleton.h	Storm	resources	shared-runtime,attachments	abcefe226160f3625756214258d6a44e7992c089
src/Storm/stormobstructionpick.cpp	Storm	resources	shared-runtime,attachments	7661bae56c63de62b7af0ce09fe8c217eabf35d7
src/Storm/stormobstructionquery.cpp	Storm	resources	shared-runtime,attachments	ea4aba5fa198ac449387f37c4c7c859c71497dbb
src/Storm/stormsingleton_attach.cpp	Storm	resources	shared-runtime,attachments	a4dc721ea5d225d47d8886fe0b12c85b8645dccb
src/Storm/stormsingleton_terrain.cpp	Storm	resources	shared-runtime,attachments	7770f5c247ddfdd47c5fbcadbcda5f05867601cd
src/Storm/stormsingleton_terrainredirect.cpp	Storm	resources	shared-runtime,attachments	03eeb7806b76eafaefa03c5a42f2bd9d0b189648
src/Storm/stormsingletona.h	Storm	resources	shared-runtime,attachments	d18e0c761eccfcbab41c6bcfaf365459a9f16fa7
src/Storm/stormsingletonacapacity.cpp	Storm	resources	shared-runtime,attachments	c21471ca2cb43ea0e1a23ad100f87ec900a74a47
src/Storm/stormsingletonagridrecords.cpp	Storm	resources	shared-runtime,attachments	3b21b04ec3f5800c152738c169f9a6f7a21bb192
src/Storm/stormsingletonapreferencesinks.cpp	Storm	resources	shared-runtime,attachments	d8ae46d12af880d9295127be5b30c4ba43362f65
src/Storm/stormsingletonaquery.cpp	Storm	resources	shared-runtime,attachments	e27bcfe136f535f5e96b23c86e0525197b58aed2
src/Storm/stormsingletonawavefront.cpp	Storm	resources	shared-runtime,attachments	b8719b6dd8a6810992e2e7568eb176d35b6b609c
src/Storm/stormsingletonb.h	Storm	resources	shared-runtime,attachments	16c8fd0beb0613ec2b3dd2d7d1ee89a3a7e19be8
src/Storm/stormsingletonexpandtint.cpp	Storm	resources	shared-runtime,attachments	f8c4078c821a57493edb0090b517374d60ddd348
src/Storm/stormsingletonstoretint.cpp	Storm	resources	shared-runtime,attachments	bc53b4fb7d4e0b8f547c39a1913baa4990d3f891
src/Storm/stormtickcount.cpp	Storm	resources	shared-runtime,attachments	37b868482c8462f6f81bf14ab53146ecdc80c068
src/Storm/textsink.cpp	Storm	resources	shared-runtime,attachments	f5338d38f37c8e833f736b2ae3dde3eee8ec0445
src/Storm/textsink.h	Storm	resources	shared-runtime,attachments	6960ec09472b755cca35016ce24d8d03d80e0c4e
src/Storm/textsinklog.cpp	Storm	resources	shared-runtime,attachments	521939cad878794e2e10a0f2400baf51df65dd28
src/Storm/textsinkscratch.cpp	Storm	resources	shared-runtime,attachments	87644e891671ed4b2fff812bbc13bc7a79dd4d49
src/Storm/tokenizer.h	Storm	resources	shared-runtime,attachments	0b778ac5e7185284d11dae9e58a58c93d75094ff
src/Storm/tokenizercreate.cpp	Storm	resources	shared-runtime,attachments	24acc4fb5ff21ef3e11f5b45d4407b3ee5f3abc7
src/Storm/tokenizerctor.cpp	Storm	resources	shared-runtime,attachments	992973ba2d448edf59f1c7a2453b447c869b00ac
src/Storm/tslinkpairrelease.cpp	Storm	resources	shared-runtime,attachments	c8f86ebd09119169819b07bf94ab07ce78ca7f94
src/Sync/CSyncChannel.cpp	Sync	simulation	time,checksum,rng,threads	1ccbf39228e5358379a76070f8deab273a322cee
src/Sync/CTimeSync.cpp	Sync	simulation	time,checksum,rng,threads	5f46b1f0f5b938f907f6aef982a5ad08d6974636
src/Sync/conditionvariable.h	Sync	simulation	time,checksum,rng,threads	3d9be48f2680bb36d4c17e741b41996d41191325
src/Sync/critsec.cpp	Sync	simulation	time,checksum,rng,threads	776a19170f885c57e26ace44c12b115a6901f47c
src/Sync/ctimesyncfield838.cpp	Sync	simulation	time,checksum,rng,threads	53e33f6a9420a4597e3824d8d89fae253a2c13d0
src/Sync/ctimesyncfield858.cpp	Sync	simulation	time,checksum,rng,threads	3e58b4887090f5cef41ae3443454ccc5f7921f76
src/Sync/ctimesynchashinto.cpp	Sync	simulation	time,checksum,rng,threads	408d0a713fe4b3f7b3656fbb193d72c792bbb86b
src/Sync/deadlocklog_flush.cpp	Sync	simulation	time,checksum,rng,threads	f4f7c63b44d9e3a2a3f90930dae2c4fd7231b7c4
src/Sync/debuglock.cpp	Sync	simulation	time,checksum,rng,threads	2c22eec926a668ff782cbbb06802d3126acc5124
src/Sync/event.cpp	Sync	simulation	time,checksum,rng,threads	9246e00ed31f5717c8f0b8f6fde001f672120181
src/Sync/event.h	Sync	simulation	time,checksum,rng,threads	ba53fa83727e58e9d4a98791802505dd11e39ba6
src/Sync/eventcloseforward.cpp	Sync	simulation	time,checksum,rng,threads	2b8a623ef6d942abd935c8f9aa1fa29d50fbca49
src/Sync/eventcloseforward2.cpp	Sync	simulation	time,checksum,rng,threads	8c0077a5268e11768e0d732bd83c09e3dd972694
src/Sync/eventmemberforwards.cpp	Sync	simulation	time,checksum,rng,threads	d7b85e751591d7e39640156d174aaae13fb54317
src/Sync/eventzero.cpp	Sync	simulation	time,checksum,rng,threads	d5d39765ac9b291503b16d4f10876d563f1a74b1
src/Sync/evtcontext_engine_thunks.cpp	Sync	simulation	time,checksum,rng,threads	1e15f2535fd21a45d4759fb716533730869157a3
src/Sync/evtsched.h	Sync	simulation	time,checksum,rng,threads	7893859963456a1d6dd8c2b2eae66b5c8a660218
src/Sync/evtschedcontextlogdispatch.cpp	Sync	simulation	time,checksum,rng,threads	6a93c3e7261dba1ddbb8264891882201bd3f4bae
src/Sync/evtschedcontextthunks.cpp	Sync	simulation	time,checksum,rng,threads	58ae4cfea272d878bd3a2fc7e7924d6d6ae6c47e
src/Sync/evtschedshutdown.cpp	Sync	simulation	time,checksum,rng,threads	b642a17372ee3248201d252d5447951e556aad6c
src/Sync/evtworkerthreadmain.cpp	Sync	simulation	time,checksum,rng,threads	807f7b8fd7a67af91719ec33dccf09ec195c8d0f
src/Sync/gamemaincputickspersecond.cpp	Sync	simulation	time,checksum,rng,threads	8f95257f2949dfd6f5e6b88461c8df61e8a1edbb
src/Sync/getprocessorcount.cpp	Sync	simulation	time,checksum,rng,threads	77900925db6b6e1af31105c15a67fc6235661060
src/Sync/jjeventclose.cpp	Sync	simulation	time,checksum,rng,threads	06e90a03a9b08f2995b2d641d2740725114cc01e
src/Sync/launchworkerthread.cpp	Sync	simulation	time,checksum,rng,threads	fae25b51a6fe0bb5754fb029005195c419059d3f
src/Sync/ostimethreadinit.cpp	Sync	simulation	time,checksum,rng,threads	1700715e38a407eabc454b048bbabeae7e273f8b
src/Sync/randdata.cpp	Sync	simulation	time,checksum,rng,threads	1a67446b266eed0755857815f11aeab89dba70bd
src/Sync/randdata.h	Sync	simulation	time,checksum,rng,threads	79a21d4dd65830997ed6eae941e60ba4a3860262
src/Sync/scheduler.cpp	Sync	simulation	time,checksum,rng,threads	650687de006820ac87bad0134799386dc976fbef
src/Sync/scheduler.h	Sync	simulation	time,checksum,rng,threads	8cba9438b6416496eb0fa1104aefcde657e271cd
src/Sync/scheduler_drain.cpp	Sync	simulation	time,checksum,rng,threads	62fc79f18b0c19229efe6a62aa760fae4a7e6e14
src/Sync/syncchannelregister.cpp	Sync	simulation	time,checksum,rng,threads	39afdf75dd53710a5e53a82e98c9741ab404e73f
src/Sync/syncchannelrequest.cpp	Sync	simulation	time,checksum,rng,threads	bca6c96e4c03e6aa2de074121649e90d1fc339b8
src/Sync/syncrequest.h	Sync	simulation	time,checksum,rng,threads	1a522ea95d073b3f8c35945bff14759df94197a0
src/Sync/syncrequestfill.cpp	Sync	simulation	time,checksum,rng,threads	85146947b91c21efd9e697b877c524745a819b78
src/Sync/syncrequestgrow.cpp	Sync	simulation	time,checksum,rng,threads	46ef007805594a82682deb6169b6e427b3fe3dd9
src/Sync/syncrequestpush.cpp	Sync	simulation	time,checksum,rng,threads	5955289c7fce2f3cfb4726803c1d9c6d01b752eb
src/Sync/threadpausewait.cpp	Sync	simulation	time,checksum,rng,threads	70e6d1c30a298c3043b39fba5fc116cd50b5a1d2
src/Sync/threadpriority.cpp	Sync	simulation	time,checksum,rng,threads	03ee45833d9cdc34acb4f2bbe705814bc62e2389
src/Sync/threadstarttrampoline.cpp	Sync	simulation	time,checksum,rng,threads	c38d5f7b5a3681138d96d9601eaa1be0833ad527
src/Sync/threadwaitpool.cpp	Sync	simulation	time,checksum,rng,threads	4c7c776b35aa9a9667b6182413c016aafe17e434
src/Sync/timerfrequencycalibrate.cpp	Sync	simulation	time,checksum,rng,threads	3c78d9468a00d424241fda247b94e9258b68dd6f
src/Sync/timesyncbounds.cpp	Sync	simulation	time,checksum,rng,threads	8673d360734d0c25f1de466be24cbfdac92ab87b
src/Sync/timesyncbounds.h	Sync	simulation	time,checksum,rng,threads	f47578d3ecb075cb12387fdddca78d91f17f0cc1
src/Sync/timesyncphysics.cpp	Sync	simulation	time,checksum,rng,threads	4898184cae4018c1b6b9ce75b0ead9d7ff83c425
src/Sync/timesyncpinfloatbox.cpp	Sync	simulation	time,checksum,rng,threads	859bd704de959c5b034c86e7c5b7b4224719796c
src/Sync/timesyncpinregistration.cpp	Sync	simulation	time,checksum,rng,threads	fccd19833dae44286d6fea6d2df1ea818d01e982
src/Sync/tls.cpp	Sync	simulation	time,checksum,rng,threads	c4b07ea299237806a230b48b981f3c5c2ba65d4b
src/Sync/tlsfree.cpp	Sync	simulation	time,checksum,rng,threads	8ef33688e391c33e90bcf33fea385e56df190dde
src/Sync/tlsindexinit.cpp	Sync	simulation	time,checksum,rng,threads	669069834e508f7711922b4122e587a212611b3e
src/Sync/tlsindexrelease.cpp	Sync	simulation	time,checksum,rng,threads	1ebb3178a54c092a17da94f42166a3bd92113b11
src/Sync/tlsslot.cpp	Sync	simulation	time,checksum,rng,threads	5d8d43c87122acafac594fa56b3c302867e985ff
src/Sync/waitforevents.cpp	Sync	simulation	time,checksum,rng,threads	ac6fdf598428b01d3073f317e4618214df0a4bd1
src/Sync/waithandlesignal.cpp	Sync	simulation	time,checksum,rng,threads	7a85ee67633b086124084a4d1083d17d032b571b
src/Sync/waithandlesignal.h	Sync	simulation	time,checksum,rng,threads	b36e81b59efb164258cce1d9e61a12b7a0d0b17d
src/Task/ctaskactiongeneratorsingleton.cpp	Task	simulation	tasks,scheduling	dbab53ccb261b8d6731d7dcc0ce7730875d3a553
src/Task/ctaskactioninstancegenerator.h	Task	simulation	tasks,scheduling	0e138fc9f3b5205fb81af0f4a66c6db17db0f2b8
src/Task/ctaskgeneratorsingleton.cpp	Task	simulation	tasks,scheduling	bc6252d61a86a14f1b7118548e05a78fc39c874b
src/Task/ctaskghostgeneratorsingleton.cpp	Task	simulation	tasks,scheduling	158dacf70300273b8423889ae8054af8d4f82500
src/Task/ctaskghostinstancegenerator.h	Task	simulation	tasks,scheduling	d74aecdb598c75956e449144220aea56fde1290e
src/Task/ctaskinstancegenerator.h	Task	simulation	tasks,scheduling	4daa655d81a02288e8798014d73ef274775da4fa
src/Task/ctaskorderparamgeneratorsingleton.cpp	Task	simulation	tasks,scheduling	ba1d3d3e89301cf1b82c2052ec435cb54e0b5c5a
src/Task/ctaskorderparaminstancegenerator.h	Task	simulation	tasks,scheduling	5fad689faf15e5ed2de559d264e59e8fe8ad2019
src/Task/ctaskparamgeneratorsingleton.cpp	Task	simulation	tasks,scheduling	a51a82ff3a1035ff7e98060d57c367dff417150b
src/Task/ctaskparaminstancegenerator.h	Task	simulation	tasks,scheduling	57177fe786c1b2d167d7606475ca0d831b5db8c9
src/Task/ctaskpoint2generatorsingleton.cpp	Task	simulation	tasks,scheduling	883abc3c7df429e3e15582c53d6483c8166ec94c
src/Task/ctaskpoint2instancegenerator.h	Task	simulation	tasks,scheduling	50b67cc79414b90499decff3bd153fac0b784c4d
src/Task/ctaskpointandtarget.h	Task	simulation	tasks,scheduling	ecb05f6c1adb92c42acccf3660910627e1724462
src/Task/ctaskpointandtargetgeneratorsingleton.cpp	Task	simulation	tasks,scheduling	8d77f5bfaa2f9055cc2a440aec54831bd3f66a7f
src/Task/ctaskpointandtargetinstancegenerator.h	Task	simulation	tasks,scheduling	348f2dc6ed10e8a6c8ffa77db27195ba906a1a52
src/Task/ctaskpointgeneratorsingleton.cpp	Task	simulation	tasks,scheduling	3eb8af8fbea9020c1bd9a32939fc67b6a3bef1fd
src/Task/ctaskpointinstancegenerator.h	Task	simulation	tasks,scheduling	c4fc71cb182b34e6626ea6fc912e1b4075459951
src/Task/ctaskrotategeneratorsingleton.cpp	Task	simulation	tasks,scheduling	740e6caa262c1ffa3b342410e322047052171444
src/Task/ctaskrotateinstancegenerator.h	Task	simulation	tasks,scheduling	486c80d997de920e0f8fece9c33e2debd7fbe30f
src/Task/ctasktarget2generatorsingleton.cpp	Task	simulation	tasks,scheduling	c9c7a01ef581d557c8b610cc2f408c6154f18fd3
src/Task/ctasktarget2instancegenerator.h	Task	simulation	tasks,scheduling	a8f8ad031272ed9524ed341dc7e6158c4aeb824c
src/Task/ctasktargetgeneratorsingleton.cpp	Task	simulation	tasks,scheduling	d797a82f297107b3aa9c14fb4d6b3a11fe3e8d59
src/Task/ctasktargetinstancegenerator.h	Task	simulation	tasks,scheduling	473d58bf8329e3877b854adc361713efc6c42fdc
src/Task/task.h	Task	simulation	tasks,scheduling	f474afdc30b1f07a6a651e9587e7ec0509bb49d5
src/Task/task_identity.cpp	Task	simulation	tasks,scheduling	e61096d1a3891fc4d0a26f0b0e39598a47ff1df6
src/Task/task_save.cpp	Task	simulation	tasks,scheduling	c08b87bfd12d43bedc86f387b6b4ef202c5e995f
src/Task/taskaction.h	Task	simulation	tasks,scheduling	1e2813e0a0a7965ccfb01e5ed8a895d01faaac82
src/Task/taskaction_identity.cpp	Task	simulation	tasks,scheduling	77157bc10a5d76b884ee82393b777d0f7222c9cd
src/Task/taskactioninstancegenerator.cpp	Task	simulation	tasks,scheduling	7add63d0b3f03ff474025cde06fc81c1b4129635
src/Task/taskghost.h	Task	simulation	tasks,scheduling	e7aab857ecf99afb7e6af3577f18c78980bdd512
src/Task/taskghost_identity.cpp	Task	simulation	tasks,scheduling	c285593c49a33c70a980c47d42939a53cd3b22a0
src/Task/taskghost_save.cpp	Task	simulation	tasks,scheduling	848b21b6dafe99d3472c66770a842b5508379ff3
src/Task/taskghostinstancegenerator.cpp	Task	simulation	tasks,scheduling	6d2ba462a29ddeecf8170c9d58e5f861f6ead87c
src/Task/taskinstancegenerator.cpp	Task	simulation	tasks,scheduling	1bba8467a8c02fefe301a0550cfaccb9f6f2f7f1
src/Task/taskorderparam.h	Task	simulation	tasks,scheduling	9032e4b20122c6520a681f29c0dc0e3ce737c0a2
src/Task/taskorderparam_identity.cpp	Task	simulation	tasks,scheduling	509973944cab1d0fdf9626792e610bc4d1d7469f
src/Task/taskorderparaminstancegenerator.cpp	Task	simulation	tasks,scheduling	0c14b9fc770eab1ee22fc168615d9251d7304338
src/Task/taskparam.h	Task	simulation	tasks,scheduling	3edb0549d3d35a8fe151596761493d756885290f
src/Task/taskparam_identity.cpp	Task	simulation	tasks,scheduling	a51aa4d64ddfb444397a0fd0588429daf2b53eee
src/Task/taskparam_save.cpp	Task	simulation	tasks,scheduling	fdcd704d7e860ceb454fed405d796a5a98d4895b
src/Task/taskparaminstancegenerator.cpp	Task	simulation	tasks,scheduling	803529923fdf04d33d5bdeaeed7faac3d31699b5
src/Task/taskpoint.h	Task	simulation	tasks,scheduling	e13c429cb5f17fbbfc48c378b13ff03ac7dfcea4
src/Task/taskpoint2.h	Task	simulation	tasks,scheduling	5450d769d185ad233f5ae47647c303de43d456ae
src/Task/taskpoint2_deleteself.cpp	Task	simulation	tasks,scheduling	e1a74918aebbd70d965e883819b989e575b4ba5a
src/Task/taskpoint2_identity.cpp	Task	simulation	tasks,scheduling	905ad008d7900806538d288b394509373113aec2
src/Task/taskpoint2_save.cpp	Task	simulation	tasks,scheduling	a179805cc7ab40bcc23c58594889dd2319e331d6
src/Task/taskpoint2instancegenerator.cpp	Task	simulation	tasks,scheduling	57675a41e69e4785b264dea909a36c5b133983be
src/Task/taskpoint_deleteself.cpp	Task	simulation	tasks,scheduling	a9e99033022b1340d6039c7198de5f741ae37ce0
src/Task/taskpoint_identity.cpp	Task	simulation	tasks,scheduling	165eb04cd4849a8f585b586fe84d39fbed23dc3d
src/Task/taskpoint_point.cpp	Task	simulation	tasks,scheduling	8f711b1219ce20d56e31aea05c9fb1a2af92dae1
src/Task/taskpoint_save.cpp	Task	simulation	tasks,scheduling	d0a9b5a6b61eaaf2c458a9802f3f950dd06ae371
src/Task/taskpointandtarget_deleteself.cpp	Task	simulation	tasks,scheduling	74e5c0ae3742be294041c0a5fce71a7db3e90a43
src/Task/taskpointandtarget_identity.cpp	Task	simulation	tasks,scheduling	d4fac7b737bbaf1604bca47153c9e642221b5db8
src/Task/taskpointandtarget_point.cpp	Task	simulation	tasks,scheduling	b52a8ca4bb123295575270bae5396521b5bdfe9e
src/Task/taskpointandtarget_save.cpp	Task	simulation	tasks,scheduling	ca96a98cd4221e9ca8f811488187e696b28fba75
src/Task/taskpointandtargetinstancegenerator.cpp	Task	simulation	tasks,scheduling	23d6bbab12ee2b119d5eaf34613478b75f41cd85
src/Task/taskpointinstancegenerator.cpp	Task	simulation	tasks,scheduling	52b31beb386bf4860f03656795ff23cefae2b5fb
src/Task/taskrotate.h	Task	simulation	tasks,scheduling	b479421851b4d3c092626788f7195704d91f01ae
src/Task/taskrotate_identity.cpp	Task	simulation	tasks,scheduling	0ea9e74be7521b3a5ed5b51a23e1d1c10ca5d840
src/Task/taskrotate_save.cpp	Task	simulation	tasks,scheduling	5974e6b8de78a65a7c8c793bf214745026d99c17
src/Task/taskrotateinstancegenerator.cpp	Task	simulation	tasks,scheduling	c338fed8ae904fb26647e789cec619583d21fa92
src/Task/tasktarget.h	Task	simulation	tasks,scheduling	d9d4dd517bd8ba63847499edc8d4c2c5577ca8af
src/Task/tasktarget2.h	Task	simulation	tasks,scheduling	3fc0baeb1e635c5be0261a54660558bfce3479cd
src/Task/tasktarget2_dtor.cpp	Task	simulation	tasks,scheduling	96c3c0ab91541cc53e687673e7a97925de9443cb
src/Task/tasktarget2_identity.cpp	Task	simulation	tasks,scheduling	1d077771c227252d1b23cc847e86a68996d5303a
src/Task/tasktarget2_save.cpp	Task	simulation	tasks,scheduling	5a1e06ed5bfa6185a93208dba53493884013b0d9
src/Task/tasktarget2instancegenerator.cpp	Task	simulation	tasks,scheduling	545ea5fbf15df589614886fa553a1c5e1c9498ba
src/Task/tasktarget_dtor.cpp	Task	simulation	tasks,scheduling	d0bb4e7d34ea33045a09cac15f1838110331e81e
src/Task/tasktarget_identity.cpp	Task	simulation	tasks,scheduling	cb06445cf9677017dfc98e141e8cf5e97c185d9c
src/Task/tasktarget_save.cpp	Task	simulation	tasks,scheduling	ed580c696656a9bb9f2c1a0616afb2026cca204f
src/Task/tasktarget_target.cpp	Task	simulation	tasks,scheduling	9fff6d32b14f7c849cd2975520dd8d663c9abd08
src/Task/tasktargetinstancegenerator.cpp	Task	simulation	tasks,scheduling	a67a0e280cabb7dc8d3619c514ee578de67bcf63
src/Unit/abilityhostrecord.h	Unit	simulation	units,visibility,selection,movement	39bb7f541123f565c90971b059ade1fc731a0692
src/Unit/abilityhostrecord_addnearest1b8.cpp	Unit	simulation	units,visibility,selection,movement	e1b897b7e7eee3ebb9f70d6ccd275a4286f23364
src/Unit/abilityhostrecord_addnearestorfallback1b8.cpp	Unit	simulation	units,visibility,selection,movement	efe82c6471db846c38d58997f5e342ed4bbf3fe7
src/Unit/abilityhostrecord_addunique1b8.cpp	Unit	simulation	units,visibility,selection,movement	592e128bd5af159b90e223b801b160818adbd46e
src/Unit/abilityhostrecord_findnearestslot.cpp	Unit	simulation	units,visibility,selection,movement	5e319677ba4df191f2e1da8d3f041124eadb17e5
src/Unit/abilityhostrecord_flagbit20.cpp	Unit	simulation	units,visibility,selection,movement	2468aac4fb393499fb047b886b3d59c5cec12549
src/Unit/abilityhostrecord_grantabilitybyslot.cpp	Unit	simulation	units,visibility,selection,movement	3c9b462abd8e95a710676710ce515940c9fe1c3b
src/Unit/abilityhostrecord_handlerefs.cpp	Unit	simulation	units,visibility,selection,movement	35b87720c60cfb965a5700298efb9a55b7ce4a38
src/Unit/abilityhostrecord_notify2d30f0.cpp	Unit	simulation	units,visibility,selection,movement	470fea0fadd4e69539a730af70a34d00cc5f8d3a
src/Unit/abilityhostrecord_notifyobservers.cpp	Unit	simulation	units,visibility,selection,movement	880ec702a3455a6a5f5ae3f1d47b165a4f02fc0d
src/Unit/abilityhostrecord_positionnotify.cpp	Unit	simulation	units,visibility,selection,movement	6becca134689f37a54ca1f35d9e47b221022fc3b
src/Unit/abilityhostrecord_submitorderownerchain.cpp	Unit	simulation	units,visibility,selection,movement	e41129b247e712ad2e0c9dab0cc57f087c352582
src/Unit/abilityownernotifygameui.cpp	Unit	simulation	units,visibility,selection,movement	7076fec2f3579b7a95d83bd44a6e61cbee889066
src/Unit/acquiredestructabledatabase.cpp	Unit	simulation	units,visibility,selection,movement	590403ca0f57ace52d218338d4afe536cc3b90f0
src/Unit/checkedslot_6f2d04d0.h	Unit	simulation	units,visibility,selection,movement	9ea06f5e98851c34f9dd8083c1d0eb589044f76a
src/Unit/creepcampfind.cpp	Unit	simulation	units,visibility,selection,movement	2527c3db6259b79a0ff792ca056a737b8f1e3dc1
src/Unit/creepcampregistry.cpp	Unit	simulation	units,visibility,selection,movement	381bfa24caa7b8ce14f2452068a446ea00db2e28
src/Unit/creepspot.cpp	Unit	simulation	units,visibility,selection,movement	43e6b4176532214306c9c0d89331c5b4e53b9dc1
src/Unit/cunit_agent1_abilitylimitcheck.cpp	Unit	simulation	units,visibility,selection,movement	2f71626d59364e8789cef553d42b4be922e21454
src/Unit/cunit_agent1_applyabilityeffect.cpp	Unit	simulation	units,visibility,selection,movement	3edf0493bb66a51d53fea5d71cabe5f345fc3829
src/Unit/cunit_agent1_flagbump.cpp	Unit	simulation	units,visibility,selection,movement	0761fb1b89b7590057e97c1ada075aae04fdec6e
src/Unit/cunit_agent1_unittype190deltapublish.cpp	Unit	simulation	units,visibility,selection,movement	2e397746ae98b251cea48cc5b6ae23db4f2750b2
src/Unit/cunit_agent1_unittypefield190.cpp	Unit	simulation	units,visibility,selection,movement	60bf42153cea4f0e4bf5875ed49469a3eee8e1dc
src/Unit/cunit_agent1_unittypefield190_probe.cpp	Unit	simulation	units,visibility,selection,movement	85d46ba194911822d56f3126776a983125d54d5b
src/Unit/cunit_agent1_unittypefield230.cpp	Unit	simulation	units,visibility,selection,movement	a971942ba8aa71bf0816804f5f507423460b3795
src/Unit/cunit_agent1_widgetagentchain.cpp	Unit	simulation	units,visibility,selection,movement	63d2381da26d13ac43ab301205a7848b773c161a
src/Unit/cunit_agent3_mana_stampfield.cpp	Unit	simulation	units,visibility,selection,movement	1f86b719bc1dc9e8648b3ca807e42d6c0be6110d
src/Unit/cunit_drainabilitygrants.cpp	Unit	simulation	units,visibility,selection,movement	1e178ce2654f5776a787aab02ae9f939193dcd0e
src/Unit/cunit_sehfamily_closure_thunks.cpp	Unit	simulation	units,visibility,selection,movement	43970149db56af1ab732a7c97604d879e57ee364
src/Unit/cunitclosure_batch14_thunks.cpp	Unit	simulation	units,visibility,selection,movement	37fd8178a6bb0e3759b1907137dacda792976fe7
src/Unit/destructable.h	Unit	simulation	units,visibility,selection,movement	2a99ed95795080e135771ae7d79e79e24ad915b8
src/Unit/destructable_deleteself.cpp	Unit	simulation	units,visibility,selection,movement	ed4bd46639e2789fe76dc131a494ba2e10ca870d
src/Unit/destructable_life.cpp	Unit	simulation	units,visibility,selection,movement	f854991f9563cd29368d47a653ddb0c9099f17cb
src/Unit/destructable_offset.cpp	Unit	simulation	units,visibility,selection,movement	789e30ff48cb93262a75290b5b103272623f4af2
src/Unit/destructable_ownercolor.cpp	Unit	simulation	units,visibility,selection,movement	6d31f0a28e836c7451b4da6b5c0381a1d3ca7c8f
src/Unit/destructable_save.cpp	Unit	simulation	units,visibility,selection,movement	1e5fedf66b6a2407f77ca1600a2fa39afcf2ff77
src/Unit/destructable_terraintint.cpp	Unit	simulation	units,visibility,selection,movement	9f669e5acdb287965bdf63095a17b08593163efd
src/Unit/destructable_versiongate.cpp	Unit	simulation	units,visibility,selection,movement	10950a9f676f64db0a6041973d438fba155e9052
src/Unit/destructable_vtable_slots.cpp	Unit	simulation	units,visibility,selection,movement	b2ef3a941a7fa0ddec22cf6f6ba78e135577062e
src/Unit/destructabledatabase.h	Unit	simulation	units,visibility,selection,movement	c81ad43a1329f78881a62a436612022674c5c1b4
src/Unit/destructabledatabase_ctor.cpp	Unit	simulation	units,visibility,selection,movement	8e08d12d7c8fcd7df26ad6d38869e036cc71e566
src/Unit/destructabledatabase_destructor.cpp	Unit	simulation	units,visibility,selection,movement	2379e9e944542ec27ba4ef5f51cc1b4366635c90
src/Unit/destructabledatabase_setrecordset.cpp	Unit	simulation	units,visibility,selection,movement	a1d3883acca2486396bd5d614df9ef4f84db2e73
src/Unit/destructabledatafieldpool_thunk.cpp	Unit	simulation	units,visibility,selection,movement	3df144d5707b48fc198ba02cda13ef3e0d3835ff
src/Unit/destructabletype_lookup68.cpp	Unit	simulation	units,visibility,selection,movement	3f94e6dc88e81e8f0157b1e0f627c46d650c1660
src/Unit/destructabletype_lookupa0.cpp	Unit	simulation	units,visibility,selection,movement	61e7f661fc40a73ae6a21ad49af9a278d00f2b80
src/Unit/destructabletype_table.cpp	Unit	simulation	units,visibility,selection,movement	292919d811112dc93fccf9c28b77fa113edd0858
src/Unit/destructabletypedata.cpp	Unit	simulation	units,visibility,selection,movement	823ea61d6d0d21ca7cb51a7af9a264740d4c253b
src/Unit/destructabletypedata.h	Unit	simulation	units,visibility,selection,movement	9f058bb2e3a580195a168d1041016a89846ad6c0
src/Unit/destructabletypehandlefield.cpp	Unit	simulation	units,visibility,selection,movement	1b1b7a946b427d2ce84eb80dda6978bc66c2810d
src/Unit/findorcreateindexedrecord.cpp	Unit	simulation	units,visibility,selection,movement	2d0881e4122a6f39acada217d91882e64e799f72
src/Unit/floatboundarylistener.cpp	Unit	simulation	units,visibility,selection,movement	b980aeab7211226256dab77c1475ff8b7194daed
src/Unit/floatlistener.h	Unit	simulation	units,visibility,selection,movement	7d6b9269b5ddd6a749a2b3144f97f6e66cf5ca2e
src/Unit/floatlistenerbind.cpp	Unit	simulation	units,visibility,selection,movement	cc0bd6e8da3c5d19c76f91a1c5b8df91f345c9f2
src/Unit/floatlistenerboundary.cpp	Unit	simulation	units,visibility,selection,movement	54665113aad503bce93dd3e2b674b42dca1c9d8b
src/Unit/floatlistenerinit.cpp	Unit	simulation	units,visibility,selection,movement	98e0d8151438ae267ca29a23350caa9dbdca3cfe
src/Unit/floatlistenerrefread.cpp	Unit	simulation	units,visibility,selection,movement	672183926b5540236895894e91cc2d1acea242c7
src/Unit/floatpropmodifier.h	Unit	simulation	units,visibility,selection,movement	e3b987f21d2fc8c3fc6c2ebc4bae36451aeae68c
src/Unit/floatpropmodifierbind.cpp	Unit	simulation	units,visibility,selection,movement	c34e69dab7f5a0897663a6e0f2b5f67aeca7efe7
src/Unit/floatpropmodifierinit.cpp	Unit	simulation	units,visibility,selection,movement	5af7a03f32ec251c9c706041cb6e212311246095
src/Unit/floatpropmodifiermake.cpp	Unit	simulation	units,visibility,selection,movement	db1c864601d768a9dbe77988985398d4f7254acf
src/Unit/floatpropmodifierrefread.cpp	Unit	simulation	units,visibility,selection,movement	993fcffcc8acffab3a9a5d5bf0f52eb4bac3e99f
src/Unit/floatpropmodifierspan.cpp	Unit	simulation	units,visibility,selection,movement	b5012cff3741de03ae54e1134e7b802b48ba77c7
src/Unit/floatpropmodifiertarget.cpp	Unit	simulation	units,visibility,selection,movement	f067e7672b0046ae0dd81dac8273b7e61fa2e6cb
src/Unit/handleobjectrange.cpp	Unit	simulation	units,visibility,selection,movement	f5caefa0d1acca9d4fb42653a09bf357d0cb63fa
src/Unit/handleobjectrange.h	Unit	simulation	units,visibility,selection,movement	e6a662c3b1c8ddd4bde3a0ac507af8442af29388
src/Unit/indexedrecordarray.cpp	Unit	simulation	units,visibility,selection,movement	f875c528252f6d9c3e8d7b4f0159b343a7cb9086
src/Unit/indexedrecordarray.h	Unit	simulation	units,visibility,selection,movement	9acf6c414703558aeef99d315274e954d23b67cd
src/Unit/jassissuetargetorderbyid_thunks.cpp	Unit	simulation	units,visibility,selection,movement	aaa7474e1ea88394d74d2e15207ee45d1eb6f7d2
src/Unit/preselectarray.cpp	Unit	simulation	units,visibility,selection,movement	666be74b2e1286b702a5b80eb9b809de294df5a9
src/Unit/rangeaddvalue.cpp	Unit	simulation	units,visibility,selection,movement	e3a4677120108da73b0a65f67721e669f25cfe67
src/Unit/rangeadjustrate.cpp	Unit	simulation	units,visibility,selection,movement	f27aed04c49676c9d82a67a82c3db288f4478d59
src/Unit/rangeannouncerate.cpp	Unit	simulation	units,visibility,selection,movement	999a53bb0e72286f8537d7034b9b750878326614
src/Unit/rangenotifychanged.cpp	Unit	simulation	units,visibility,selection,movement	f04d1d7c549e3713f5d91417fb5dc10b229aa94c
src/Unit/rangeprepareupdate.cpp	Unit	simulation	units,visibility,selection,movement	fdc443cc630048665d5c64f7f40ef0962251a5b1
src/Unit/unit.h	Unit	simulation	units,visibility,selection,movement	cbe83f6990034a3a1c0aacdc265a2ae6f44efeea
src/Unit/unit_abilitybyfootprinttype.cpp	Unit	simulation	units,visibility,selection,movement	ca61c335dbc506ae0d3d45b924eba24c1bac3e60
src/Unit/unit_abilitybyfootprinttypethunks.cpp	Unit	simulation	units,visibility,selection,movement	16eb1d662107a3704f1e55716859d3be5e5e727d
src/Unit/unit_abilitychainlistentoggle.cpp	Unit	simulation	units,visibility,selection,movement	9ec999402b8baa9de432bf94771b997121550e5f
src/Unit/unit_abilitygrantflag.cpp	Unit	simulation	units,visibility,selection,movement	82e26accfd108eb4660c27e64556acfe019eaac3
src/Unit/unit_abilitygrantflagnotify.cpp	Unit	simulation	units,visibility,selection,movement	506b86c11080e7859aa1a992960da2196aebbd41
src/Unit/unit_abilityhostdrain.cpp	Unit	simulation	units,visibility,selection,movement	df6ca0e78a62e3a8a449a88bcc0247ce301a7c83
src/Unit/unit_abilityhostnotify.cpp	Unit	simulation	units,visibility,selection,movement	7d3a5848a199faaa865dc5f86ad2527214251ea9
src/Unit/unit_abilityoverridefloat.cpp	Unit	simulation	units,visibility,selection,movement	6d58fa11dcd1a20b82428641730d1f050a8dbc3e
src/Unit/unit_abilityshortcuts.cpp	Unit	simulation	units,visibility,selection,movement	f1a359ef21373ed8fa74fb6f28f27797ce57f97c
src/Unit/unit_activitytimestamps.cpp	Unit	simulation	units,visibility,selection,movement	338c9fb48211d22bd96d1024e6a4f53c04f8ebdb
src/Unit/unit_addabilityworkbuffer.cpp	Unit	simulation	units,visibility,selection,movement	aa11a759be9773690325ff9450285f6ba5c6b099
src/Unit/unit_applymovementclassificationparams.cpp	Unit	simulation	units,visibility,selection,movement	669cab140cc85893d82190f3c855074668f059cf
src/Unit/unit_armordamagemultiplier.cpp	Unit	simulation	units,visibility,selection,movement	88e580fe72266b71b603edcc52eeeb7cb14a60d9
src/Unit/unit_armortype.cpp	Unit	simulation	units,visibility,selection,movement	b895838a3aa88f79a5f2c58adb79c802a1081d99
src/Unit/unit_armpropertyramp.cpp	Unit	simulation	units,visibility,selection,movement	06bdcb076fcebae3b6033e0b3cc8d2e81c195351
src/Unit/unit_assignref304.cpp	Unit	simulation	units,visibility,selection,movement	8a90910acde812c7a1510b5f0e84a2c8d925242e
src/Unit/unit_attachment274visibility.cpp	Unit	simulation	units,visibility,selection,movement	89a6fdebff4b7e1885a5ced8c257a8a953984a22
src/Unit/unit_attachmentplacement.cpp	Unit	simulation	units,visibility,selection,movement	bda4c043c7af37bad379117409d7298d8c0abdae
src/Unit/unit_attachments.cpp	Unit	simulation	units,visibility,selection,movement	b5b2f4871261a581a50adcf63214e2bc731be051
src/Unit/unit_attachmentscale.cpp	Unit	simulation	units,visibility,selection,movement	f7364c4dee98628c8f1f92ab6378c46e50a0b616
src/Unit/unit_blockedclosureleaves.cpp	Unit	simulation	units,visibility,selection,movement	d851de0911bb2e832624244566099881c224a1cc
src/Unit/unit_boundvalue.cpp	Unit	simulation	units,visibility,selection,movement	dd0fb798104b758a6441e287c7f7229955f8df47
src/Unit/unit_boundvalue2.cpp	Unit	simulation	units,visibility,selection,movement	286dfa2264eb151ecadc413689d7cd02168f43ca
src/Unit/unit_callforhelprange.cpp	Unit	simulation	units,visibility,selection,movement	11ee57406172aadd98d63edf693b9a07233291bb
src/Unit/unit_canceleventgroup.cpp	Unit	simulation	units,visibility,selection,movement	b1b6bdc25910697d62313e5b9fff854f017eaa97
src/Unit/unit_chainhandlewalk.cpp	Unit	simulation	units,visibility,selection,movement	2aa005dbd6dd0909ff4988c7f26b7ad775237670
src/Unit/unit_checkedslot6f2d04d0_ctor.cpp	Unit	simulation	units,visibility,selection,movement	8faf96c87a0b0e24b855ac0753c1536ea2d4402b
src/Unit/unit_clearmotionrefongate.cpp	Unit	simulation	units,visibility,selection,movement	2675c1fa38135731633f4ad6181695feb8b58e66
src/Unit/unit_clearmotionstate.cpp	Unit	simulation	units,visibility,selection,movement	747be4a483497d19a91e58195357b9883992f521
src/Unit/unit_clearordertargetflag.cpp	Unit	simulation	units,visibility,selection,movement	5c49934acc5e51c638e40c40d7c8f4ae56e861de
src/Unit/unit_clearpendingnotify.cpp	Unit	simulation	units,visibility,selection,movement	b3c68b771216a2b86d082273b9f866b3d20031af
src/Unit/unit_colornibbles.cpp	Unit	simulation	units,visibility,selection,movement	60f6ba57a9dba1f7d57cde7198be9141afed9b71
src/Unit/unit_creationgates.cpp	Unit	simulation	units,visibility,selection,movement	3cbd3dbb0976c7db109e724fda3d572e2a7179af
src/Unit/unit_ctor.cpp	Unit	simulation	units,visibility,selection,movement	b60ddf6c9755a4cf9ce49eff09d6b5b451869b50
src/Unit/unit_ctorfootprintinit.cpp	Unit	simulation	units,visibility,selection,movement	e807feec6d9a4946a7e14a94010df8664d7ac470
src/Unit/unit_ctornotifyfields.cpp	Unit	simulation	units,visibility,selection,movement	652e17ad063e703ebf734950856f7d76d526716c
src/Unit/unit_damagebonustable.cpp	Unit	simulation	units,visibility,selection,movement	23ad1b406ab1d8d94d041824c35ac6b0e8ee4646
src/Unit/unit_damagetypechecks.cpp	Unit	simulation	units,visibility,selection,movement	feb38ef208034e48e102ae8788d0f692f840f639
src/Unit/unit_deactivate.cpp	Unit	simulation	units,visibility,selection,movement	b1e8f5d3998155f125fa17a820fea66fdb9a9eca
src/Unit/unit_destructable_typeid.cpp	Unit	simulation	units,visibility,selection,movement	0119a58ab168c09e38fe15d92ece8814a5375ddf
src/Unit/unit_dispatch.cpp	Unit	simulation	units,visibility,selection,movement	cfb06296d3d361883ed9739020206538b9b6fe5d
src/Unit/unit_dispatch314.cpp	Unit	simulation	units,visibility,selection,movement	b203cb509f9379cdf1f8c262ebe1b452b0a3b3e3
src/Unit/unit_dtor.cpp	Unit	simulation	units,visibility,selection,movement	cab3fbe83690b962f8c2e6229741606aa341b7e5
src/Unit/unit_dtorbody.cpp	Unit	simulation	units,visibility,selection,movement	42aa95cad9d44437204f5fdc13a665f2127521ad
src/Unit/unit_dumpstate.cpp	Unit	simulation	units,visibility,selection,movement	cf98adfcc55fa1ee0f0c5ecc4f582f347048f388
src/Unit/unit_field2d8set.cpp	Unit	simulation	units,visibility,selection,movement	d07c5ac88cd3ba0fc2d6d8ed4d722ce572687aaa
src/Unit/unit_fieldgroups.cpp	Unit	simulation	units,visibility,selection,movement	8e2ec5f659e8427559eb9637561fa0e739d48008
src/Unit/unit_findability.cpp	Unit	simulation	units,visibility,selection,movement	d739cdeeaf743378f82b246fa49f966a9a06e006
src/Unit/unit_findaddablecandidate.cpp	Unit	simulation	units,visibility,selection,movement	3bc6e63a58721e3d63ef59a3018c6fc8331c09c0
src/Unit/unit_fixedconstgetter_4161746B.cpp	Unit	simulation	units,visibility,selection,movement	bd7fbf7ac6b1024279eaa4ffeef9eacdcc571b02
src/Unit/unit_fixedconstgetter_41726F6F.cpp	Unit	simulation	units,visibility,selection,movement	8c82bb58e668dff2c83164a7d479f07b2a743b67
src/Unit/unit_fixedtypeidgetter.cpp	Unit	simulation	units,visibility,selection,movement	d5daf6c1350af1c8fdad0e612488e48b91f9e431
src/Unit/unit_flagbit2.cpp	Unit	simulation	units,visibility,selection,movement	d02733f3714161ed2e62499a4b4e462fc87be6e6
src/Unit/unit_flagbit8.cpp	Unit	simulation	units,visibility,selection,movement	78b870cf53a8ea1504eccd3880ef7c3d30dc2122
src/Unit/unit_flagbit8_sibling.cpp	Unit	simulation	units,visibility,selection,movement	c6eb43a3ffb3cbc9dcdbe446ccbe060de28a94ed
src/Unit/unit_flagbit8thunks.cpp	Unit	simulation	units,visibility,selection,movement	24f825ddbfa637876553d2d219c0646cc1f1d2bb
src/Unit/unit_flagbits.cpp	Unit	simulation	units,visibility,selection,movement	939750577fbc3af64764eaf2934694110b599dd6
src/Unit/unit_footprintscale.cpp	Unit	simulation	units,visibility,selection,movement	81ea39639c8216a706faf4e23bf10703ce3f9b41
src/Unit/unit_footprintscaleoverride.cpp	Unit	simulation	units,visibility,selection,movement	7ab88c9e073eb2adbfd196777575938a82738c19
src/Unit/unit_footprinttint.cpp	Unit	simulation	units,visibility,selection,movement	cc5de8cd0800a2deccc8862c286e9d255601491d
src/Unit/unit_footprinttypeorflagbit30.cpp	Unit	simulation	units,visibility,selection,movement	de903de0305da4609d3950496f4d3237ea0c4df3
src/Unit/unit_getability_agent7_batch.cpp	Unit	simulation	units,visibility,selection,movement	eba8c03fa0bcf1f6220f817c74b2e0b340548e78
src/Unit/unit_getability_batch_slot107.cpp	Unit	simulation	units,visibility,selection,movement	eef55caf0183458c0b2cb9f3f8017618b121f4bd
src/Unit/unit_getposition.cpp	Unit	simulation	units,visibility,selection,movement	d1a77028cc38d11a0f0af997426362330312933f
src/Unit/unit_hasaddablecandidatevisibleto.cpp	Unit	simulation	units,visibility,selection,movement	faa8a1819c5e4951c47dbd0b1baecf80b22fe52d
src/Unit/unit_haschanneled.cpp	Unit	simulation	units,visibility,selection,movement	a435a43e7d50f24b12773cddc1dc3dd568921bbe
src/Unit/unit_heroexperience.cpp	Unit	simulation	units,visibility,selection,movement	1ea29778e35f7881651bddb1a2bdd619304344e2
src/Unit/unit_herolevel.cpp	Unit	simulation	units,visibility,selection,movement	6a7a77eecbdf5e443d8f7c57987ffbdeab180430
src/Unit/unit_herothunks.cpp	Unit	simulation	units,visibility,selection,movement	e629466cc4e339caf0675d500ce22e37fb80096f
src/Unit/unit_herovaluebase.cpp	Unit	simulation	units,visibility,selection,movement	a87ae2d80f01cfe1825bb9278b95d0d216701c51
src/Unit/unit_herovalueterms.cpp	Unit	simulation	units,visibility,selection,movement	a5ac9c24660201401c7dab4d623ef69f6691186e
src/Unit/unit_hostiletoownerof.cpp	Unit	simulation	units,visibility,selection,movement	2e8d3e515ebb1bd5b4ec30bdd6deacbe9713f88c
src/Unit/unit_installabilitybyfootprintkind.cpp	Unit	simulation	units,visibility,selection,movement	efd5d1fdaee8ebe4bcadfc02a3a1e6652c2f19c0
src/Unit/unit_inventoryflag20.cpp	Unit	simulation	units,visibility,selection,movement	5caf276d85f36ea35e0c995fdc21dd7a4584df49
src/Unit/unit_inventorysize.cpp	Unit	simulation	units,visibility,selection,movement	635f6e0fe89d26836cdee8a3c555fa4dcaf960d3
src/Unit/unit_inventoryvalidcount.cpp	Unit	simulation	units,visibility,selection,movement	1abd8a9d0c014bfe3545d6a2dfb17e262f53f4b0
src/Unit/unit_issueorder0xd0006.cpp	Unit	simulation	units,visibility,selection,movement	54b2ebf295030a4f01ddd7fb37ffa7dc678ca9cf
src/Unit/unit_life.cpp	Unit	simulation	units,visibility,selection,movement	55b4684df8bd6310e44a294c5417303b5733492c
src/Unit/unit_load.cpp	Unit	simulation	units,visibility,selection,movement	8801a34ea88e8f6506eb1589c3525f13704bf5a7
src/Unit/unit_maxlevel.cpp	Unit	simulation	units,visibility,selection,movement	dd1c29acc7cd0c0a04ddaa72149897de6e7dad69
src/Unit/unit_moveforward.cpp	Unit	simulation	units,visibility,selection,movement	358b2f7e315916f70223d5f5dd420f8484c45c9c
src/Unit/unit_movementflags.cpp	Unit	simulation	units,visibility,selection,movement	5e4d3677fded8045cc7cf8e67877987960fd9578
src/Unit/unit_movementthunks.cpp	Unit	simulation	units,visibility,selection,movement	670854b1678c5d28eab3fdd913cb843335f1c522
src/Unit/unit_msgevent_26f970.cpp	Unit	simulation	units,visibility,selection,movement	8112fc92a5ff5a38295a54b01115ca1650e9810a
src/Unit/unit_notifyabilitieschain.cpp	Unit	simulation	units,visibility,selection,movement	6674454537ac9dd0e58aaef11040869dc9b9a1a0
src/Unit/unit_notifyabilitymanagerandgameui.cpp	Unit	simulation	units,visibility,selection,movement	439dfdc83e786ebd1f88fc168af6de277d059ba0
src/Unit/unit_notifymodelchanged.cpp	Unit	simulation	units,visibility,selection,movement	a7a7b466907b8c6d6660a106a3e9cb8095096007
src/Unit/unit_notifyref304.cpp	Unit	simulation	units,visibility,selection,movement	4eae88d99f6c49fce0a8f2c20cf98ff2dd9d7694
src/Unit/unit_onselectionbitcleared.cpp	Unit	simulation	units,visibility,selection,movement	1689043fb7800f53a4b3f33f1ab8d907046b8e87
src/Unit/unit_optionalpusd.cpp	Unit	simulation	units,visibility,selection,movement	7f4a1d493eb05aa2aae6615195292cf22f8a546b
src/Unit/unit_ownershiphighlight.cpp	Unit	simulation	units,visibility,selection,movement	71f307d499d4cc76a2c7765546ef7f34f50225a1
src/Unit/unit_ownerworldmask.cpp	Unit	simulation	units,visibility,selection,movement	06a50f8b6ba75e324da19d769e2d3ae40f836fbe
src/Unit/unit_placement.cpp	Unit	simulation	units,visibility,selection,movement	32aae473b551d42968ab5c36b2ab9034f88fa51c
src/Unit/unit_playanim.cpp	Unit	simulation	units,visibility,selection,movement	e71a69e076bf341a10d29e3df8ea222db616e10b
src/Unit/unit_playermasksearch.cpp	Unit	simulation	units,visibility,selection,movement	3e6df9f8652f6a09801092cbc2b8ce9d67a0df62
src/Unit/unit_playertable.cpp	Unit	simulation	units,visibility,selection,movement	aeb132d8df91a6dc596f58e4301249886b45f769
src/Unit/unit_populatefield2d8fromanimprops.cpp	Unit	simulation	units,visibility,selection,movement	20c5e6ab46ce7d22d74f19d1410025bb54bbfb75
src/Unit/unit_postselectionmodify.cpp	Unit	simulation	units,visibility,selection,movement	7f7dd95b19898ce65c2ae7446e2506c50f5b6d09
src/Unit/unit_publishposition.cpp	Unit	simulation	units,visibility,selection,movement	73ace5293e59fea9fc484edba528fa28b83cb632
src/Unit/unit_querydetection.cpp	Unit	simulation	units,visibility,selection,movement	cb872c3ad825b4cfbcba79fb548884358455e195
src/Unit/unit_queryvision.cpp	Unit	simulation	units,visibility,selection,movement	43bd48977575042e6d40295f9c271a4357b7d9d7
src/Unit/unit_refreshspritevisibility.cpp	Unit	simulation	units,visibility,selection,movement	fcbf3a9084c34baf4705c7599c8c2f3063f0e930
src/Unit/unit_reposition.cpp	Unit	simulation	units,visibility,selection,movement	727fd12619a2431fae7ce437c02b505f0b33a181
src/Unit/unit_republishpanmodifier.cpp	Unit	simulation	units,visibility,selection,movement	0c684bb244758f8049bac8914672365e2ab82536
src/Unit/unit_resolveref304.cpp	Unit	simulation	units,visibility,selection,movement	7369f4ea4da0c05b0f915d750357a44feaafa02a
src/Unit/unit_resolveref304field30.cpp	Unit	simulation	units,visibility,selection,movement	ac53478d484f43b11d3401b772309d13eeda573d
src/Unit/unit_save.cpp	Unit	simulation	units,visibility,selection,movement	36dc180cbab9a8be6c20ff2eb905796db6ca1340
src/Unit/unit_scaledimensionpair.cpp	Unit	simulation	units,visibility,selection,movement	60fcc1271ef681a18634c943ea435b34390715fd
src/Unit/unit_selectionhighlight.cpp	Unit	simulation	units,visibility,selection,movement	9126ae32170549d7ffd16f628fe4f1d93fb8ba40
src/Unit/unit_selectionvisual_notify.cpp	Unit	simulation	units,visibility,selection,movement	12d997823058375dd31ac4514f7efd2ad1b4d67b
src/Unit/unit_setmodel.cpp	Unit	simulation	units,visibility,selection,movement	ccad0e10a450b004a4d33dc24a48249c05623916
src/Unit/unit_setvalue.cpp	Unit	simulation	units,visibility,selection,movement	e5b3ef97bbb657d21b35b2806379f78115ff8b63
src/Unit/unit_slot101resetstate.cpp	Unit	simulation	units,visibility,selection,movement	e4ba09eaf5a8bee9cf4401c97cdd748dc4e32220
src/Unit/unit_slot115closureleaves.cpp	Unit	simulation	units,visibility,selection,movement	8aedb52c2a0b4aa3e21740723cf9d1ade00219a0
src/Unit/unit_slotthunks.cpp	Unit	simulation	units,visibility,selection,movement	4d45a5c33d8060d02442bd0385154824d6b2e2ae
src/Unit/unit_spritepending.cpp	Unit	simulation	units,visibility,selection,movement	4e463e409e5b1d0001cc172d749ff698609d531c
src/Unit/unit_spritevisibility.cpp	Unit	simulation	units,visibility,selection,movement	7bbe1a408f816a685c5093e9666b886de3c8509e
src/Unit/unit_state.cpp	Unit	simulation	units,visibility,selection,movement	07ff3ddcadea12800298669fc2b677b6cecfcdaa
src/Unit/unit_storemessagefield0x34.cpp	Unit	simulation	units,visibility,selection,movement	f83b62868a4740f7b25de95b0388a75c42f2a138
src/Unit/unit_storm_wrappers.cpp	Unit	simulation	units,visibility,selection,movement	a05bbe14ea528960391f1b1da6c6413a94578da0
src/Unit/unit_subgrouprefreshgate.cpp	Unit	simulation	units,visibility,selection,movement	02281d355e7732b3053bbd64dae61c65227329e6
src/Unit/unit_subgrouprefreshnotify.cpp	Unit	simulation	units,visibility,selection,movement	e17f4d8d917b8e14aa9af744fcb52dc4cc43327c
src/Unit/unit_submitorder0xd0006.cpp	Unit	simulation	units,visibility,selection,movement	3574f2454da6bfb0e3459fccd5e6dea67b6d673e
src/Unit/unit_taskpop.cpp	Unit	simulation	units,visibility,selection,movement	8369c5b74205a268328fb8d81ed13d2755a45bf1
src/Unit/unit_terraintint.cpp	Unit	simulation	units,visibility,selection,movement	350520f96e014917e588884060b499b11080a8e6
src/Unit/unit_thunks.cpp	Unit	simulation	units,visibility,selection,movement	e4f21d6d4920402f518d4649803f4fdf73f4bf4e
src/Unit/unit_typeid.cpp	Unit	simulation	units,visibility,selection,movement	14285020fed93b173fe47bb66540d93fb40a7a5b
src/Unit/unit_typeinstancepopulate.cpp	Unit	simulation	units,visibility,selection,movement	b2cf36cb8f44e5355250bf4dfcdc6920b772689e
src/Unit/unit_valueaccumulate.cpp	Unit	simulation	units,visibility,selection,movement	f4b2a2bae548ac95204fb6007c0ebd51ca0e0b20
src/Unit/unit_vectortoangles.cpp	Unit	simulation	units,visibility,selection,movement	07090ac82833062eab7971e27e158a71ebc03767
src/Unit/unit_visibility.cpp	Unit	simulation	units,visibility,selection,movement	ee1af85d59271a10dd53dc766cf276f68b5c2963
src/Unit/unit_visibilitymask.cpp	Unit	simulation	units,visibility,selection,movement	cc9f43c9d7fcf146ad3cc007f0380a4c7e4f019e
src/Unit/unit_visibleflagchecks.cpp	Unit	simulation	units,visibility,selection,movement	6c29ea6df8a3ec654f283eca36bb2a7750874b71
src/Unit/unit_visibleflaggates.cpp	Unit	simulation	units,visibility,selection,movement	bc6255299f13a9a44eb98eae366ff03a556fcdcd
src/Unit/unit_widgetplacement.cpp	Unit	simulation	units,visibility,selection,movement	4bd93330537092c9cd9c54130896a87509cdffc8
src/Unit/unitcheckpointorder.cpp	Unit	simulation	units,visibility,selection,movement	2d72bc9c80051a9c45f2b25ef9b09612ce66ab33
src/Unit/unitchecktargetorder.cpp	Unit	simulation	units,visibility,selection,movement	4605adc9ac4852b724bcb6ba102cafca9388d311
src/Unit/unitclassmovementcode.cpp	Unit	simulation	units,visibility,selection,movement	c58ab2afd0d996057120b5d03bce3f5660b794cf
src/Unit/unitcreateparams.cpp	Unit	simulation	units,visibility,selection,movement	523079eb8e699e4bd63f9d9efbad973c670dba07
src/Unit/unitcreateparams.h	Unit	simulation	units,visibility,selection,movement	5e2f6f690593ca603f8130ded7d54087ab8f2a00
src/Unit/unitdatabase.h	Unit	simulation	units,visibility,selection,movement	51ff4eb039b79e4ee8765a63efe5afb020a89a76
src/Unit/unitdatabase_checksum.cpp	Unit	simulation	units,visibility,selection,movement	3b7eda13979c17f1b66169214bd3af97308b28f3
src/Unit/unitdatabase_destructor.cpp	Unit	simulation	units,visibility,selection,movement	cb16ba19170e90ca5a727a2771225931f3175ad9
src/Unit/unithandleref.h	Unit	simulation	units,visibility,selection,movement	289af7524c53190708703662f46894ccd9786bb1
src/Unit/unitmembership.h	Unit	simulation	units,visibility,selection,movement	806c36e235cf34b9350ed1745e09dbac940e2b08
src/Unit/unitmembershiplist.cpp	Unit	simulation	units,visibility,selection,movement	f293e80a64fbace2fe2214797910f15a42ec1f06
src/Unit/unitmembershipset.cpp	Unit	simulation	units,visibility,selection,movement	b2d2320da2218526eb1799f8f319cd6bb3d25ed9
src/Unit/unitorder.h	Unit	simulation	units,visibility,selection,movement	4d716de3daa54aaac23d68cd257d853e3988e737
src/Unit/unitorderactive.cpp	Unit	simulation	units,visibility,selection,movement	7b46a14aabe289189ec4057a74a00ca136ccacd5
src/Unit/unitorderappend.cpp	Unit	simulation	units,visibility,selection,movement	89e81e477345898ffcc7d8fd159f79dcb4224f38
src/Unit/unitordercancel.cpp	Unit	simulation	units,visibility,selection,movement	105db87e132ac9e4ed91e40a4efebf6fd0248b59
src/Unit/unitorderfinish.cpp	Unit	simulation	units,visibility,selection,movement	98f4c0a68bf6eb63bb701ab24d40828f4877cc4c
src/Unit/unitorderinit.cpp	Unit	simulation	units,visibility,selection,movement	60be4e0e8a0bb84206b8951e20653e4568bc83c9
src/Unit/unitordermake.cpp	Unit	simulation	units,visibility,selection,movement	2835f8ee3e188face637739e2c800b6179310e05
src/Unit/unitorderpaththunks.cpp	Unit	simulation	units,visibility,selection,movement	661e0021327f159e6003fe5b27f42795d16165d9
src/Unit/unitorderpointmake.cpp	Unit	simulation	units,visibility,selection,movement	c14f69c11f8487ada1443fd01ab3ddbb09f84825
src/Unit/unitorderprepare.cpp	Unit	simulation	units,visibility,selection,movement	b3f109ba47cd04be18d614b391793d0508ad7d5d
src/Unit/unitorderstart.cpp	Unit	simulation	units,visibility,selection,movement	69db8c5a164c5f4dc6942b0b3eef69dd3bd41a26
src/Unit/unitorderstopmovement.cpp	Unit	simulation	units,visibility,selection,movement	394c4af7a6efbdeb662ea7ccc61b735ce8e4ff65
src/Unit/unitordersubmit.cpp	Unit	simulation	units,visibility,selection,movement	366009bf128b62337c27111bd1a1ed82cd0c67d6
src/Unit/unitordertargetinit.cpp	Unit	simulation	units,visibility,selection,movement	ff029231f4d6f1ae8cdf10aa64667dd3c4b6bf00
src/Unit/unitordertargetmake.cpp	Unit	simulation	units,visibility,selection,movement	d8712e6f036c96790eb6cff0eeff1e5bc6cbb59a
src/Unit/unitordertargetnotify.cpp	Unit	simulation	units,visibility,selection,movement	1db454bf569e750fce7929f9cbc120030cc06869
src/Unit/unitownedref.h	Unit	simulation	units,visibility,selection,movement	694eac1adde3bf78936e5225217de0d7dee4ddfc
src/Unit/unitownedref_agent.cpp	Unit	simulation	units,visibility,selection,movement	31941dbabfde44b24987dccae4687095a65708c4
src/Unit/unitownedref_queue.cpp	Unit	simulation	units,visibility,selection,movement	5c3234d130e0f785bb4ea4b547b703e45ee5885e
src/Unit/unitrampflush.cpp	Unit	simulation	units,visibility,selection,movement	c878385f825f1dc105895c66023bc375235953a3
src/Unit/unitreflist.h	Unit	simulation	units,visibility,selection,movement	95ffc2c30ab2273a460d61943887c938474b1ecd
src/Unit/unitreflist_vtable.cpp	Unit	simulation	units,visibility,selection,movement	980c34a5e4f997a90e1076ed5ffd4ce6264dd61e
src/Unit/unitrelationplayermask.cpp	Unit	simulation	units,visibility,selection,movement	5fe6612dbd78db37752278dd6ffc6ca8e086e2c9
src/Unit/unitstoporder.cpp	Unit	simulation	units,visibility,selection,movement	2cf34e766cb11e99c04afa0454b616609c9952d3
src/Unit/unittaskactioninit.cpp	Unit	simulation	units,visibility,selection,movement	b827502ec4617de5476e788706a9d6a32ed15a45
src/Unit/unittrackedref.cpp	Unit	simulation	units,visibility,selection,movement	691ca95514a82f4bf630ebb3def80dc7b9a85a69
src/Unit/unittrackedref.h	Unit	simulation	units,visibility,selection,movement	1ea2c7e934bcaf449eef792a36e825821fb630e5
src/Unit/unittrackedref_setvalue.cpp	Unit	simulation	units,visibility,selection,movement	62853ebb579d8bdeef5181e3d4e95b06de91b07b
src/Unit/unittypecosts.cpp	Unit	simulation	units,visibility,selection,movement	b78d167cf02899630b69cc4aa5ede265cc0586cb
src/Unit/unittypequeries.cpp	Unit	simulation	units,visibility,selection,movement	5137b7e9f7008c0d72939e1cb23653f7736e83d2
src/Unit/unittypequeries.h	Unit	simulation	units,visibility,selection,movement	32b07a20935ebd14d75dd713064b1f4f5a76c9ce
src/Unit/unittyperecord_setrecordset.cpp	Unit	simulation	units,visibility,selection,movement	7b6dc7a1e674c4886f18fe85146a6f60168f0fed
src/Unit/unittypetable.cpp	Unit	simulation	units,visibility,selection,movement	7e00beef0ceed070dd5479c498faa1f6a3c76e05
src/Unit/unittypetable.h	Unit	simulation	units,visibility,selection,movement	ef42fcfa847110b3924f4ab0ebf539a54fb90c88
src/Unit/unitvalueblock.h	Unit	simulation	units,visibility,selection,movement	71fd0d564a19a2268f191653ded60e831edf5cb2
src/Unit/unitvalueblockinit.cpp	Unit	simulation	units,visibility,selection,movement	0be8d9d9b551fe6f6f536a1c3290f8664c341220
src/Unit/widgetagentquerypool_thunks.cpp	Unit	simulation	units,visibility,selection,movement	50272111af89ab6f4058ebe9ef801a0c2b6e9d97
src/Unit/widgetpathablerefread.cpp	Unit	simulation	units,visibility,selection,movement	cead1f14591ef89d9c6e9d841380d97e3df00cc0
src/Widget/animkeyarray.cpp	Widget	simulation	world-objects,visibility,fog,presentation	06db74f33445637518cd9b5b893bc9063a1e3fdf
src/Widget/animkeyarrayassign.cpp	Widget	simulation	world-objects,visibility,fog,presentation	e90d6d16117cbcb3184f6935eab968357474f39f
src/Widget/animkeyarrayheadersave.cpp	Widget	simulation	world-objects,visibility,fog,presentation	3018ce6d585eb9f9ceeabd3e83b4dd316f8d833d
src/Widget/animrecordarraysave.cpp	Widget	simulation	world-objects,visibility,fog,presentation	7bac8471fecf02db64e550d268a26cd9768acfe5
src/Widget/animrecordarraysetalloc.cpp	Widget	simulation	world-objects,visibility,fog,presentation	923ddf7f40818160d02c478c5ee1c70f8cd103f4
src/Widget/animsequence.h	Widget	simulation	world-objects,visibility,fog,presentation	508842a0f345401c66b4c1a8ff8960b496934a32
src/Widget/animsequenceappend.cpp	Widget	simulation	world-objects,visibility,fog,presentation	5150e2d539ad0ffa63fd06361ff4a04660f2a077
src/Widget/animsequencefilter.cpp	Widget	simulation	world-objects,visibility,fog,presentation	32d7c58a652e37fa0e293420df5f20640e46b9a8
src/Widget/animsequencescore.cpp	Widget	simulation	world-objects,visibility,fog,presentation	27fe67733986fa27f4a917fa67e9d0de06bffd41
src/Widget/animsequenceselect.cpp	Widget	simulation	world-objects,visibility,fog,presentation	3499faeaf5c7a9348f286f468090294fb92ef609
src/Widget/animtrackarray.cpp	Widget	simulation	world-objects,visibility,fog,presentation	7130b8575acac46396b8f5ae94899f3e1c224408
src/Widget/animtrackassign.cpp	Widget	simulation	world-objects,visibility,fog,presentation	92a39383eb81610f1c2c83d7bc57e38c099e14cc
src/Widget/animtrackrecordsave.cpp	Widget	simulation	world-objects,visibility,fog,presentation	0529d8a27dfb5f22cec0eb9fe0080f3864768d34
src/Widget/animtrackring.cpp	Widget	simulation	world-objects,visibility,fog,presentation	95290f4738ef2af2158443caf564582d2a186cf6
src/Widget/animtrackring.h	Widget	simulation	world-objects,visibility,fog,presentation	43b394409b1ca1a2c1d30796f818dc470e7cd387
src/Widget/animtrackringpush.cpp	Widget	simulation	world-objects,visibility,fog,presentation	ddd6ec652b31165b6067f01a934bb52be413c307
src/Widget/animtrackringsave.cpp	Widget	simulation	world-objects,visibility,fog,presentation	a5dc336e307b2006d75b0970480369c1c4eee407
src/Widget/attachmentcounters.cpp	Widget	simulation	world-objects,visibility,fog,presentation	522cc3f047511fa5d4134fc759d62d0fe5954fb2
src/Widget/attachmentnotifygameui.cpp	Widget	simulation	world-objects,visibility,fog,presentation	392d80ee211b9fc9b9ad173956066d84a7ea7a05
src/Widget/attachmentownerquery.cpp	Widget	simulation	world-objects,visibility,fog,presentation	77ee9c432be6ccec286d3c56f2fd16e4a40958ad
src/Widget/attachmentpositionrepublish.cpp	Widget	simulation	world-objects,visibility,fog,presentation	c4b2c49cb48cba1ce143a862ba2ec9c71a804032
src/Widget/attachmentsetvisible.cpp	Widget	simulation	world-objects,visibility,fog,presentation	e4dc74c116c7a79757e98311592deef47328417f
src/Widget/cdatamgrbasemanagedlist.cpp	Widget	simulation	world-objects,visibility,fog,presentation	fc1d051d314be65ae726d8a6de907f258d32c19b
src/Widget/cdatamgrpropertyarray.cpp	Widget	simulation	world-objects,visibility,fog,presentation	d0388eab232ced985639e27a56cf4ed776620274
src/Widget/cdatamgrpropertyregister.cpp	Widget	simulation	world-objects,visibility,fog,presentation	0d28ec4d20207691ff40f4ab6137fe19d7af0a6e
src/Widget/checkedwidgetslotarray.cpp	Widget	simulation	world-objects,visibility,fog,presentation	cc542696736b2dadb695b9d25f20e07f787acd80
src/Widget/cunit_agent3_islocallyowned.cpp	Widget	simulation	world-objects,visibility,fog,presentation	7a80768bc391e0e9dfc75d9c66e06ee862e23642
src/Widget/fogobjectcreate.cpp	Widget	simulation	world-objects,visibility,fog,presentation	c2d0d1444dc4b09d2ab81e2392755a048b52689e
src/Widget/fogstatetablewriter.cpp	Widget	simulation	world-objects,visibility,fog,presentation	6a65f3d6a90582776184e4ce3ae4ed2977f65845
src/Widget/ghostimageslotarraydtoralt.cpp	Widget	simulation	world-objects,visibility,fog,presentation	ba59b337114a42e71009f00ca3fb10910dae433c
src/Widget/interfaceclicksound.cpp	Widget	simulation	world-objects,visibility,fog,presentation	b623f3c81064b25a7eabb650958e66405bf5cf56
src/Widget/lightobjectcreate.cpp	Widget	simulation	world-objects,visibility,fog,presentation	55e68189e671756a965771a08b37b80b9dc5fd88
src/Widget/modelacquire.cpp	Widget	simulation	world-objects,visibility,fog,presentation	8002534a4ce92f829283b4661c88fdc6e2d1868f
src/Widget/modeldetail.cpp	Widget	simulation	world-objects,visibility,fog,presentation	1b07e80f181c788410dcab6ad57d92d4de18bc8e
src/Widget/modelhashtablec.cpp	Widget	simulation	world-objects,visibility,fog,presentation	e99c9cd8804b1f3749243b3ac6a8b8be72f1b288
src/Widget/modelhashtablecd_thunks.cpp	Widget	simulation	world-objects,visibility,fog,presentation	c4e925a6215ad3c2e8ce4bd7a70e91e589d19ace
src/Widget/modelinstance.cpp	Widget	simulation	world-objects,visibility,fog,presentation	5af61a7fe6d2e268398588800e16365ffaaab784
src/Widget/modelinstance_drawstate.cpp	Widget	simulation	world-objects,visibility,fog,presentation	7a88e99ea8c9f79246b515beea8ed373f05fa554
src/Widget/modelinstance_thunks.cpp	Widget	simulation	world-objects,visibility,fog,presentation	8b38a56f3b74056e9804b9d7775bead63120ea43
src/Widget/modelinstancenotify.cpp	Widget	simulation	world-objects,visibility,fog,presentation	85d50496b017e83345ccfef14015cd9160e66c20
src/Widget/modelinstancerelease.cpp	Widget	simulation	world-objects,visibility,fog,presentation	29f7750ef973e4f1224fcd628a927fbc073bd1b3
src/Widget/modelprobeelement.h	Widget	simulation	world-objects,visibility,fog,presentation	95b0cd7c96ab10ccaf8057a5e92f0f03bf685846
src/Widget/modelprobeelementa_applyflag.cpp	Widget	simulation	world-objects,visibility,fog,presentation	1a4070f1af21faa93db59ff49bf5d064fde06879
src/Widget/modelprobeelementb_applyflag.cpp	Widget	simulation	world-objects,visibility,fog,presentation	daef9d394906d307645fb7912b9a99673f9565d9
src/Widget/modelrecordregistry.cpp	Widget	simulation	world-objects,visibility,fog,presentation	998b63a8f7872e7f54588b593305931751723b6d
src/Widget/modeltokenfill.cpp	Widget	simulation	world-objects,visibility,fog,presentation	fa145379f8f05252f3366e81ccbb35dd870e6825
src/Widget/modeltokens.cpp	Widget	simulation	world-objects,visibility,fog,presentation	611938fca42696060b6b49bc857cd39095e02d87
src/Widget/modeltokens.h	Widget	simulation	world-objects,visibility,fog,presentation	03dfef4c0eb7d85efcc857f4111203c6570c3844
src/Widget/playercolor.cpp	Widget	simulation	world-objects,visibility,fog,presentation	2ba88e487c9d4bdf06b6430985db78f4ce7f9257
src/Widget/playercolor.h	Widget	simulation	world-objects,visibility,fog,presentation	f911655319ad11a9dc8a68d58ba47ef433b42a43
src/Widget/playertablefog.h	Widget	simulation	world-objects,visibility,fog,presentation	0eb161044f0a40b6cd122d48d44c3da38caf9520
src/Widget/playertablepointfog.cpp	Widget	simulation	world-objects,visibility,fog,presentation	03ce921f6ff8d587683d287fe18580c616d3e9d7
src/Widget/playertablepointvisible.cpp	Widget	simulation	world-objects,visibility,fog,presentation	3de5a34a1ddb379e94ee54f04f737a0cf69bcc88
src/Widget/playertablerebuildmasks.cpp	Widget	simulation	world-objects,visibility,fog,presentation	7394ec64f2562c03aa7f6b667abfac729b9445d3
src/Widget/playertablesubmit.cpp	Widget	simulation	world-objects,visibility,fog,presentation	3c0af6dc0f7eb4c988cea6cad8d8b5ba4bc0efda
src/Widget/playertablesubmitparts.cpp	Widget	simulation	world-objects,visibility,fog,presentation	13b17d4219d07258d331ecfa2232d954485e9125
src/Widget/playertablesubmitprepare.cpp	Widget	simulation	world-objects,visibility,fog,presentation	11b96c35b9673a5b7e84b6ae39bdb31b66dc6f3a
src/Widget/playertableunitfogrefresh.cpp	Widget	simulation	world-objects,visibility,fog,presentation	ca6b1d01ca93587fc29800d0800b4e37fccfbf95
src/Widget/position.h	Widget	simulation	world-objects,visibility,fog,presentation	1975e02514101c18f15174b18f4f7f4e5868bf3c
src/Widget/positionmodifier.h	Widget	simulation	world-objects,visibility,fog,presentation	9719096a59452dee075a30f8cafa2434c78a650f
src/Widget/positionmodifierbind.cpp	Widget	simulation	world-objects,visibility,fog,presentation	c8d7060f7c1ae8ade69717126e5801cae2416edf
src/Widget/positionmodifierinit.cpp	Widget	simulation	world-objects,visibility,fog,presentation	0d01efcb5d6ffd6c28ae233c3bdd5e549f7dfc4c
src/Widget/positionmodifiermake.cpp	Widget	simulation	world-objects,visibility,fog,presentation	70d89cec1847bcb0a9f5ee7f87606b01f40a47db
src/Widget/positionmodifiersetrate.cpp	Widget	simulation	world-objects,visibility,fog,presentation	7f3bd4b8c1d9b1ee380c88e739fdff85184ddfe4
src/Widget/positionmodifiersettarget.cpp	Widget	simulation	world-objects,visibility,fog,presentation	fd0c3cec31f6c92f1d49c72658bb8d099c726cdf
src/Widget/positionradiussink.cpp	Widget	simulation	world-objects,visibility,fog,presentation	f946349dfa2ed433a1f49c06a88868590e3d95c7
src/Widget/positionrangecheck.cpp	Widget	simulation	world-objects,visibility,fog,presentation	c6758bf321190015fc0fc71b6037709babde2b60
src/Widget/positionrecordarray.cpp	Widget	simulation	world-objects,visibility,fog,presentation	3b7deb0b13289735e262d6cb99c52fc2eb9d20d4
src/Widget/positionrecordarray.h	Widget	simulation	world-objects,visibility,fog,presentation	bcf015373200747478870409a53c2e7f56318468
src/Widget/positionrecordblock.h	Widget	simulation	world-objects,visibility,fog,presentation	971016deffaa81fa57279bbaade979075440d266
src/Widget/positionrecordsubmit.cpp	Widget	simulation	world-objects,visibility,fog,presentation	d63568c53f4fbb72745a3ba7b620187350deb86b
src/Widget/positionsetworld.cpp	Widget	simulation	world-objects,visibility,fog,presentation	b0d5de10d47850ca72b07f53a64d51a84f26432a
src/Widget/positionsinksettarget.cpp	Widget	simulation	world-objects,visibility,fog,presentation	aac19ef1fda71d251aca2a74e0b95645084eb511
src/Widget/publishwidgetposition.cpp	Widget	simulation	world-objects,visibility,fog,presentation	fd5fa2f31b64f800df18f3468b2ae500db5eeaf4
src/Widget/selectable.cpp	Widget	simulation	world-objects,visibility,fog,presentation	f1ad2077a625ae7240c5d268c60019a59dfcbcab
src/Widget/selectable.h	Widget	simulation	world-objects,visibility,fog,presentation	05187c8f4f5f423b70bcc33aa1961d58be12d3b8
src/Widget/selectable_attachcreate.cpp	Widget	simulation	world-objects,visibility,fog,presentation	5fb1aaa07680f272f45f5947f058f3d68c54f313
src/Widget/selectable_attachrefresh.cpp	Widget	simulation	world-objects,visibility,fog,presentation	fbab8ad37c824db7eee02372ce14e67975d54062
src/Widget/selectable_load.cpp	Widget	simulation	world-objects,visibility,fog,presentation	a986cdfe7291abc710fc43dffacd38c2e93602e3
src/Widget/selectable_save.cpp	Widget	simulation	world-objects,visibility,fog,presentation	2ee4459eec0a3542b818b0cf2ee432eb12d336a9
src/Widget/selectable_selectionvisual.cpp	Widget	simulation	world-objects,visibility,fog,presentation	a7bd06af8a83e2ea9a8a5b5c745663391c04b122
src/Widget/selectable_slot100.cpp	Widget	simulation	world-objects,visibility,fog,presentation	02621ebf67cb36d47525a152e8b1f309d4a3a341
src/Widget/selectable_vtable.cpp	Widget	simulation	world-objects,visibility,fog,presentation	200204d8a30191a2eb43b6a18d663748f1cac4fd
src/Widget/selectionclear.cpp	Widget	simulation	world-objects,visibility,fog,presentation	0d8271bd501a5dd35294d8624913cd1d1b8fc8c8
src/Widget/selectionholder.cpp	Widget	simulation	world-objects,visibility,fog,presentation	af407fe038c50043d75999a037789446639ccf5e
src/Widget/selectionoverlayrefresh.cpp	Widget	simulation	world-objects,visibility,fog,presentation	a554e3ad52f7825f7e151e8afeff7c0bdf49ca8e
src/Widget/selectionrecordlive.cpp	Widget	simulation	world-objects,visibility,fog,presentation	73a70914c984a55581f4933567450b6e643d722f
src/Widget/selectionvisualrelease.cpp	Widget	simulation	world-objects,visibility,fog,presentation	eae7600753f1eceb581a9dceefe3f4048d32f164
src/Widget/selectionvisualreleasesub.cpp	Widget	simulation	world-objects,visibility,fog,presentation	1cb5f311b1abaaefce5a930af3f2b75d1b9b2590
src/Widget/soundlabelpickvariant.cpp	Widget	simulation	world-objects,visibility,fog,presentation	25efc6f5c52d3c7c30766772a390113dde871fcd
src/Widget/soundplaytablething.cpp	Widget	simulation	world-objects,visibility,fog,presentation	37dbb8fb2726a605db9923bd14a8b8c0d51cf616
src/Widget/spranimlistacquire.cpp	Widget	simulation	world-objects,visibility,fog,presentation	23349fc7e258470fe1167ebc6ffe7e02cc9fe010
src/Widget/spranimlistrelease.cpp	Widget	simulation	world-objects,visibility,fog,presentation	3c90f73a84bf2f449edc2fab7bfb285fcd244421
src/Widget/sprite.h	Widget	simulation	world-objects,visibility,fog,presentation	e027c6ea75b2bde25d6c1120b44b841a29a2b7c0
src/Widget/spriteanimstop.cpp	Widget	simulation	world-objects,visibility,fog,presentation	217ff8a0f38a40684bbf5c35e28e12ebaaf9ffa6
src/Widget/spriteattachreleaseloop.cpp	Widget	simulation	world-objects,visibility,fog,presentation	9408a717e296def17bcd784dd893eb08d0d9399e
src/Widget/spriteclearmodel.cpp	Widget	simulation	world-objects,visibility,fog,presentation	a29f0ff0dea331e65074f9f3a7bb9ca9a20a98b5
src/Widget/spritecolorslot.cpp	Widget	simulation	world-objects,visibility,fog,presentation	4e29af920b1cea41ed6e6e3a2bbf47c3048bebae
src/Widget/spriteconstruct.cpp	Widget	simulation	world-objects,visibility,fog,presentation	ea4c1a2cfb8e70ade40ca94f547bbeb1665bbd8d
src/Widget/spriteflags.cpp	Widget	simulation	world-objects,visibility,fog,presentation	184c56e4101c1caa049b11a27a56d7565065ee7c
src/Widget/spritemodel.cpp	Widget	simulation	world-objects,visibility,fog,presentation	c4c03c169dd677790dc460242c6c97ca4e5d6215
src/Widget/spritemodeldetail.cpp	Widget	simulation	world-objects,visibility,fog,presentation	0812215b2f57aeeacb0f4a4be34f3263a90edb81
src/Widget/spritesethidden.cpp	Widget	simulation	world-objects,visibility,fog,presentation	43910ab4f0c864c5206045dec3c7226787537800
src/Widget/spriteteamcolor.cpp	Widget	simulation	world-objects,visibility,fog,presentation	240e5ab27531805e35152ec38bf384cba95e5daf
src/Widget/spritetimescale.cpp	Widget	simulation	world-objects,visibility,fog,presentation	f117a46d3674f44f1edb538f15fa560160594075
src/Widget/sprlinktableacquire.cpp	Widget	simulation	world-objects,visibility,fog,presentation	7811c71e1e2f05397bbcd9913a8021489853e045
src/Widget/sprresource.h	Widget	simulation	world-objects,visibility,fog,presentation	10af5e59f094e324d19d798586a700c67e4d6dc4
src/Widget/sprresource_thunks.cpp	Widget	simulation	world-objects,visibility,fog,presentation	64dd00a10a0a08712703af5dc2b908c96753fac6
src/Widget/sprresourcescratcharray.cpp	Widget	simulation	world-objects,visibility,fog,presentation	af017aa23836fa91d7ee2b412fc5cc62b896e669
src/Widget/stringref.h	Widget	simulation	world-objects,visibility,fog,presentation	b301a7b80526a3fdd554934b9b610653e176b69e
src/Widget/stringref_thunks.cpp	Widget	simulation	world-objects,visibility,fog,presentation	e5a036d57a3c4b0c77c16fb3c30633bbfd9b786b
src/Widget/stringrefacquire.cpp	Widget	simulation	world-objects,visibility,fog,presentation	184f23d0611edf7a1336e491722172c70faec4c2
src/Widget/visualattachmenttable.cpp	Widget	simulation	world-objects,visibility,fog,presentation	0ed9589aa8b408930f4f99e95e9fa0dd92ca6379
src/Widget/war3image.h	Widget	simulation	world-objects,visibility,fog,presentation	77ada044f6526e386a3f86991c2ff4f5b28cc91e
src/Widget/war3image_leaves.cpp	Widget	simulation	world-objects,visibility,fog,presentation	ae7326c0831f07d1f0e325565ad39f49b89111f5
src/Widget/widget.cpp	Widget	simulation	world-objects,visibility,fog,presentation	1abc389095d1ffdacc859314598bb289d78447e8
src/Widget/widget.h	Widget	simulation	world-objects,visibility,fog,presentation	26eb8c39811e74cd206e78111aef2c7f87242a9f
src/Widget/widget_addfootprint.cpp	Widget	simulation	world-objects,visibility,fog,presentation	d877e4f9fbcf732e5c22f2b7a53cfb915c3e4093
src/Widget/widget_deactivate.cpp	Widget	simulation	world-objects,visibility,fog,presentation	1a46c54a8d3623fe92bad2bf764fa0a3bc146a9c
src/Widget/widget_dump.cpp	Widget	simulation	world-objects,visibility,fog,presentation	a45f5272ae8395d4bbf6f9baac282c6a50c5b635
src/Widget/widget_footprintscale.cpp	Widget	simulation	world-objects,visibility,fog,presentation	3787fb92febee91754a6afcaaf185c2b917f8609
src/Widget/widget_ghostimagemaskclear.cpp	Widget	simulation	world-objects,visibility,fog,presentation	61cc61bfa56223b935f466c377fd03e64ca70902
src/Widget/widget_handlebits.cpp	Widget	simulation	world-objects,visibility,fog,presentation	73332f668b071e8daa6f5dceeaf362021d713e2b
src/Widget/widget_load.cpp	Widget	simulation	world-objects,visibility,fog,presentation	b8a46bab72e4b9f32bb70ca72a79ca3718647ec9
src/Widget/widget_loadheader.cpp	Widget	simulation	world-objects,visibility,fog,presentation	4c6974d65f6798c9ebdb5452d41823d359d5f472
src/Widget/widget_notifylifechanged.cpp	Widget	simulation	world-objects,visibility,fog,presentation	9034622881699f631d7e2902ca064d243e44fdeb
src/Widget/widget_postagentevent.cpp	Widget	simulation	world-objects,visibility,fog,presentation	963411fe0d4415a26c9d69c82ce7d549c764d7fa
src/Widget/widget_postagentevent2.cpp	Widget	simulation	world-objects,visibility,fog,presentation	358b0185df98e4536ffb4f344759fd1cb9510c73
src/Widget/widget_releaseslots.cpp	Widget	simulation	world-objects,visibility,fog,presentation	c24aef3b41c33d69a5fad2b24c91f88420c9bd45
src/Widget/widget_save.cpp	Widget	simulation	world-objects,visibility,fog,presentation	1dd333ca53ec493b4fc50c5d0e920e31060edb40
src/Widget/widget_saveheader.cpp	Widget	simulation	world-objects,visibility,fog,presentation	0dff815d686108f007ddae6add480b6cada87217
src/Widget/widget_selectioncircle.cpp	Widget	simulation	world-objects,visibility,fog,presentation	34e08ee4b9c41b086d3905ec7b8eedca598a253a
src/Widget/widget_selectiondepthcache.cpp	Widget	simulation	world-objects,visibility,fog,presentation	e93d744caa26ef0317f6a746019134831c666f98
src/Widget/widget_selectiondepthcache.h	Widget	simulation	world-objects,visibility,fog,presentation	71e21cda05245baba4e4914012ad9185d656ef19
src/Widget/widget_selectiondepthcachequery.cpp	Widget	simulation	world-objects,visibility,fog,presentation	357dfc2fa7839b9960469822a2fb0d6e2248478d
src/Widget/widget_setmodel.cpp	Widget	simulation	world-objects,visibility,fog,presentation	c9fc96ff2b5d2cd35becc43f409c4d1e99f21965
src/Widget/widget_setmodelhandle.cpp	Widget	simulation	world-objects,visibility,fog,presentation	4d6a4b47db0fa22df3ff4c56f1edfd7329d11240
src/Widget/widget_slot40.cpp	Widget	simulation	world-objects,visibility,fog,presentation	176d55aa19fb12492af85c5a46ed2206fc841767
src/Widget/widget_slot56.cpp	Widget	simulation	world-objects,visibility,fog,presentation	88837977e0bce70d8f898ae9561e4508d8dd6285
src/Widget/widget_slot61.cpp	Widget	simulation	world-objects,visibility,fog,presentation	f476e37d0cb6d4028aa414828b8497cf9ef27eb1
src/Widget/widget_slot64.cpp	Widget	simulation	world-objects,visibility,fog,presentation	7a02c7158b0054a7a55038ea8e47f6a6e634eb54
src/Widget/widget_slot65.cpp	Widget	simulation	world-objects,visibility,fog,presentation	9b372af9ec020653a4541405513c9813b8314483
src/Widget/widget_slot68.cpp	Widget	simulation	world-objects,visibility,fog,presentation	ad960ca45653658d04cfab4a27ac6d5b20fd5b59
src/Widget/widget_spriteanim.cpp	Widget	simulation	world-objects,visibility,fog,presentation	3e8aeec6b06b7490d426102f159356b52f10b6e4
src/Widget/widget_spriteflag.cpp	Widget	simulation	world-objects,visibility,fog,presentation	f0ba39e05842b00cfd6fab14aeb22413bb189b53
src/Widget/widget_spriteplay.cpp	Widget	simulation	world-objects,visibility,fog,presentation	4b745bfabb4d3b3a0cb933ebd1010c5667ecf567
src/Widget/widget_spritevisible.cpp	Widget	simulation	world-objects,visibility,fog,presentation	3f7d21764f82774a45b005ef8375d4f26ea82da8
src/Widget/widget_targetlost.cpp	Widget	simulation	world-objects,visibility,fog,presentation	47b6963291475f399415bb288bd495e7dd362417
src/Widget/widget_visibleflags.cpp	Widget	simulation	world-objects,visibility,fog,presentation	2502d82b7448342e2cb10253062a5a2e18a2bca3
src/Widget/widget_vtable_leaves.cpp	Widget	simulation	world-objects,visibility,fog,presentation	df0562a655f9ba12c3c9f0e9ccbeb0021625f193
src/Widget/widget_worldpos.cpp	Widget	simulation	world-objects,visibility,fog,presentation	fc992d44dfa94181e267c2366232242f853aee41
src/Widget/widgetagentquery.cpp	Widget	simulation	world-objects,visibility,fog,presentation	19d67d79e5e81b6220ecba52e2b4cdf40e631108
src/Widget/widgetagentquery.h	Widget	simulation	world-objects,visibility,fog,presentation	e0806d32965537a443b3daf377c8fbe4d44a657d
src/Widget/widgetagentslot.cpp	Widget	simulation	world-objects,visibility,fog,presentation	fa008e294273b72230cdf2e15a8d58f3f72e66f3
src/Widget/widgetagentslot.h	Widget	simulation	world-objects,visibility,fog,presentation	9c2e32ed1cd2a8fdb5f76be752b747acd5cc576a
src/Widget/widgetagentslot_ctor.cpp	Widget	simulation	world-objects,visibility,fog,presentation	5caefe176e6d273c27771ac4e2d8ece9403f2bde
src/Widget/widgetagentslotarray.cpp	Widget	simulation	world-objects,visibility,fog,presentation	9c3b759771819612951ba9f0cb17449060b12ada
src/Widget/widgetagentsubmit.cpp	Widget	simulation	world-objects,visibility,fog,presentation	7eb18754fbc99a8ffc8156e3359adab690174bc6
src/Widget/widgetfootprint.h	Widget	simulation	world-objects,visibility,fog,presentation	c69db9571b4c6659ab0da7bbc4ab4788516593f4
src/Widget/widgetfootprintapply.cpp	Widget	simulation	world-objects,visibility,fog,presentation	468a2cc45e46b9bb2cd5aa00a10e52e4b7b5c6eb
src/Widget/widgetfootprintregion.cpp	Widget	simulation	world-objects,visibility,fog,presentation	4910af95891997b1db415694ab57deb5a3127add
src/Widget/widgetfootprintremove.cpp	Widget	simulation	world-objects,visibility,fog,presentation	8ef68d3d9502b8baf0cd63575c5e35f5ed25b6c6
src/Widget/widgetfootprintshape.cpp	Widget	simulation	world-objects,visibility,fog,presentation	0ddff681dd22b0091b35e6b2810100f35f0df82c
src/Widget/widgetinitsprite.cpp	Widget	simulation	world-objects,visibility,fog,presentation	7854b792167d307600d8c9c757607069b8aff81d
src/Widget/widgetlinkedfieldaccessor.cpp	Widget	simulation	world-objects,visibility,fog,presentation	2aa8f342cdb1acb75ed64782ddbed3c433cb920e
src/Widget/widgetlistunlinkall.cpp	Widget	simulation	world-objects,visibility,fog,presentation	175cf663a2441e3f7c06a8da7331aaf660eeb57d
src/Widget/widgetnegateforward.cpp	Widget	simulation	world-objects,visibility,fog,presentation	1f28e3cad57981af7a5269ff5775cd25dd9a6d75
src/Widget/widgetoffsetposition.cpp	Widget	simulation	world-objects,visibility,fog,presentation	0325ba72913159e63ad3869f0bcc98c030ad8c9f
src/Widget/widgetoffsetrandom.cpp	Widget	simulation	world-objects,visibility,fog,presentation	cc3c86eea4fd170860d52d76aafe08b967cce4a4
src/Widget/widgetoffsetsourceapply.cpp	Widget	simulation	world-objects,visibility,fog,presentation	d8492d377abae81d2c7922d4cc3bff65219ed0b8
src/Widget/widgetoffsetvec3math.cpp	Widget	simulation	world-objects,visibility,fog,presentation	cd035f37867a41ea333d5ea9fa0490ff90fcab4d
src/Widget/widgetowningplayer.cpp	Widget	simulation	world-objects,visibility,fog,presentation	77b859c67ce65efd5be620276f954f1a9fb21fc0
src/Widget/widgetpathref.cpp	Widget	simulation	world-objects,visibility,fog,presentation	38f7f7f5e102a4d8224185ee55a382b833197fcf
src/Widget/widgetpathrefadjust.cpp	Widget	simulation	world-objects,visibility,fog,presentation	b419a147e0a1e583122e1524fdcea3f26261d07d
src/Widget/widgetpathrefadjust.h	Widget	simulation	world-objects,visibility,fog,presentation	edb3b6121e6cfddcebd985045d0f6d224f904598
src/Widget/widgetplayer.cpp	Widget	simulation	world-objects,visibility,fog,presentation	8edd1e4042d1878a35c65b094ba6f337698db119
src/Widget/widgetplayerstore.cpp	Widget	simulation	world-objects,visibility,fog,presentation	7ee99180280ee1a6aa09ee195b391038f41cc7b4
src/Widget/widgetrefreshplacement.cpp	Widget	simulation	world-objects,visibility,fog,presentation	32ab60dda4cf13564a5c81e03d5e8b9dcf9b3e06
src/Widget/widgetregisterquery.cpp	Widget	simulation	world-objects,visibility,fog,presentation	84b846056279648318516f8ef5e3a2dbe36eb54e
src/Widget/widgetregistersubmit.cpp	Widget	simulation	world-objects,visibility,fog,presentation	406872b9a1c8e57c911946f7eb5d8fe03daadbc0
src/Widget/widgetregistersubmit.h	Widget	simulation	world-objects,visibility,fog,presentation	4313293e4cda8221eb963f5ddb3daacf190e2ef9
src/Widget/widgetscheduledpicker.cpp	Widget	simulation	world-objects,visibility,fog,presentation	415baa8f094cd6ccea70f67077cec69a660e9711
src/Widget/widgetsoundchannelstatus.cpp	Widget	simulation	world-objects,visibility,fog,presentation	89526b1caa952334f321133e9041eefb9602baf2
src/Widget/widgetsoundlabel.cpp	Widget	simulation	world-objects,visibility,fog,presentation	f3243a650592a9a55fc9bf4987c2e6b18ef9a6df
src/Widget/widgetsoundplayflags.cpp	Widget	simulation	world-objects,visibility,fog,presentation	808147ad751b751add3b5aec0552c53570ab41f9
src/Widget/widgetsprite.cpp	Widget	simulation	world-objects,visibility,fog,presentation	4cc267abf637856d414576496cc83da420d6231f
src/Widget/widgetterrainprobe.cpp	Widget	simulation	world-objects,visibility,fog,presentation	6443f8b3aa9567d10175a49fc141bdd52c03bce9
src/Widget/widgetvisibility.cpp	Widget	simulation	world-objects,visibility,fog,presentation	87e58b99633db87c06a5e0b6b29b5577da565289
src/Widget/widgetvisibilitygate.cpp	Widget	simulation	world-objects,visibility,fog,presentation	4d1bf732119b6642ccb87888d293fde47a6a0442
src/Window/blockingwindow.cpp	Window	presentation	platform,input,window	3b2ce68dfc38122cb82e4500f21f6ae7cc51d196
src/Window/blockingwindowtimer.cpp	Window	presentation	platform,input,window	72b73bdc995a9cf98f1f06d673d41a9fe6073349
src/Window/gxdeviceopengl.h	Window	presentation	platform,input,window	8c6b2361cd40af88907ab921918463eb278451e6
src/Window/gxdeviceopenglctxthunks.cpp	Window	presentation	platform,input,window	d778e67796095dc41565cb934404f4fea23c78eb
src/Window/gxdeviceopenglwndproc.cpp	Window	presentation	platform,input,window	10c70201bc7d7540968056d4ac65dbad8aa1f5ff
src/Window/imeimportstubs.cpp	Window	presentation	platform,input,window	b87b4153f3c11acc918ac7e8fb67f67824a0e6cb
src/Window/messageboxprompt.cpp	Window	presentation	platform,input,window	0f233f4de39e1b97840457a44753e09dbcb32e8b
src/Window/oslocaleid.cpp	Window	presentation	platform,input,window	ac4c52111012e6f89dd54ea8dcbf6f89294f50d0
src/Window/wininputbridge.cpp	Window	presentation	platform,input,window	47a9ef8a48f850b7111e6e0dfa7aedc0aad5a70b
src/Window/wininputbridge.h	Window	presentation	platform,input,window	6813f61e364ef93df127dea7331fca9883d98d9f
src/Window/wininputpump.cpp	Window	presentation	platform,input,window	e736aa5bb6d92535b55e628793645813e4635f03
src/Window/winkeymodifierstate.cpp	Window	presentation	platform,input,window	6a4c989fa4192954dfae767ba73c6d60fa2b6d3e
src/Window/winmousehelpers.cpp	Window	presentation	platform,input,window	9355114b4835c84c5c970089620b34ce16343788
src/Window/winvkeyremap.cpp	Window	presentation	platform,input,window	f5836338c1a9ce74cdcd07c89ce9951c9059db2c
